Id,Name,Type,Price,Mall,2026-09-29 06:06:39
10455540,NZXT KRAKEN Z63,,385000,85몰,
18061535,darkFlash AURA DA-280 RGB,화이트,75040,105몰,
19059248,DEEPCOOL LT720,화이트,113510,100몰,
19306217,LEADCOOL SU LTC-240 ARGB,블랙,83100,117몰,
20037764,JONSBO TG-360 ARGB,블랙,74800,143몰,
20037935,JONSBO TG-360 ARGB,화이트,74800,129몰,
20062160,Phanteks GLACIER ONE 360 T30 V2,,287370,61몰,
20482607,발키리 C480 ARGB,블랙,149387,113몰,
20482646,발키리 C480 ARGB,화이트,148900,126몰,
20565833,발키리 GL360 ARGB,블랙,158140,167몰,
20565869,발키리 GL360 ARGB,화이트,163860,170몰,
28485095,darkFlash NEBULA DN-360 ARGB,블랙,80740,175몰,
28485173,darkFlash NEBULA DN-360 ARGB,화이트,65000,154몰,
28485527,darkFlash NEBULA DN-240 ARGB,블랙,62900,142몰,
28485641,darkFlash NEBULA DN-240 ARGB,화이트,63800,150몰,
30158024,리안리 GALAHAD II LCD 280,블랙,251540,116몰,
30158075,리안리 GALAHAD II LCD 280,화이트,251540,9몰,
30158225,리안리 GALAHAD II LCD 360,블랙,329820,64몰,
31996439,잘만 Alpha II A36,블랙,123560,52몰,
31996460,잘만 Alpha II A36,화이트,125990,136몰,
31996526,잘만 Alpha II A24,블랙,97900,86몰,
31996583,잘만 Alpha II A24,화이트,99890,128몰,
32867126,쿨러마스터 MASTERLIQUID 240 ATMOS,블랙,151920,79몰,
32867237,쿨러마스터 MASTERLIQUID 360 ATMOS,블랙,178000,87몰,
32867279,쿨러마스터 MASTERLIQUID 360 ATMOS,화이트,183980,81몰,
37479944,Thermalright AQUA ELITE 360 ARGB V3 서린,블랙,86000,2몰,
37480442,Thermalright AQUA ELITE 360 ARGB V3 서린,화이트,83500,105몰,
37926086,GIGABYTE AORUS 워터포스 II 360,,149000,1몰,
37926248,GIGABYTE AORUS 워터포스 X II 360,,299000,4몰,
37926290,GIGABYTE AORUS 워터포스 X II 360 ICE,,297990,22몰,
40722305,쿨러마스터 MASTERLIQUID 240 ATMOS,화이트,160920,77몰,
42725942,Thermalright FROZEN WARFRAME 360 ARGB 서린,화이트,121180,1몰,
49742468,GAMDIAS AURA GL360 V2,블랙,77380,123몰,
49742474,GAMDIAS AURA GL360 V2,화이트,82240,116몰,
51816119,DEEPCOOL MYSTIQUE 240,,142600,105몰,
60168752,3RSYS Socoool BYK 480 ARGB,블랙,95790,132몰,
60239276,리안리 Hydroshift LCD 360S,블랙,242830,8몰,
60239294,리안리 Hydroshift LCD 360S,화이트,265760,3몰,
62273768,PCCOOLER CPS DA360 ARGB,블랙,69900,18몰,
63032360,Thermalright FROZEN WARFRAME 420 ARGB 서린,블랙,174690,29몰,
63032366,Thermalright FROZEN WARFRAME 420 ARGB 서린,화이트,175030,98몰,
63064838,CORSAIR iCUE LINK TITAN 360 RX RGB,블랙,230860,92몰,
63066215,CORSAIR iCUE LINK TITAN 360 RX RGB,화이트,239470,35몰,
63143258,DEEPCOOL MYSTIQUE 360,화이트,169000,5몰,
64377647,darkFlash NEBULA DN-360D ARGB,블랙,90410,181몰,
64377734,darkFlash NEBULA DN-360D ARGB,화이트,96040,172몰,
64377851,darkFlash NEBULA DN-360S ARGB,블랙,127000,36몰,
64377899,darkFlash NEBULA DN-360S ARGB,화이트,132460,160몰,
67373048,Thermalright FROZEN MAGIC 120 V2,,72910,77몰,
67576196,MSI MAG 코어리퀴드 I360,블랙,117450,171몰,
67576733,MSI MAG 코어리퀴드 I360,화이트,129030,178몰,
70003022,CORSAIR NAUTILUS 360 RS,,124160,98몰,
70003097,CORSAIR NAUTILUS 360 RS ARGB,블랙,137070,118몰,
70003151,CORSAIR NAUTILUS 360 RS ARGB,화이트,137850,119몰,
70003505,CORSAIR iCUE LINK TITAN 360 RX LCD,블랙,249640,108몰,
70003538,CORSAIR iCUE LINK TITAN 360 RX LCD,화이트,248180,103몰,
71010143,앱코 포세이돈 P360 ARGB,블랙,56900,73몰,
71010200,앱코 포세이돈 P360 ARGB,화이트,62900,75몰,
71723663,ASUS PRIME LC 360 ARGB,블랙,106560,86몰,
71903855,Thermalright AQUA ELITE 360 ARGB V3 벌크 서린,블랙,75990,106몰,
71903879,Thermalright AQUA ELITE 360 ARGB V3 벌크 서린,화이트,75000,93몰,
72063830,발키리 B360 LCD ARGB,블랙,134850,3몰,
72064043,발키리 B360 LCD ARGB,화이트,123780,93몰,
72973778,이엠텍 레드빗 ICEFULL 360 ARGB,,84110,109몰,
72979304,Thermalright AQUA ELITE 240 ARGB V3 벌크 서린,블랙,54020,99몰,
72979319,Thermalright AQUA ELITE 240 ARGB V3 벌크 서린,화이트,54020,109몰,
73250885,PCCOOLER CPS DC360 PRO ARGB DISPLAY,블랙,129000,136몰,
73250906,PCCOOLER CPS DC360 PRO ARGB DISPLAY,화이트,129000,136몰,
73325060,잘만 ALPHA II DS A36,블랙,167720,139몰,
73325135,잘만 ALPHA II DS A36,화이트,185000,137몰,
73325201,잘만 ALPHA II DS A24,블랙,152310,128몰,
73325219,잘만 ALPHA II DS A24,화이트,155820,128몰,
75466031,쿨러마스터 MASTERLIQUID 360 ATMOS Stealth,,164100,79몰,
75466196,JONSBO TH-360,블랙,94090,139몰,
75466220,JONSBO TH-360,화이트,94140,158몰,
75470138,TRYX PANORAMA 3D SE 360,블랙,332900,125몰,
75470159,TRYX PANORAMA 3D SE 360,화이트,332900,168몰,
76332155,발키리 B240 LCD ARGB,블랙,105080,10몰,
76332176,발키리 B240 LCD ARGB,화이트,104990,71몰,
76465346,ID-COOLING FX 240 INF 데이븐,블랙,62500,166몰,
76465355,ID-COOLING FX 240 INF 데이븐,화이트,62500,90몰,
76465400,ID-COOLING FX 360 INF 데이븐,블랙,80637,88몰,
76465406,ID-COOLING FX 360 INF 데이븐,화이트,85426,87몰,
76512557,MSI MAG 코어리퀴드 A13 240,블랙,65000,19몰,
76512572,MSI MAG 코어리퀴드 A13 240,화이트,68310,132몰,
76512596,MSI MAG 코어리퀴드 A13 360,블랙,73730,110몰,
76512758,MSI MAG 코어리퀴드 A13 360,화이트,77120,152몰,
77019449,DEEPCOOL LE360 V2 ARGB,블랙,85750,108몰,
77859836,NZXT KRAKEN ELITE V2 240 RGB,블랙,291000,116몰,
77859866,NZXT KRAKEN ELITE V2 240 RGB,화이트,315270,122몰,
77860097,NZXT KRAKEN ELITE V2 360,블랙,333870,37몰,
77860247,NZXT KRAKEN ELITE V2 360 RGB,블랙,342640,92몰,
77860325,NZXT KRAKEN ELITE V2 360 RGB,화이트,385000,100몰,
78312266,ID-COOLING FX 360 INF 데이븐,핑크,142020,78몰,
78534764,DEEPCOOL LQ360 ULTRA,블랙,171190,98몰,
78976205,NZXT KRAKEN ELITE V2 240,,278070,111몰,
78976523,darkFlash WAVE DH-360D ARGB,블랙,92950,130몰,
78976547,darkFlash WAVE DH-360D ARGB,화이트,94040,135몰,
78976814,NZXT KRAKEN 360 RGB,블랙,250170,105몰,
78976901,NZXT KRAKEN 360 RGB,화이트,229900,29몰,
79553213,TRYX PANORAMA 3D PRO 360 2025,블랙,527100,131몰,
79553228,TRYX PANORAMA 3D PRO 360 2025,화이트,527100,93몰,
79553339,TRYX PANORAMA 3D ARGB 360 2025,블랙,548880,94몰,
79553357,TRYX PANORAMA 3D ARGB 360 2025,화이트,548880,94몰,
79558349,NZXT KRAKEN 360,,294850,3몰,
79559816,NZXT KRAKEN ELITE 360 RGB,블랙,399000,3몰,
79560122,NZXT KRAKEN ELITE V2 280 RGB,화이트,349450,104몰,
81037499,DEEPCOOL LE360 V2 ARGB,화이트,85010,109몰,
89526308,DEEPCOOL LE240 V2 ARGB,블랙,77090,102몰,
89526341,DEEPCOOL LE240 V2 ARGB,화이트,98750,1몰,
89529788,리안리 GALAHAD II Lite Performance 360,,179000,8몰,
89529911,리안리 GALAHAD II Lite RGB 360,,179000,110몰,
89603153,리안리 Hydroshift LCD 360 non fan,블랙,208040,5몰,
89612948,GIGABYTE GAMING 360 ICE,,99000,9몰,
90156470,Thermalright Hyper Vision 360 ARGB 서린,블랙,251540,92몰,
90156497,Thermalright Hyper Vision 360 ARGB 서린,화이트,251540,106몰,
90955568,NZXT KRAKEN ELITE V2 420 RGB,블랙,361130,104몰,
90955589,NZXT KRAKEN ELITE V2 420 RGB,화이트,361130,110몰,
90955772,NZXT KRAKEN PLUS 240,,167630,90몰,
90955871,NZXT KRAKEN PLUS 280,,191000,100몰,
90955955,NZXT KRAKEN PLUS 360,,231300,124몰,
90956174,NZXT KRAKEN PLUS 240 RGB,블랙,189720,112몰,
90956255,NZXT KRAKEN PLUS 240 RGB,화이트,189220,115몰,
90956384,NZXT KRAKEN PLUS 360 RGB,블랙,249670,114몰,
90956414,NZXT KRAKEN PLUS 360 RGB,화이트,249670,125몰,
91351430,DEEPCOOL LQ360 ULTRA,화이트,171850,92몰,
92045246,ARCTIC Liquid Freezer III PRO 360 서린,,164010,3몰,
92045591,ARCTIC Liquid Freezer III PRO 360 A-RGB 서린,블랙,187000,7몰,
92045609,ARCTIC Liquid Freezer III PRO 360 A-RGB 서린,화이트,193380,4몰,
93381869,be quiet SILENT LOOP 3 240,,172370,75몰,
93382205,be quiet SILENT LOOP 3 420,,251530,76몰,
94024913,발키리 B360-GT LCD ARGB,블랙,140000,126몰,
94024940,발키리 B360-GT LCD ARGB,화이트,143100,132몰,
94025072,Thermalright Mjolnir Vision 360 ARGB 벌크 서린,블랙,160900,1몰,
94025141,Thermalright Mjolnir Vision 360 ARGB 벌크 서린,화이트,161900,87몰,
94028993,Thermalright FROZEN HORIZON 360 ARGB V2 서린,블랙,149000,1몰,
94029023,Thermalright FROZEN HORIZON 360 ARGB V2 서린,화이트,129680,9몰,
94450799,ARCTIC Liquid Freezer III PRO 420 서린,블랙,154100,93몰,
94450808,ARCTIC Liquid Freezer III PRO 420 A-RGB 서린,블랙,162730,100몰,
94450811,ARCTIC Liquid Freezer III PRO 420 A-RGB 서린,화이트,208000,7몰,
94450814,ARCTIC Liquid Freezer III PRO 240 서린,블랙,120980,95몰,
94450823,ARCTIC Liquid Freezer III PRO 240 A-RGB 서린,블랙,153200,81몰,
95525072,darkFlash 아쿠아루믹 DL-360 ARGB,블랙,60920,137몰,
95525099,darkFlash 아쿠아루믹 DL-360 ARGB,화이트,64910,140몰,
95846972,쿨러마스터 MASTERLIQUID 360 ATMOS II VRM Fan,블랙,171370,98몰,
95847107,쿨러마스터 MASTERLIQUID 360 ATMOS II VRM Fan,화이트,175530,104몰,
95847233,쿨러마스터 MASTERLIQUID 360 ATMOS II LCD,블랙,190710,108몰,
95847245,쿨러마스터 MASTERLIQUID 360 ATMOS II LCD,화이트,198970,71몰,
95848784,쿨러마스터 MASTERLIQUID 240 ATMOS II LCD,블랙,170600,80몰,
96260180,CORSAIR NAUTILUS 360 RS LCD,블랙,184970,90몰,
96260189,CORSAIR NAUTILUS 360 RS LCD,화이트,184960,88몰,
96260531,CORSAIR NAUTILUS 240 RS LCD,블랙,199000,4몰,
96260573,CORSAIR NAUTILUS 240 RS LCD,화이트,147300,84몰,
96425942,MAXTILL MAX3100 ARGB,블랙,107610,89몰,
96425975,MAXTILL MAX3100 ARGB,화이트,111070,89몰,
96584288,DEEPCOOL LM360,블랙,133850,17몰,
96584300,DEEPCOOL LM360,화이트,135800,87몰,
96652091,Thermalright TROFEO VISION 360 ARGB,블랙,242840,107몰,
96652106,Thermalright TROFEO VISION 360 ARGB,화이트,279000,7몰,
96652325,Thermalright WONDER VISION 360 UB ARGB,블랙,346750,88몰,
96652343,Thermalright WONDER VISION 360 UB ARGB,화이트,346750,89몰,
96854528,ARCTIC Liquid Freezer III PRO 280 서린,블랙,132130,54몰,
96854585,ARCTIC Liquid Freezer III PRO 280 A-RGB 서린,블랙,145400,93몰,
96854627,ARCTIC Liquid Freezer III PRO 280 A-RGB 서린,화이트,154100,7몰,
97357052,ID-COOLING FX240 LCD 데이븐,블랙,86320,84몰,
97357070,ID-COOLING FX240 LCD 데이븐,화이트,85580,88몰,
97357136,ID-COOLING FX360 LCD 데이븐,블랙,95140,89몰,
97357361,ID-COOLING FX360 LCD 데이븐,화이트,100870,88몰,
97364228,쿨러마스터 MASTERLIQUID 360 CORE NEX ARGB,블랙,85100,68몰,
97364258,쿨러마스터 MASTERLIQUID 360 CORE NEX ARGB,화이트,91300,66몰,
97849274,3RSYS 라니 FC 360 ARGB,블랙,158100,116몰,
97851518,3RSYS 라니 FC 360 ARGB,화이트,158100,114몰,
98088437,리안리 Hydroshift II LCD-C 360CL,블랙,268930,101몰,
98088452,리안리 Hydroshift II LCD-C 360CL,화이트,309000,18몰,
98088569,리안리 Hydroshift II LCD-C 360TL,블랙,364690,99몰,
98088593,리안리 Hydroshift II LCD-C 360TL,화이트,419000,2몰,
98088686,리안리 Hydroshift II LCD-C 360N,블랙,262210,7몰,
98088701,리안리 Hydroshift II LCD-C 360N,화이트,260280,77몰,
98180129,잘만 ALPHA II SE A36,블랙,82900,114몰,
98180150,잘만 ALPHA II SE A36,화이트,84000,123몰,
98180198,잘만 ALPHA II SE A24,블랙,71000,111몰,
98180225,잘만 ALPHA II SE A24,화이트,75100,116몰,
98486285,NZXT Kraken Core 240 RGB,블랙,73041,72몰,
98759678,JONSBO TF3-360SC,블랙,267700,94몰,
98759693,JONSBO TF3-360SC,화이트,267800,96몰,
98780315,3RSYS 라니 WV 360 ARGB,블랙,162750,126몰,
98780345,3RSYS 라니 WV 360 ARGB,화이트,162750,123몰,
98924354,Antec Skeleton 360 ARGB,블랙,99000,1몰,
98924360,Antec Skeleton 360 ARGB,화이트,104000,13몰,
99322658,ARCTIC Liquid Freezer III PRO 240 A-RGB 서린,화이트,154270,78몰,
99322973,발키리 GLA-360 DIGITAL ARGB,블랙,89840,134몰,
99322988,발키리 GLA-360 DIGITAL ARGB,화이트,95350,100몰,
99710576,리안리 GALAHAD II LCD 280 UNI FAN TL Wireless,블랙,291330,78몰,
99710594,리안리 GALAHAD II LCD 280 UNI FAN TL Wireless,화이트,259880,85몰,
100759091,잘만 Alpha II V2 A36,블랙,119000,83몰,
100845647,잘만 Alpha II V2 A36,화이트,128100,95몰,
100845704,잘만 Alpha II V2 A24,블랙,94900,97몰,
100845719,잘만 Alpha II V2 A24,화이트,99900,93몰,
101955788,Thermalright FROZEN HORIZON 360 Digital ARGB 서린,블랙,85240,103몰,
101955806,Thermalright FROZEN HORIZON 360 Digital ARGB 서린,화이트,85240,96몰,
101955989,Thermalright Rainbow Vision 360 Turbo ARGB,블랙,416890,100몰,
101955992,Thermalright Rainbow Vision 360 Turbo ARGB,화이트,416890,86몰,
102883715,darkFlash EXPLORE DE360 ARGB,블랙,130070,131몰,
102883718,darkFlash EXPLORE DE360 ARGB,화이트,129270,130몰,
103128641,앱코 포세이돈 P360L LCD ARGB 디스플레이,블랙,114000,59몰,
103128689,앱코 포세이돈 P360L LCD ARGB 디스플레이,화이트,125000,62몰,
104616686,TRYX STAGE ARGB 360,화이트,268770,76몰,
104616689,TRYX STAGE ARGB 360,블랙,268770,78몰,
106721621,3RSYS 라니 SF 360 ARGB,블랙,121940,113몰,
106721630,3RSYS 라니 SF 360 ARGB,화이트,121940,110몰,
106721636,3RSYS 라니 SF 360N PWM,블랙,117180,108몰,
106721645,3RSYS 라니 SF 360N PWM,화이트,117180,108몰,
106721654,3RSYS 라니 SF 480N PWM,블랙,156240,93몰,
106721681,JIUSHARK JK-S360 Crescent ARGB,블랙,72900,14몰,
106721684,JIUSHARK JK-S360 Crescent ARGB,화이트,70500,79몰,
106735007,DEEPCOOL LT360 VISION ARGB,블랙,144590,92몰,
108420584,DEEPCOOL LE360 V2 ZERO DARK,블랙,89000,59몰,
109680959,리안리 Hydroshift II LCD-S 360N,블랙,240830,10몰,
109680974,리안리 Hydroshift II LCD-S 360N,화이트,244740,8몰,
122621103,발키리 N360 AMOLED ARGB,블랙,288680,122몰,
122621105,발키리 N360 AMOLED ARGB,화이트,295000,104몰,
122628555,마이크로닉스 ICEROCK CL-360,블랙,54750,99몰,
122628579,마이크로닉스 ICEROCK CL-360,화이트,59430,108몰,
122628603,마이크로닉스 ICEROCK EL-360 DIGITAL,블랙,69350,105몰,
122628613,마이크로닉스 ICEROCK EL-360 DIGITAL,화이트,73000,99몰,
122635292,Thermalright LEVITA VISION 360 ARGB,블랙,300030,81몰,
122635317,Thermalright LEVITA VISION 360 ARGB,화이트,300030,90몰,
122635400,DEEPCOOL SPARTACUS 360,블랙,193030,86몰,
122638275,darkFlash WAVE DV360S MAX ARGB 디스플레이,블랙,114000,121몰,
122638295,darkFlash WAVE DV360S MAX ARGB 디스플레이,화이트,118000,115몰,
122643994,DEEPCOOL LT360 VISION ARGB,화이트,150350,80몰,
122648784,쿨러마스터 MasterLiquid Core LCD 4인치 360 ARGB,블랙,141200,86몰,
122648791,쿨러마스터 MasterLiquid Core LCD 4인치 360 ARGB,화이트,141200,68몰,
122648913,쿨러마스터 MasterLiquid 360 Atmos II Stealth,블랙,180950,88몰,
122648937,쿨러마스터 MasterLiquid 240 Atmos II Stealth,블랙,156400,73몰,
122681829,ARCTIC Liquid Freezer III PRO 420 피씨디렉트,블랙,170200,65몰,
122685452,JONSBO TH-240,블랙,85400,64몰,
122692436,Thermalright W360 EPYC SP6 듀얼 서린,블랙,343100,53몰,
122707799,ASUS ROG STRIX LC IV 360 ARGB LCD 대원씨티에스,블랙,340000,10몰,
122707808,ASUS ROG STRIX LC IV 360 ARGB LCD 대원씨티에스,화이트,316530,65몰,
122708107,ASUS ROG STRIX SLC IV 360 ARGB LCD 대원씨티에스,블랙,332260,19몰,
122710698,NOCTUA NL-LC1-36,,421290,65몰,
122710858,SNOWMAN 인피니티 KS360 ARGB,블랙,57900,85몰,
122710862,SNOWMAN 인피니티 KS360 ARGB,화이트,58560,86몰,
122710921,TRYX PANORAMA 3D SE 240,블랙,391190,68몰,
122710930,TRYX PANORAMA 3D SE 240,화이트,391190,65몰,
122728501,쿨러마스터 MasterLiquid Core LCD 6인치 360 ARGB,블랙,183990,81몰,
122728507,쿨러마스터 MasterLiquid Core LCD 6인치 360 ARGB,화이트,188410,62몰,
122829075,SilverStone SST-XE360-TR5-V2 마이크로닉스,,564290,62몰,
122930512,리안리 HydroShift II OLED Curved 360TL,블랙,639000,1몰,
122930541,리안리 HydroShift II OLED Curved 360TL,화이트,625970,47몰,
122930556,리안리 HydroShift II OLED Curved 360P28,블랙,507900,49몰,
122930566,리안리 HydroShift II OLED Curved 360P28,화이트,507900,63몰,
123235201,GIGABYTE EAGLE 360,,77320,45몰,
123235229,GIGABYTE EAGLE 360 ICE,,77320,45몰,
123589017,TCOMAS CUBE 360 ARGB,블랙,194000,93몰,
123589031,TCOMAS CUBE 360 ARGB,화이트,194000,94몰,
123589117,TCOMAS EXIT D3 PRO 360 ARGB,블랙,517000,87몰,
123589136,TCOMAS EXIT D3 PRO 360 ARGB,화이트,517000,84몰,
123589153,TCOMAS NEOX PRO 360 AMOLED ARGB,블랙,517000,87몰,
123589157,TCOMAS NEOX PRO 360 AMOLED ARGB,화이트,517000,88몰,
123605055,TCOMAS EDGE DUAL LCD 360 ARGB,블랙,348000,84몰,
123605067,TCOMAS EDGE DUAL LCD 360 ARGB,화이트,348000,88몰,
123605101,TCOMAS LE200 360 ARGB,블랙,144000,82몰,
123605287,TCOMAS LE200 360 ARGB,화이트,144000,83몰,
123621811,Antec VORTEX VIEW 360,블랙,291100,13몰,
123696477,PCCOOLER CPS LR360S,블랙,370000,37몰,
123803831,PCCOOLER CPS DV360 ARGB DISPLAY,블랙,305970,39몰,
123803841,PCCOOLER CPS DV360 ARGB DISPLAY,화이트,305970,34몰,
123981480,러빙쿨 SC70-Third Place ARGB LCD 360,블랙,270000,14몰,
123981491,러빙쿨 SC70-Third Place ARGB LCD 360,화이트,275000,33몰,
123982409,러빙쿨 AK-360-03 ARGB 디지털 3열 수랭쿨러,블랙,67000,45몰,
123982415,러빙쿨 AK-360-03 ARGB 디지털 3열 수랭쿨러,화이트,72000,43몰,
123982461,러빙쿨 AK-240-03 ARGB 디지털 2열 수랭쿨러,화이트,67000,40몰,
123982468,러빙쿨 AK-240-03 ARGB 디지털 2열 수랭쿨러,블랙,62000,39몰,
123982498,러빙쿨 HK-360-01 ARGB 3열 수랭쿨러,블랙,54000,46몰,
123982539,러빙쿨 HK-360-01 ARGB 3열 수랭쿨러,화이트,59000,44몰,
123982548,러빙쿨 HK-240-01 ARGB 2열 수랭쿨러,블랙,52000,42몰,
123982557,러빙쿨 HK-240-01 ARGB 2열 수랭쿨러,화이트,57000,39몰,
123982577,러빙쿨 DP-360-01 ARGB LCD 3열 수랭쿨러,블랙,105000,44몰,
123982582,러빙쿨 DP-360-01 ARGB LCD 3열 수랭쿨러,화이트,109000,46몰,
124046449,Antec Luna 360 ARGB,블랙,59000,16몰,
124046458,Antec Luna 360 ARGB,화이트,62000,16몰,
124046484,Antec Ultra 360 ARGB,블랙,54000,16몰,
124046496,Antec Ultra 360 ARGB,화이트,59000,16몰,
124046524,Antec Skeleton Matrix 360 ARGB,블랙,100080,15몰,
124115920,TRYX HOLO ARGB 360,블랙,260910,50몰,
124115928,TRYX HOLO ARGB 360,화이트,260910,50몰,
124153588,PCCOOLER CPS DT360 MAX ARGB DISPLAY,블랙,269000,41몰,
124167979,리안리 Hydroshift II LCD-S 360TL FLEX,블랙,385100,12몰,
124167986,리안리 Hydroshift II LCD-S 360TL FLEX,화이트,385100,12몰,
124168015,리안리 Hydroshift II LCD-C 360TL FLEX,블랙,439000,10몰,
124168022,리안리 Hydroshift II LCD-C 360TL FLEX,화이트,439000,22몰,
124198572,MSI MPG 코어리퀴드 P22 360,블랙,120450,67몰,
124199131,MSI MPG 코어리퀴드 P22 360,화이트,129030,60몰,
124237437,발키리 MA360 루빅큐브 ARGB,화이트,가격비교예정,0몰,
124237454,발키리 MA360 루빅큐브 ARGB,블랙,가격비교예정,0몰,
124238751,ARCTIC Liquid Freezer WS360-SP5 서린,블랙,323110,36몰,
124238758,ARCTIC Liquid Freezer WS360-SP6 서린,블랙,304040,38몰,
124259992,TCOMAS EXIT D3 360 ARGB,화이트,388660,18몰,
124260003,TCOMAS EXIT D3 360 ARGB,블랙,388660,15몰,
124260019,TCOMAS NEOX 360 ARGB,화이트,388660,14몰,
124260031,TCOMAS NEOX 360 ARGB,블랙,388660,15몰,
