Id,Name,Type,Price,Mall,2026-09-29 21:16:09
143925,잘만 CNPS9500 AT,,90000,1몰,
157080,디직스 아이스피아 300-775 LED,,4550,10몰,
284022,잘만 CNPS9700 LED,,90000,1몰,
892975,COOLERTEC ICECAP AM2 SILENT WHITE,,6160,75몰,
1174153,COOLERTEC CT-1156-1U-Blower (PWM),,27960,66몰,
1206375,잘만 CNPS9900 MAX 블루,,90000,1몰,
1206389,인텔 소켓1156 정품,일반형,4560,95몰,
1279962,Thermalright TRUE Spirit Ni,,53000,3몰,
1363740,XIGMATEK Gaia SD1283,,34900,4몰,
1536172,Thermalright True Spirit 140,,60000,3몰,
1959996,XIGMATEK Dark Knight SD1283 Night Hawk Edition,,54500,5몰,
2232721,Thermalright AXP-200,,118000,1몰,
2405745,GELID SLIMHERO,,41000,3몰,
2633155,EVERCOOL EC115X-BLUE LED,,11840,75몰,
2700232,REEVEN HANS,,55000,3몰,
2843184,XIGMATEK LOKI II,,27400,3몰,
2852606,Thermalright Archon IB-E X2,,127410,2몰,
2934619,NOCTUA NH-D9L,,92180,81몰,
2934642,NOCTUA NH-U9S,,100680,86몰,
2935655,COOLERTEC CT-2011-2U (PWM),,42470,72몰,
2976757,REEVEN OURANOS,,72000,3몰,
2996635,NOCTUA NH-D15,,165980,97몰,
3102434,GELID SNOWSTORM,,30000,3몰,
3125086,GELID TRANQUILLO Rev.3,,43000,3몰,
3125149,GELID SLIM SILENCE AM1,,27000,3몰,
3131104,NOCTUA NH-L9x65,,95500,83몰,
3154741,EVERCOOL EC155A-915BP SLIM,,14230,92몰,
3214925,NOCTUA NH-C14S,,131840,79몰,
3214929,NOCTUA NH-D15S,,147060,80몰,
3321967,COOLERTEC ALPHA-500 CU,,42420,63몰,
3356578,CRYORIG H5 ULTIMATE,,70500,6몰,
3401607,SCYTHE IORI,,42360,16몰,
3425024,인텔 인텔 115X 정품,,4780,141몰,
3531783,DEEPCOOL GAMMAXX 200T,,19800,1몰,
3559009,EVERCOOL MCI02-510BA,,30000,69몰,
3662668,Thermalright Macho Zero,,91000,2몰,
3727757,써모랩 VA2011-1U,,36840,11몰,
3772008,쿨러마스터 MASTERAIR MAKER 8,,195000,3몰,
3777900,Thermalright Silver Arrow ITX,,124900,3몰,
4255158,GELID ANTARCTICA,,65500,3몰,
4359705,인텔 소켓1156 정품,고급형,5600,47몰,
4631853,AMD 정품 쿨러,,1600,35몰,
4673723,Thermalright TRUE Spirit 140 Direct,,64000,3몰,
4673746,Thermalright AXP-100RH,,87890,1몰,
5303268,DEEPCOOL GAMMAXX 300R LED,,25000,3몰,
5592367,NOCTUA NH-L12S,,101360,88몰,
5592415,NOCTUA NH-L9a-AM4,,76620,94몰,
5616193,EVERCOOL EC155C-915BP,,19630,79몰,
5623581,Antec C400 BLUE LED,,50140,1몰,
5623597,Antec C40 BLUE LED,,34000,2몰,
5719232,RAIJINTEK TISIS CORE EDITION,,36000,4몰,
5852917,쿨러마스터 STANDARD A30,,7710,53몰,
6049265,AMD Wraith Max,,33000,1몰,
6074873,DYNATRON B9,,87250,85몰,
6293064,ALSEYE EDDY-120WT 화이트 LED,,18130,16몰,
6459522,라이트컴 COMS BT078,,17940,95몰,
6526115,DYNATRON B13,,61650,84몰,
6739393,ID-COOLING DK-03i RGB PWM,,53190,1몰,
7303453,라이트컴 COMS BT079,,7520,107몰,
7491625,Antec A400 RGB,,47000,13몰,
7639102,NOCTUA NH-U12A,,179600,89몰,
7808539,ARCTIC Freezer 34 eSports DUO,화이트,69000,1몰,
8180158,3RSYS Socoool RC100 RGB,실버,17220,150몰,
9219849,COOLERTEC OMEGA-100-CU,,15690,65몰,
9828390,앱코 SUITMASTER 자이로스 X201 RGB,,22000,2몰,
9964230,NOCTUA NH-D15 chromax.black,,179600,105몰,
10029645,잘만 CNPS17X,,22000,97몰,
10029720,잘만 CNPS20X,,126000,3몰,
10614258,NOCTUA NH-L9a-AM4 chromax.black,,85750,90몰,
10822347,잘만 CNPS16X,블랙,66870,79몰,
10822371,잘만 CNPS16X,화이트,75330,84몰,
10854153,AMD Wraith Stealth,,1590,111몰,
11295096,SCYTHE SHURIKEN 2,,40490,40몰,
11766722,조이쿨 RGB-120,,11390,67몰,
11813689,3RSYS Socoool RC 1000,,79000,1몰,
12023681,잘만 CNPS10X OPTIMA II RGB,화이트,39900,2몰,
12207320,ID-COOLING DK-03 RGB,,10450,48몰,
12532517,be quiet SHADOW ROCK 3 WHITE,,74200,51몰,
12795854,Iceberg Thermal IceFLOE T95,,11820,57몰,
13000961,SCYTHE KOTETSU MARK II ARGB,,49110,39몰,
13006916,BRAVOTEC M4 마블 블랙팬서,,12000,2몰,
13006964,BRAVOTEC M4 마블 스파이더맨,,18960,68몰,
13006982,BRAVOTEC M4 마블 아이언맨,,18960,69몰,
13007003,BRAVOTEC M4 마블 캡틴아메리카,,18970,69몰,
13007036,BRAVOTEC M4 마블 타노스,,18960,72몰,
13083413,조이쿨 RGB-90CU SILENT,,8510,129몰,
13182689,JONSBO CR-2100 AUTO RGB,,54000,1몰,
13365653,인텔 인텔 115X 정품 중고,,2000,53몰,
13831103,조이쿨 MRM-90 SLIM,,6260,122몰,
13868216,조이쿨 MRM-90 CU,,8560,117몰,
14059886,TaiSol FRU-TH-0220,,7590,39몰,
14110475,PCCOOLER PALADIN 400,블랙,28900,217몰,
14144915,잘만 CNPS10X PERFORMA ST,,46750,103몰,
14588288,be quiet DARK ROCK SLIM 서린,,83430,65몰,
14598668,Thermalright AXP90-X47,그레이,42610,4몰,
14600501,be quiet SHADOW ROCK 3 서린,,63500,3몰,
14600561,be quiet SHADOW ROCK 3 WHITE 서린,,72730,5몰,
14674061,XIGMATEK Windpower WP1266 RGB,,34490,55몰,
14680634,NOCTUA NH-P1,,180620,78몰,
14705225,PCCOOLER PALADIN 400 ARGB,,31800,172몰,
14992247,Segotep S4 AGHP,,12900,2몰,
15258752,DEEPCOOL UD551 ARGB,,19250,96몰,
15345638,be quiet SHADOW ROCK SLIM 2,,73650,3몰,
15382196,Thermalright AXP90-X47,화이트,52310,2몰,
15674840,Thermalright Peerless Assassin 120 서린,,68000,2몰,
15674972,Thermalright Peerless Assassin 120 BLACK 서린,,69000,2몰,
15688298,NOCTUA NH-U12A chromax.black,,196190,95몰,
15700661,잘만 CNPS7600 ARGB,,17140,4몰,
15884915,Thermalright Assassin King 120 MINI WHITE ARGB 서린,,59330,1몰,
15902564,Thermalright TA120 EX,그레이,61900,2몰,
15903707,Thermalright TRUE SPIRIT 120 REV.B 서린,,57500,7몰,
15911942,Thermalright Peerless Assassin 120 WHITE ARGB 서린,,72160,90몰,
15937388,Thermalright AXP90-X36 서린,블랙,51900,88몰,
15937445,Thermalright AXP90-X36 서린,그레이,45900,116몰,
15937553,Thermalright AXP90-X47 서린,블랙,63280,2몰,
15937622,Thermalright AXP90-X47 서린,그레이,48900,75몰,
15937664,Thermalright AXP90-X47 서린,화이트,56700,109몰,
15937730,Thermalright AXP90-X53 서린,그레이,51340,110몰,
15937751,Thermalright AXP90-X53 서린,블랙,66000,86몰,
15937877,Thermalright AXP90-X47 FULL 서린,,71540,113몰,
15969608,Thermalright Peerless Assassin 120 SE,,35340,17몰,
15969662,Thermalright Peerless Assassin 120 SE ARGB,,46363,12몰,
16046924,darkFlash Ellsworth S11 PRO ARGB,블랙,29500,9몰,
16046939,darkFlash Ellsworth S11 PRO ARGB,화이트,31000,11몰,
16084124,잘만 CNPS10X PERFORMA,화이트,56290,104몰,
16123430,ALSEYE M120D PLUS,블랙,65840,50몰,
16150331,SRHX NB779,,6420,155몰,
16208849,Thermalright Assassin X 120 Refined SE 서린,블랙,19420,120몰,
16209023,Thermalright Assassin X 120 Refined SE ARGB 서린,,21890,136몰,
16234136,PNC PARTNER EVEREST BK092 WHITE LED,,8900,71몰,
16297367,JONSBO HX6200D WHITE ARGB,,66830,1몰,
16319306,인텔 Laminar RM1,,10600,133몰,
16351370,NOCTUA NH-L9i-17xx chromax.black,,85750,85몰,
16353515,마이크로닉스 MA420 스웰로우 ARGB,,22900,29몰,
16525058,Thermalright Peerless Assassin 120 SE 서린,,38200,161몰,
16525448,Thermalright Peerless Assassin 120 SE ARGB 서린,,45900,130몰,
16605650,3RSYS TEAMMOST RC800 ARGB,,23420,85몰,
16755317,XIGMATEK AIR-KILLER PRO ARGB,,34480,67몰,
16796009,DEEPCOOL AK620,화이트,83000,1몰,
16843061,ALSEYE M120D PLUS,화이트,70500,6몰,
16852175,Thermalright Peerless Assassin 120 SE WHITE ARGB 서린,,49900,132몰,
16853087,Thermalright SILVER SOUL 110 서린,블랙,83000,29몰,
16853231,Thermalright SILVER SOUL 110 서린,화이트,79410,80몰,
16884749,ID-COOLING DK-17 PWM,,8370,101몰,
16964660,AEROCOOL RIME 4,,29890,59몰,
16964816,AEROCOOL RIME 4 DUAL,,39890,56몰,
17002862,PCCOOLER PALADIN EX400 ARGB,,28310,13몰,
17004314,NOCTUA NH-D12L,,149300,71몰,
17007560,조이쿨 RGB-6PIPE90 V2,,24030,61몰,
17047442,Thermalright Assassin X 120 Refined SE WHITE ARGB 서린,,25420,117몰,
17047709,Thermalright AXP120-X67 서린,,59380,91몰,
17143517,Thermalright Assassin King 120 SE 서린,,28470,115몰,
17143568,Thermalright AXP120-X67 ARGB 서린,화이트,70010,103몰,
17182961,PCCOOLER PALADIN S9 ARGB,,47660,22몰,
17200370,조이쿨 ITX16-115X 3P,,9400,61몰,
17200886,조이쿨 ITX39-4HEAT90,,22390,63몰,
17220758,JONSBO HX6240,화이트,62150,91몰,
17450348,DEEPCOOL AG620,,59000,7몰,
17468486,Thermalright Assassin King 120 SE ARGB,실버,31460,93몰,
17468537,Thermalright Assassin King 120 SE ARGB,화이트,34000,2몰,
17469008,Thermalright AXP120-X67 ARGB 서린,블랙,79000,96몰,
17549768,JIUSHARK JF100,블랙,28000,89몰,
17549846,JIUSHARK JF100S,블랙,34000,91몰,
17549933,JIUSHARK JF200S,블랙,55000,84몰,
17621789,JIUSHARK JF200 ARGB,블랙,56000,3몰,
17621792,JIUSHARK JF200 ARGB,화이트,59000,2몰,
17621795,JIUSHARK JF100,화이트,28000,89몰,
17621804,JIUSHARK JF100 ARGB,블랙,33000,5몰,
17658305,잘만 CNPS9X PERFORMA,블랙,26900,4몰,
17663030,ID-COOLING IS-55 ARGB,블랙,52130,63몰,
17688773,조이쿨 MCJ-1700/1200 알루미늄,,4460,64몰,
17707277,DEEPCOOL AK400,화이트,63090,1몰,
17808380,DEEPCOOL AG400 ARGB,,31280,5몰,
17813201,Antec A400i RGB,,34000,4몰,
17984129,잘만 CNPS80G Rev.3,,8280,123몰,
18011933,조이쿨 JH80CU-4000-1700,,8350,59몰,
18017396,DEEPCOOL AK500 ZERO DARK,,77390,1몰,
18261077,PCCOOLER PALADIN 400,화이트,31880,160몰,
18267821,ID-COOLING SE-207-XT SLIM,,58490,51몰,
18435752,인텔 Laminar RH1 벌크,,23500,59몰,
18436349,EVERCOOL COOLMARKER CM-1200 2U PLUS 서버쿨러,,46710,53몰,
18442487,조이쿨 RGB-90CU V2,,9190,111몰,
18475733,3RSYS Socoool RC150 RGB,,17410,139몰,
18532028,JIUSHARK JF100 Crystal,블랙,23000,90몰,
18532067,JIUSHARK JF100 Crystal,화이트,23000,92몰,
18614222,라이트컴 COMS NB780,,5710,131몰,
18633329,darkFlash Ellsworth S21 ARGB,블랙,28760,43몰,
18633476,darkFlash Ellsworth S21 ARGB,화이트,29500,125몰,
18633506,darkFlash Ellsworth S21,블랙,26610,128몰,
18633524,darkFlash Ellsworth S21,화이트,25880,121몰,
18713288,COOLERTEC BETA-3020 BLUE,,4980,68몰,
18745964,조이쿨 HF-681 PWM,블랙,9270,66몰,
18745991,조이쿨 HF-681 PWM,화이트,9240,68몰,
18780407,마이크로닉스 MA-100,,18900,9몰,
18788102,JIUSHARK JF100RS Crystal,블랙,19000,112몰,
18788129,JIUSHARK JF100RS Crystal,화이트,20000,95몰,
18788165,JIUSHARK JF100RS Crystal ARGB,블랙,21000,99몰,
18788168,JIUSHARK JF100RS Crystal ARGB,화이트,21000,98몰,
18827993,잘만 CNPS9X PERFORMA ARGB,블랙,35900,6몰,
18828074,잘만 CNPS9X PERFORMA ARGB,화이트,38500,5몰,
18831803,조이쿨 RGB-MINI90,,9410,85몰,
18881600,PentaWave Z06D,블랙,101940,4몰,
18955331,야인컴퓨터 YAIN YC-T180,,15970,65몰,
19230314,NOCTUA NH-L9a-AM5,,75400,95몰,
19230371,NOCTUA NH-L9a-AM5 chromax.black,,85750,95몰,
19240523,Thermalright SI-100 서린,그레이,52900,109몰,
19240649,Thermalright SI-100 WHITE ARGB,,59380,96몰,
19240694,Thermalright SI-100 서린,블랙,59380,106몰,
19240877,Thermalright Phantom Spirit 120 SE,,59500,5몰,
19240931,Thermalright Phantom Spirit 120 SE ARGB,,59500,5몰,
19241069,Thermalright AXP90-X53 서린,화이트,58480,7몰,
19282190,PCCOOLER PALADIN EX400,블랙,32550,3몰,
19474394,조이쿨 MVC-90 LED PWM,,13580,63몰,
19474619,조이쿨 MVC-90 PWM,,12460,60몰,
19525703,JIUSHARK JF100RS Crystal Auto RGB,블랙,21000,109몰,
19525793,JIUSHARK JF100RS Crystal Auto RGB,화이트,21000,110몰,
19690001,쿨러마스터 HYPER 620S ARGB,,55200,2몰,
19707470,쿨러마스터 HYPER 212 HALO,화이트,19050,85몰,
19709420,PCCOOLER G6,화이트,44930,54몰,
19905035,upHere N1055CF SIMPLE,화이트,32850,62몰,
20102228,마이크로닉스 MA-4 Frigate,블랙,27900,30몰,
20102411,마이크로닉스 MA-4 Frigate,화이트,28900,27몰,
20223641,조이쿨 X600 화이트 PWM,,22450,62몰,
20224346,조이쿨 X600 화이트LED PWM,,23500,59몰,
20228606,ID-COOLING IS-40X V3,,27620,72몰,
20358905,ARCTIC Alpine 17 서린,,12000,4몰,
20360744,3RSYS Socoool RC1800 LITE,화이트,74060,16몰,
20502161,Thermalright COGAGE IMPACT 120 서린,,23000,2몰,
20502488,Thermalright COGAGE Sanction 120 서린,,48000,2몰,
20512169,LEADCOOL POONG AC-6200 BOOSTER ARGB,,49000,13몰,
20570498,PentaWave Z06D,화이트,64370,154몰,
20645612,다산코퍼레이션 디프렌드 ODIN DA-613,,24920,84몰,
20646221,다산코퍼레이션 디프렌드 ODIN DA-613 ARGB,,28990,85몰,
20704223,Thermalright Assassin X 120 Refined SE 서린,화이트,19420,134몰,
21435419,다산코퍼레이션 디프렌드 ODIN C200 RGB mini,,9900,4몰,
21766538,쿨러마스터 HYPER 622 HALO,블랙,63530,41몰,
22017014,DEEPCOOL ASSASSIN 4,블랙,144600,104몰,
22041824,쿨러마스터 HYPER 622 HALO,화이트,70000,3몰,
27498677,JONSBO CR-1400 EVO AUTO RGB,블랙,18970,94몰,
27685838,JONSBO CR-1000 EVO AUTO RGB,블랙,21110,113몰,
27685874,JONSBO CR-1000 EVO AUTO RGB,화이트,21890,115몰,
27685958,JONSBO CR-1000 EVO STANDARD,블랙,19200,108몰,
27696548,Thermalright Assassin X 120 Refined SE PLUS 서린,,26490,112몰,
27808526,3RSYS Socoool RC 1100 PWM,,55980,140몰,
27890018,NOCTUA NH-U14S DX-4677,,211800,90몰,
28024406,쿨러마스터 HYPER 212 HALO SF6 RYU WHITE,,62000,3몰,
28604933,3RSYS Socoool RC-1800 Quiet 솔더링,화이트,65590,91몰,
28621370,DEEPCOOL ASSASSIN 4,화이트,143490,101몰,
29481635,3RSYS Socoool RC-1300 ARGB,화이트,51000,2몰,
29631110,잘만 CNPS9X PERFORMA RGB,실버,49890,2몰,
29846852,be quiet DARK ROCK ELITE,,208120,74몰,
29847737,be quiet DARK ROCK PRO 5,,153210,79몰,
29934665,JIUSHARK JF200MINI Crystal,블랙,29000,100몰,
29934701,JIUSHARK JF200MINI Crystal,화이트,29000,104몰,
29935097,JIUSHARK JF200MINI Crystal Auto RGB,블랙,33000,98몰,
29935199,JIUSHARK JF200MINI Crystal Auto RGB,화이트,33000,99몰,
29975516,PCCOOLER PALADIN EX400S,,23090,131몰,
30032303,darkFlash Ellsworth D21,블랙,41730,83몰,
30032534,darkFlash Ellsworth D21,화이트,54870,3몰,
30032633,darkFlash Ellsworth D21 ARGB,블랙,45460,123몰,
30032663,darkFlash Ellsworth D21 ARGB,화이트,48110,132몰,
30093860,Thermalright Assassin X 90 SE ARGB 서린,,25670,97몰,
30210149,Thermalright Assassin Spirit 120 EVO 서린,,42500,5몰,
30231716,NOCTUA NH-D9 TR5-SP6 4U,,198050,86몰,
30233138,NOCTUA NH-U14S TR5-SP6,,214000,78몰,
31317452,Thermalright Phantom Spirit 120 EVO 서린,,84100,91몰,
31317590,Thermalright Assassin King 120 MINI V2 서린,,28600,86몰,
31413920,잘만 CNPS13X,블랙,43650,111몰,
31431347,DEEPCOOL AG400 DIGITAL,블랙,28100,119몰,
31463735,ID-COOLING SE-207-XT ADVANCED,,49630,61몰,
31464632,DEEPCOOL AG620 DIGITAL,,55260,107몰,
32003399,ARCTIC Freezer 4U-M 서린,,76530,101몰,
32003555,LEADCOOL POONG AC-2100 RAINBOW,화이트,20500,5몰,
32088968,ARCTIC Freezer 4U-M 피씨디렉트,,84540,77몰,
32917871,SilverStone SST-XE02-4189 마이크로닉스,,83210,5몰,
32917892,SilverStone SST-XE02-4677 마이크로닉스,,118980,79몰,
32917958,SilverStone SST-XE04-4189 마이크로닉스,,119710,67몰,
32917985,SilverStone XE04-4677V 마이크로닉스,,132120,87몰,
33992429,Thermalright AXP90-X53 FULL 서린,,82610,106몰,
33992507,Thermalright Assassin Spirit 120 EVO DARK 서린,,46500,1몰,
33992594,Thermalright Assassin Spirit 120 EVO ARGB 서린,화이트,50600,1몰,
34393763,EVERCOOL COOLMARKER CM-1200 SCREW,,3970,55몰,
35224769,EVERCOOL COOLMARKER CM-1700/1200 PLUS,,4300,64몰,
35843018,잘만 CNPS14X DUO,,51180,122몰,
35953094,마이크로닉스 ICEROCK MA-410,블랙,18250,104몰,
36835805,PentaWave Z04E SRB ARGB,,21200,117몰,
37927877,Thermalright Peerless Assassin 120 MINI 서린,블랙,62350,121몰,
37927889,Thermalright Peerless Assassin 120 MINI 서린,화이트,65000,90몰,
38766806,조이쿨 XC90-39W,화이트,22980,62몰,
41264117,마이크로닉스 ICEROCK MA-410,화이트,21170,101몰,
42193148,잘만 CNPS13X DS,블랙,58000,109몰,
44184425,APNX AP1-V ARGB,블랙,59000,89몰,
44186252,APNX AP1-V ARGB,화이트,58760,94몰,
44415308,JIUSHARK JF200MINI Crystal ARGB,블랙,33000,97몰,
44415335,JIUSHARK JF200MINI Crystal ARGB,화이트,33000,97몰,
44906780,마이크로닉스 ICEROCK MA-600T,블랙,35900,1몰,
48925325,DEEPCOOL ASSASSIN 4S,블랙,120460,82몰,
48925331,DEEPCOOL ASSASSIN 4S,화이트,119380,80몰,
51415508,아이티젠 비티즈 T400 LED RGB,블랙,14500,2몰,
51815528,3RSYS Socoool RC1900 ARGB 솔더링,블랙,80480,186몰,
51815567,3RSYS Socoool RC1900 ARGB 솔더링,화이트,81440,167몰,
52261076,3RSYS Socoool RC1900N 솔더링,블랙,76160,177몰,
52261094,3RSYS Socoool RC1900N 솔더링,화이트,79298,172몰,
52369547,LEADCOOL POONG AC-3100 ARGB,화이트,23000,5몰,
54327485,SilverStone SST-XE02-SP5 마이크로닉스,,105840,66몰,
54327524,SilverStone SST-XE04-SP5 마이크로닉스,,132120,85몰,
54817085,NOCTUA NH-L12Sx77,,125490,75몰,
55386368,COOLERTEC ALPHA-1700 GOLD,,38460,66몰,
55457177,DYNATRON U10,,69800,77몰,
56062061,야인컴퓨터 YAIN ZERO YC1900,블랙,20000,74몰,
56144279,3RSYS Socoool RC250 ARGB,블랙,20250,149몰,
56144294,3RSYS Socoool RC250 ARGB,화이트,21330,147몰,
56144339,3RSYS Socoool RC750N PWM,,25800,109몰,
57290522,야인컴퓨터 YAIN ZERO YC1900,화이트,20500,58몰,
59763428,JIUSHARK JF120R Emerald,블랙,18900,90몰,
59763551,JIUSHARK JF120R Emerald,화이트,18900,94몰,
60007442,EVERCOOL COOLMARKER CM-1200AL PWM,,5900,61몰,
60418736,DEEPCOOL AK400 DIGITAL PRO,블랙,59000,2몰,
61440650,PCCOOLER CPS R400 ARGB,화이트,23200,130몰,
62640926,be quiet DARK ROCK 5,,120980,69몰,
62792285,JIUSHARK JF120R Emerald ARGB,블랙,19900,100몰,
62792327,JIUSHARK JF120R Emerald ARGB,화이트,19900,95몰,
62794622,Thermalright Assassin X 90 SE V2 서린,,22320,110몰,
63031013,Supermicro 4U Active SNK-P0081AP4,,121000,4몰,
63268043,JIUSHARK JF120R Emerald RGB,블랙,19900,95몰,
63268052,JIUSHARK JF120R Emerald RGB,화이트,19900,99몰,
63559763,JONSBO CR-1300 EVO RGB,블랙,15830,126몰,
63559766,JONSBO CR-1300 EVO RGB,화이트,15830,120몰,
63560096,PCCOOLER CPS RC400-53,,42900,103몰,
63562445,JONSBO CR-3000E RGB,블랙,32990,94몰,
63562469,JONSBO CR-3000E RGB,화이트,33250,91몰,
64300121,PROLIMATECH GENESIS TWIN,,27990,61몰,
65966438,PCCOOLER CPS RT400,블랙,22400,144몰,
66138173,Thermalright Assassin King 120 Mini ARGB V3 서린,화이트,32900,2몰,
67369196,Thermalright Peerless Assassin 90 SE 서린,기본색상,34450,105몰,
67369214,Thermalright Peerless Assassin 90 SE 서린,블랙,34720,12몰,
67369229,Thermalright Peerless Assassin 90 SE 서린,화이트,34720,109몰,
67511930,3RSYS Socoool RC370 ARGB 램프리,블랙,22500,16몰,
67511942,3RSYS Socoool RC370 ARGB 램프리,화이트,22500,11몰,
67511963,3RSYS Socoool RC370N PWM 램프리,블랙,20500,16몰,
67511990,3RSYS Socoool RC370N PWM 램프리,화이트,20500,14몰,
67512053,3RSYS Socoool RC1050N PWM 램프리,블랙,28380,130몰,
67512074,3RSYS Socoool RC1050N PWM 램프리,화이트,28380,117몰,
67512092,3RSYS Socoool RC1050 ARGB 램프리,블랙,31790,135몰,
67512098,3RSYS Socoool RC1050 ARGB 램프리,화이트,31700,133몰,
67683296,NOCTUA NH-D15 G2 LBC,,247480,84몰,
67683347,NOCTUA NH-D15 G2 HBC,,244900,78몰,
67683362,NOCTUA NH-D15 G2,,246720,101몰,
69053876,PCCOOLER CPS RZ820,블랙,167530,131몰,
69471746,COUGAR FORZA 135,,87000,6몰,
69471764,COUGAR FORZA 50 ESSENTIAL,,29900,1몰,
69471797,COUGAR FORZA 50 ARGB,,43000,2몰,
69658322,COUGAR FORZA 85 ESSENTIAL,,52000,1몰,
69658520,COUGAR FORZA 85 ARGB,,72000,2몰,
70532615,EVERCOOL COOLMARKER CM-1700 ITX SLIM CU,,13440,47몰,
70532753,PCCOOLER PALADIN 400 DIGITAL,,32900,31몰,
70767452,SilverStone SST-XE04-SP6P 마이크로닉스,,143080,84몰,
71009951,Thermalright Assassin King 90 V2 서린,,43490,112몰,
71066846,잘만 CNPS9X PERFORMA PLUS,블랙,27900,135몰,
71159942,DEEPCOOL AK620 DIGITAL PRO,화이트,106630,2몰,
71423771,Thermalright Peerless Assassin 140 서린,블랙,68790,106몰,
71423834,Thermalright Peerless Assassin 140 서린,화이트,68790,109몰,
71646962,Supermicro 2U Active SNK-P0063AP4,,98220,71몰,
72063182,다산코퍼레이션 디프렌드 D620 LITE ARGB,블랙,37900,77몰,
72063305,다산코퍼레이션 디프렌드 D620 LITE ARGB,화이트,39410,76몰,
72064292,잘만 CNPS9X PERFORMA ARGB PLUS,블랙,34290,114몰,
72064343,잘만 CNPS9X PERFORMA ARGB PLUS,화이트,38500,115몰,
72111326,다산코퍼레이션 디프렌드 D620 ARGB 솔더링,블랙,54980,77몰,
72111383,다산코퍼레이션 디프렌드 D620 ARGB 솔더링,화이트,57110,76몰,
72229094,GAMEMAX Gamma90 Digital,블랙,24410,13몰,
72229103,GAMEMAX Gamma90 Digital,화이트,24890,12몰,
72348254,GAMEMAX Sigma520 Digital,블랙,33390,13몰,
72348299,GAMEMAX Sigma520 Digital,화이트,35630,13몰,
72592505,DEEPCOOL ASSASSIN 4 VC VISION,,171190,115몰,
72592652,Thermalright Assassin Spirit 120 Vision ARGB 서린,화이트,40740,92몰,
73433390,Thermalright Royal Knight 120 서린,,62720,92몰,
73433396,Thermalright Royal Knight 120 SE 서린,,60500,1몰,
73692290,Thermalright Royal Pretor 130 서린,일반,83900,97몰,
73692326,Thermalright Royal Pretor 130 서린,블랙,81030,95몰,
73692356,Thermalright Royal Pretor 130 서린,화이트,81030,94몰,
73692587,JIUSHARK JF500 Ruby ARGB,블랙,31900,93몰,
73692656,JIUSHARK JF500 Ruby ARGB,화이트,31900,99몰,
73697573,마이크로닉스 ICEROCK MA-92 RGB,화이트,17100,69몰,
73697669,JIUSHARK JF500 Ruby,블랙,29900,90몰,
73697675,JIUSHARK JF500 Ruby,화이트,29900,89몰,
74011784,발키리 AL125 LCD ARGB,블랙,33950,126몰,
74011832,발키리 AL125 LCD ARGB,화이트,35570,120몰,
74421305,3RSYS Socoool RC450N PWM,,18410,73몰,
74809868,JIUSHARK JF800 Diamond,블랙,55060,86몰,
74809991,JIUSHARK JF800 Diamond,화이트,55660,85몰,
74810027,JIUSHARK JF800 Diamond ARGB,블랙,60350,103몰,
74810060,JIUSHARK JF800 Diamond ARGB,화이트,63500,98몰,
74954237,투민시스템 THERMANOVA NOVA6 ARGB,,19440,72몰,
74963399,투민시스템 THERMANOVA NOVA1 RGB,,7640,74몰,
75470216,잘만 CNPS9X OPTIMA II ARGB,블랙,19890,111몰,
75541427,PCCOOLER R4000-I,,19900,112몰,
75600674,쿨러마스터 HYPER 612 APEX,블랙,78800,75몰,
75992123,잘만 ZM-LPH40 벌크,,9000,72몰,
76464695,ID-COOLING IS-67-XT 데이븐,,52880,93몰,
76464857,ID-COOLING IS-40-XT 데이븐,,26090,100몰,
76465028,ID-COOLING SE-214-XT 오토 RGB 데이븐,,22160,98몰,
76465085,ID-COOLING SE-214-XT 데이븐,,23110,96몰,
76465136,ID-COOLING SE-214-XT ARGB 데이븐,화이트,24040,95몰,
76465199,ID-COOLING SE-903 XT FRGB 데이븐,,16210,72몰,
76465550,ID-COOLING FROZN A410 SE 데이븐,,25820,92몰,
76465619,ID-COOLING FROZN A620 데이븐,,48000,90몰,
76465640,ID-COOLING FROZN A620 PRO SE 데이븐,,39040,8몰,
76465676,ID-COOLING FROZN A620 PRO SE ARGB 데이븐,블랙,41390,102몰,
76465703,ID-COOLING FROZN A620 PRO SE ARGB 데이븐,스노우,46200,105몰,
76465757,ID-COOLING FROZN A720 데이븐,,86320,102몰,
77019773,DEEPCOOL AG400 오토 RGB,,29760,2몰,
77208827,ID-COOLING SE-214-XT ARGB 데이븐,블랙,24040,93몰,
77621870,3RSYS Socoool RC1920 DIGITAL 쌍철봉,블랙,88390,154몰,
77621900,3RSYS Socoool RC1920 DIGITAL 쌍철봉,화이트,90320,168몰,
77623874,PCCOOLER CPS R400 ARGB,블랙,23900,137몰,
78101369,JONSBO HX-6280 ARGB,화이트,66470,101몰,
78310442,잘만 CNPS4X V2,블랙,15310,118몰,
79398914,3RSYS Socoool RC260N PWM,블랙,18470,143몰,
79399088,3RSYS Socoool RC270 ARGB,블랙,23830,142몰,
79399121,3RSYS Socoool RC270 ARGB,화이트,24340,136몰,
80149643,ID-COOLING FROZN A620 PRO SE ARGB 데이븐,화이트,49030,2몰,
81062570,Thermalright Assassin X 120 R Digital ARGB 서린,블랙,36400,99몰,
81062618,Thermalright Assassin X 120 R Digital ARGB 서린,화이트,35900,116몰,
81062792,Thermalright Assassin X 120 R Digital 서린,블랙,35900,60몰,
81062801,Thermalright Assassin X 120 R Digital 서린,화이트,35900,87몰,
81219638,Thermalright Peerless Assassin 120 Digital 서린,블랙,73000,83몰,
81249239,Thermalright Peerless Assassin 120 Digital 서린,화이트,70050,101몰,
81275693,Thermalright Peerless Assassin 120 Digital ARGB 서린,블랙,68790,110몰,
81281426,Thermalright Peerless Assassin 120 Digital ARGB 서린,화이트,77900,109몰,
81359483,JONSBO CR-3000E ARGB,화이트,38400,1몰,
82471301,JIUSHARK JF500 Ruby RGB,블랙,31900,87몰,
82471313,JIUSHARK JF500 Ruby RGB,화이트,31900,86몰,
88205900,PNC PARTNER EVEREST BK092 LED,블랙,8360,69몰,
89604731,3RSYS Socoool RC1400 Quiet 쌍철봉,블랙,41570,114몰,
89604737,3RSYS Socoool RC1400 Quiet 쌍철봉,화이트,41560,147몰,
89731496,다산코퍼레이션 디프렌드 ODIN C400S Mini,,15000,1몰,
89731535,다산코퍼레이션 디프렌드 ODIN C400S RGB Mini,,16370,72몰,
90116558,PCCOOLER CPS RT400,화이트,23090,142몰,
90116588,PCCOOLER CPS RZ820,화이트,172000,132몰,
90272192,쿨러마스터 HYPER 411 NANO ARGB,,24490,69몰,
90272207,쿨러마스터 HYPER 411 NANO,,22760,71몰,
90436232,SilverStone SST-XED120S-WS 마이크로닉스,,216080,72몰,
90580034,잘만 CNPS9X OPTIMA II RGB,블랙,19200,96몰,
90648158,EVERCOOL 2011S 2U-625BP 서버쿨러,,47650,48몰,
90889283,3RSYS Socoool RC1910 Quiet 쌍철봉,블랙,83610,150몰,
90889304,3RSYS Socoool RC1910 Quiet 쌍철봉,화이트,85710,146몰,
91349579,3RSYS Socoool RC1400N Quiet 쌍철봉,블랙,38580,167몰,
91349600,3RSYS Socoool RC1400N Quiet 쌍철봉,화이트,37520,146몰,
91493963,GAMDIAS BOREAS M2-61L,블랙,108560,69몰,
92107424,타무즈 T4-V3 ARGB,블랙,22820,73몰,
92107460,타무즈 T4-V3 ARGB,화이트,22820,69몰,
92107589,타무즈 T4-V4D,블랙,24790,72몰,
92107994,타무즈 T4-V4D-ARGB,블랙,27910,74몰,
92108021,타무즈 T4-V4D-ARGB,화이트,27660,70몰,
92108081,타무즈 T6-V4D-ARGB,블랙,34390,74몰,
92108099,타무즈 T6-V4D-ARGB,화이트,33970,69몰,
92108159,타무즈 T660-V4D,블랙,45490,71몰,
92108243,타무즈 T660-V4D-ARGB,블랙,51990,77몰,
92108267,타무즈 T660-V4D-ARGB,화이트,51990,73몰,
92108297,타무즈 T880-V4D,블랙,55990,75몰,
92108354,타무즈 T880-V4D-ARGB,블랙,62210,66몰,
92108375,타무즈 T880-V4D-ARGB,화이트,62890,74몰,
92108567,타무즈 TC45-4 WD,블랙,19000,9몰,
92628221,쿨러마스터 HYPER 612 APEX,화이트,79800,69몰,
92969423,be quiet PURE ROCK 3 블랙,,46930,7몰,
92969672,be quiet PURE ROCK 3 LX,,54750,59몰,
92969810,be quiet PURE ROCK PRO 3,,63510,69몰,
92969831,be quiet PURE ROCK PRO 3 블랙,,74850,64몰,
92969909,be quiet PURE ROCK PRO 3 LX,,86180,61몰,
93445550,써멀테이크 UX400,,16090,67몰,
93445592,써멀테이크 UX400 ARGB Sync,블랙,16940,48몰,
93445610,써멀테이크 UX400 ARGB Sync,스노우,16940,45몰,
93631772,쿨러마스터 HYPER 212 SPECTRUM V3 ARGB,,19050,70몰,
94025255,3RSYS Socoool RC1080 오토 RGB,블랙,27870,115몰,
94025267,3RSYS Socoool RC1080 오토 RGB,화이트,28150,112몰,
94025510,싸이번 BREEZE AC92,블랙,14500,16몰,
94025528,싸이번 BREEZE AC92,화이트,14250,72몰,
94080935,발키리 R125-L LCD ARGB,블랙,104547,119몰,
94080986,발키리 R125-L LCD ARGB,화이트,110770,114몰,
94081172,발키리 EL125 ARGB,블랙,47424,117몰,
94081187,발키리 EL125 ARGB,화이트,52750,109몰,
94081352,발키리 AQ125,블랙,17030,115몰,
94081382,발키리 AQ125,화이트,17910,117몰,
94081727,발키리 CL140,블랙,40630,114몰,
94081763,발키리 CL140,화이트,41497,118몰,
94085105,발키리 AQ125 ARGB,블랙,20760,116몰,
94085147,발키리 AQ125 ARGB,화이트,21910,116몰,
94086329,발키리 DX140 LCD ARGB,블랙,139110,113몰,
94086347,발키리 DX140 LCD ARGB,화이트,144720,107몰,
94204886,SilverStone SST-XE02-1700S 마이크로닉스,,89790,74몰,
94522838,ARCTIC Freezer 8A,,22630,65몰,
94523027,ARCTIC Freezer 8i,,22630,6몰,
94523093,ARCTIC Freezer 8A CO,,24410,65몰,
94523120,ARCTIC Freezer 8i CO,,24410,6몰,
94523393,잘만 ZET 5 솔더링,블랙,69530,107몰,
94523459,잘만 ZET 5 솔더링,화이트,76100,109몰,
94635782,DEEPCOOL ASSASSIN VC ELITE,화이트,151980,98몰,
95201030,DEEPCOOL AK620 DIGITAL SE,블랙,67310,106몰,
95201069,DEEPCOOL AK620 DIGITAL SE,화이트,65480,99몰,
95281298,iHTP J15 DIGITAL ARGB,,27900,56몰,
95849714,에디 CY100,블랙,20790,85몰,
95929487,MAXTILL MAX400,,18990,87몰,
95985374,JIUSHARK JF150RS Lily,블랙,21900,84몰,
95985413,JIUSHARK JF150RS Lily,화이트,21900,85몰,
95985494,JIUSHARK JF150RS Lily RGB,블랙,23900,85몰,
95985548,JIUSHARK JF150RS Lily RGB,화이트,23900,85몰,
95985602,JIUSHARK JF150RS Lily ARGB,블랙,23900,74몰,
95985617,JIUSHARK JF150RS Lily ARGB,화이트,23900,69몰,
96059513,PCCOOLER CPS RT620 PRO 카본스틸,블랙,39400,153몰,
96059525,PCCOOLER CPS RT620 PRO 카본스틸,화이트,40390,153몰,
96059657,MSI MAG 코어프로저 AA13 ARGB,블랙,21950,115몰,
96059660,MSI MAG 코어프로저 AA13 ARGB,화이트,16900,117몰,
96059915,잘만 CNPS9X ECO DS,,27900,108몰,
96314390,JONSBO CR-3000 ARGB,화이트,46630,90몰,
96425567,MAXTILL MAX400 ARGB,블랙,25900,11몰,
96425588,MAXTILL MAX400 ARGB,화이트,22420,90몰,
96425630,MAXTILL MAX600,,31540,91몰,
96425693,MAXTILL MAX600 ARGB,블랙,33210,70몰,
96425723,MAXTILL MAX600 ARGB,화이트,34050,87몰,
96775685,앱코 타이폰 DT120X6,블랙,35900,65몰,
96775706,앱코 타이폰 DT120X6,화이트,38500,67몰,
96775862,DYNATRON Q11P,,88000,70몰,
96776843,Thermalright Peerless Assassin 140 Digital 서린,블랙,77380,99몰,
96776846,Thermalright Peerless Assassin 140 Digital 서린,화이트,77380,99몰,
96986732,컴이지 킹덤 X92-I LED,블랙,9130,74몰,
96986744,컴이지 킹덤 X92-I LED,화이트,9650,79몰,
97356287,ID-COOLING IS-53 XT 데이븐,블랙,40314,81몰,
97356452,ID-COOLING DK-07A RAINBOW 데이븐,,12600,79몰,
97356572,ID-COOLING DK-07i RAINBOW 데이븐,,13440,2몰,
97356719,ID-COOLING SE-802 SD V3 데이븐,블랙,9510,81몰,
97356800,ID-COOLING SE-902 SD V3 데이븐,블랙,10460,83몰,
97564514,3RSYS Socoool 고요 ARGB,블랙,60400,99몰,
97564550,3RSYS Socoool 고요 ARGB,화이트,60930,100몰,
97565075,3RSYS Socoool 고요N PWM,블랙,56840,102몰,
97565336,3RSYS Socoool 고요N PWM,화이트,57440,99몰,
97705640,PentaWave Z03I-53 SRB,,33900,78몰,
97778387,타무즈 TC400 RGB,블랙,15560,59몰,
97778825,타무즈 T4-V4,블랙,20950,64몰,
97839560,DEEPCOOL AK400 DIGITAL SE,블랙,37510,73몰,
97839587,DEEPCOOL AK400 DIGITAL SE,화이트,39000,2몰,
98076191,JIUSHARK JF550 Elite,블랙,31100,95몰,
98076224,JIUSHARK JF550 Elite,화이트,31100,86몰,
98076302,JIUSHARK JF550 Elite RGB,블랙,33900,8몰,
98076353,JIUSHARK JF550 Elite RGB,화이트,32510,69몰,
98076389,JIUSHARK JF550 Elite ARGB,블랙,36900,86몰,
98076419,JIUSHARK JF550 Elite ARGB,화이트,34950,95몰,
98780894,darkFlash ELLSWORTH S31,블랙,18290,84몰,
98780957,darkFlash ELLSWORTH S31,화이트,16960,106몰,
98781146,darkFlash ELLSWORTH S31 PRO ARGB,블랙,18210,112몰,
98781200,darkFlash ELLSWORTH S31 PRO ARGB,화이트,19140,111몰,
99287363,JIUSHARK JF100D Digital,블랙,24900,71몰,
99743453,DEEPCOOL AK620 G2 DIGITAL NYX,,91500,86몰,
99886364,DEEPCOOL AK620 G2,블랙,85710,96몰,
99886373,DEEPCOOL AK620 G2,화이트,83900,103몰,
99886484,DEEPCOOL AK700 DIGITAL NYX,,86870,78몰,
99886496,DEEPCOOL AK700 DIGITAL,화이트,86870,38몰,
99891908,LEADCOOL AC-3100 DIGITAL ARGB,블랙,22460,72몰,
99891917,LEADCOOL AC-3100 DIGITAL ARGB,화이트,23900,3몰,
99891959,LEADCOOL AC-3100 PRO ARGB,블랙,17770,73몰,
99892115,LEADCOOL AC-1100 RGB,블랙,16900,4몰,
99892157,LEADCOOL AC-1000 RGB,블랙,15880,49몰,
100193432,쿨러마스터 Hyper 212 3DHP,블랙,21340,74몰,
100193450,쿨러마스터 Hyper 212 3DHP ARGB,블랙,25560,70몰,
100193501,쿨러마스터 V4 Alpha 3DHP,블랙,37380,68몰,
100329635,타무즈 TC600 ARGB,블랙,30840,61몰,
100619627,DEEPCOOL AK400 G2 DIGITAL NYX,,51850,80몰,
100619651,DEEPCOOL AK400 G2,블랙,46250,79몰,
100619687,DEEPCOOL AK400 G2,화이트,47010,78몰,
101072159,NOCTUA NH-D15 G2 chromax.black,,265800,81몰,
101073269,PCCOOLER CPS RT620 PRO ARGB 카본스틸,블랙,45900,117몰,
101073308,PCCOOLER CPS RT620 PRO ARGB 카본스틸,화이트,48900,128몰,
101075261,3RSYS Socoool RC980N 쌍철봉,블랙,28170,112몰,
101075312,3RSYS Socoool RC980N 쌍철봉,화이트,28030,105몰,
101080094,PentaWave Z06D EX TURBO,블랙,127000,77몰,
101080121,PentaWave Z06D EX TURBO,화이트,126000,91몰,
101630804,GAMDIAS BOREAS M2-61L,화이트,108550,64몰,
101695601,darkFlash EXPLORE E400 PLUS ARGB,블랙,33240,118몰,
101704193,darkFlash EXPLORE E400 PLUS ARGB,화이트,35140,116몰,
102357791,써멀테이크 WAir,,172180,53몰,
102553373,PentaWave Z05C EX TURBO,,49900,22몰,
102618656,Thermalright Peerless Assassin 140 SE 서린,,57670,94몰,
102618698,Thermalright Peerless Assassin 140 SE ARGB 서린,,57670,101몰,
102759722,JONSBO CR-1400 오토 RGB,블랙,19270,67몰,
102759797,JONSBO CR-1400 오토 RGB,화이트,18980,73몰,
102914408,Thermalright Peerless Assassin 120 VISION 서린,블랙,89160,75몰,
102914426,Thermalright Peerless Assassin 120 VISION ARGB 서린,블랙,86850,97몰,
102914432,Thermalright Peerless Assassin 120 VISION ARGB 서린,화이트,86850,96몰,
102914444,Thermalright Phantom Spirit 120 VISION EVO 서린,,124100,58몰,
102914450,Thermalright Phantom Spirit 120 VISION SNOW 서린,,130500,2몰,
103186868,3RSYS Socoool RC1910N Quiet 쌍철봉,블랙,80830,106몰,
103186895,3RSYS Socoool RC1910N Quiet 쌍철봉,화이트,83040,120몰,
103237556,PCCOOLER CPS RT400 TCL FULL ARGB,블랙,26990,129몰,
103237559,PCCOOLER CPS RT400 TCL FULL ARGB,화이트,27900,125몰,
103325393,마이크로닉스 ICEROCK MA-500 ARGB,블랙,21570,99몰,
103325402,마이크로닉스 ICEROCK MA-500 ARGB,화이트,23360,96몰,
103601963,ID-COOLING SE-214 XT V2 RGB 데이븐,블랙,22160,62몰,
103602080,SilverStone SST-XE02-SP3S 마이크로닉스,,82490,12몰,
104045012,ALSEYE W700 Pro,블랙,71580,92몰,
104045018,ALSEYE W700 Pro,화이트,79900,2몰,
104045033,ALSEYE Q120DT Plus,블랙,36740,90몰,
104045393,ALSEYE Q120S Plus,블랙,20900,9몰,
104595461,발키리 DQ125 쿼드빔,블랙,36130,94몰,
104595479,발키리 DQ125 쿼드빔,화이트,37330,85몰,
104595539,발키리 DQ125 쿼드빔 ARGB,블랙,39810,89몰,
104595545,발키리 DQ125 쿼드빔 ARGB,화이트,41110,81몰,
104616698,ID-COOLING SE-214 XT V2 BLACK 데이븐,블랙,24040,69몰,
104616701,ID-COOLING SE-214 XT V2 ARGB 데이븐,블랙,24040,68몰,
104940170,오쓰 CV-620,블랙,34730,92몰,
104940176,오쓰 CV-620,화이트,37230,77몰,
104940188,오쓰 CV-420,블랙,20730,93몰,
104940194,오쓰 CV-420,화이트,22800,88몰,
105679832,DEEPCOOL AG620 G2,블랙,38730,22몰,
106047347,DEEPCOOL AG400 G2,블랙,21640,119몰,
106220693,NOCTUA NH-D12L chromax.black,,165200,29몰,
106711379,ALSEYE W700 Pro,레드,79900,3몰,
106711415,ALSEYE W700 Pro,옐로우,79900,4몰,
106717160,LEADCOOL AC-2100 PRO RGB,블랙,16820,66몰,
106717220,LEADCOOL JD-950 PWM 벌크,블랙,25200,26몰,
106717250,LEADCOOL JD-1000 PWM 벌크,블랙,29500,4몰,
106735181,Thermalright Peerless Assassin 120 Vision MAX ARGB 서린,블랙,124100,82몰,
106735202,Thermalright Peerless Assassin 120 Vision MAX ARGB 서린,화이트,124100,89몰,
106736450,ID-COOLING FROZN A620 PRO XE ARGB 데이븐,스노우,47270,78몰,
107771720,SNOWMAN MT4-SE ARGB 싸이번,블랙,21200,82몰,
108388832,아이티젠 비티즈 T620 ARGB LED,블랙,34900,1몰,
108388865,아이티젠 비티즈 T620 ARGB LED,화이트,34900,1몰,
122618374,DEEPCOOL AG400 G2,화이트,24430,95몰,
122618419,PCCOOLER CPS RZ820 DISPLAY,블랙,209000,92몰,
122621243,DEEPCOOL AG620 G2,화이트,42830,94몰,
122622825,DEEPCOOL AG400 G2 ARGB,화이트,28570,81몰,
122623435,DEEPCOOL AG400 G2 ARGB,블랙,27530,80몰,
122623739,TRYX TURRIS 620,블랙,203610,67몰,
122623749,TRYX TURRIS 620,화이트,203860,75몰,
122627558,DEEPCOOL AG620 G2 ARGB,화이트,47170,72몰,
122629728,SNOWMAN MT4-SE ARGB 싸이번,화이트,21100,69몰,
122630308,DEEPCOOL AG620 G2 ARGB,블랙,45780,77몰,
122638589,SNOWMAN AX660 PRO-ARGB 뚜까리6,블랙,75300,102몰,
122638596,SNOWMAN AX660 PRO-ARGB 뚜까리6,화이트,76000,108몰,
122638933,SNOWMAN AX880 PRO-ARGB 뚜까리8,블랙,80360,106몰,
122638939,SNOWMAN AX880 PRO-ARGB 뚜까리8,화이트,83000,104몰,
122661939,SilverStone SST-XE04-4677B 마이크로닉스,,136250,51몰,
122665202,COOLLEO A60 V2 ARGB 3RSYS,블랙,35500,71몰,
122665262,COOLLEO B60T V2 3RSYS,블랙,47000,79몰,
122665284,COOLLEO B60T LCD SERIES 3RSYS,블랙,77000,79몰,
122665341,COOLLEO B40S LITE 3RSYS,블랙,20710,62몰,
122665384,COOLLEO B40S DIG ARGB 3RSYS,블랙,23500,76몰,
122675450,darkFlash ELLSWORTH S31 CORE RGB,블랙,17520,86몰,
122675452,darkFlash ELLSWORTH S31 CORE RGB,화이트,17500,93몰,
122683450,ID-COOLING FROZN A620 SLK 데이븐,,58390,70몰,
122685832,JONSBO CA40 RGB,블랙,24080,71몰,
122696916,SilverStone SST-XE02-TR5B 마이크로닉스,,124100,54몰,
122699569,ID-COOLING IS-77-XT BLACK 데이븐,블랙,56960,65몰,
122699610,ID-COOLING A8-SP3 데이븐,블랙,78100,48몰,
122701136,JIUSHARK JF160R Quiet RGB,블랙,24900,59몰,
122701145,JIUSHARK JF160R Quiet RGB,화이트,24900,57몰,
122701150,JIUSHARK JF160R Quiet ARGB,블랙,24900,59몰,
122701151,JIUSHARK JF160R Quiet ARGB,화이트,24900,57몰,
122701293,쿨러마스터 HYPER 612 APEX PRO,블랙,101660,58몰,
122701302,쿨러마스터 HYPER 612 APEX PRO,실버,101660,58몰,
122701308,쿨러마스터 HYPER 612 APEX PRO,화이트,101660,58몰,
122705799,쿨러마스터 DT621,블랙,55010,60몰,
122705811,쿨러마스터 DT621,화이트,57180,61몰,
122706264,darkFlash Ellsworth D31,블랙,37060,74몰,
122706265,darkFlash Ellsworth D31,화이트,39890,84몰,
122706275,darkFlash Ellsworth D31 PRO,블랙,39890,71몰,
122706281,darkFlash Ellsworth D31 PRO,화이트,41790,60몰,
122706300,darkFlash Ellsworth D31 PRO ARGB,블랙,40840,72몰,
122706301,darkFlash Ellsworth D31 PRO ARGB,화이트,42740,73몰,
122710983,SNOWMAN MX660 ARGB,화이트,30710,55몰,
122711000,SNOWMAN MX660 ARGB,블랙,31900,8몰,
122728459,잘만 CNPS15X BP 휨제로,블랙,59000,75몰,
122828935,쿨러마스터 DT600,화이트,42130,57몰,
122829056,잘만 CNPS15X BP 휨제로 ARGB,블랙,60000,76몰,
123032247,잘만 CNPS12X BP 휨제로,블랙,35840,76몰,
123032269,잘만 CNPS12X BP 휨제로 ARGB,블랙,36760,87몰,
123236288,COOLLEO B50S PWM 3RSYS,블랙,19900,60몰,
123537896,3RSYS RC1500 ARGB 쌍철봉 LITE,블랙,44510,85몰,
123537907,3RSYS RC1500 ARGB 쌍철봉 LITE,화이트,44510,96몰,
123537923,3RSYS RC1500N PWM 쌍철봉 LITE,블랙,41570,88몰,
123537928,3RSYS RC1500N PWM 쌍철봉 LITE,화이트,41570,89몰,
123622057,마이크로닉스 ICEROCK MA-500,블랙,20690,89몰,
123622063,마이크로닉스 ICEROCK MA-500,화이트,22520,88몰,
123670068,Thermalright Peerless Assassin 120 SE V3 서린,,44600,1몰,
123693723,3RSYS RC380N PWM 무뽑방지 키트,블랙,20780,65몰,
123695783,쿨러마스터 V8 ACE 3DHP AMD Optimized,블랙,174730,75몰,
123695792,쿨러마스터 V8 ACE 3DHP INTEL Optimized,블랙,145130,55몰,
123721634,SUDOKOO SK700V MACH,블랙,165000,79몰,
123721661,SUDOKOO SK620V,화이트,155000,68몰,
123721688,SUDOKOO SK620V,블랙,156000,70몰,
123971747,PentaWave Z06D EVO,,73600,89몰,
123972002,쿨러마스터 DT600,블랙,42790,35몰,
123982607,러빙쿨 R600 ARGB 싱글타워,블랙,27000,32몰,
123982615,러빙쿨 R600 ARGB 싱글타워,화이트,27500,30몰,
123982649,러빙쿨 AP300 싱글타워 공랭쿨러,블랙,19500,32몰,
123982665,러빙쿨 AP300 싱글타워 공랭쿨러,화이트,20000,29몰,
123982681,러빙쿨 AP1000 듀얼타워 공랭쿨러,블랙,38000,44몰,
123982692,러빙쿨 AP1000 듀얼타워 공랭쿨러,화이트,39500,42몰,
124034001,발키리 DQ125 쿼드빔(DTH),블랙,34500,8몰,
124034039,발키리 DQ125 쿼드빔 ARGB(DTH),블랙,36500,8몰,
124129930,JONSBO CC90 DIGITAL,블랙,76610,58몰,
124129936,JONSBO CC90 DIGITAL,화이트,81460,58몰,
124153441,ID-COOLING SE-214 XT G2 데이븐,,19206,41몰,
124153460,ID-COOLING FROZN A620 PRO XE ARGB 데이븐,블랙,41710,52몰,
124153544,ID-COOLING FROZN A620 PRO XE 데이븐,블랙,37830,52몰,
124166491,DEEPCOOL AK700 VC,블랙,96890,25몰,
124166578,DEEPCOOL AK700 VC,화이트,96900,46몰,
124198389,PCCOOLER CPS RJ400 RGB (AMD),블랙,19600,27몰,
124199140,ARCTIC Alpine 17 CO 서린,,13350,49몰,
124259275,JONSBO CA40 RGB,화이트,24860,38몰,
124276505,오쓰 CV-620 ARGB,블랙,37000,15몰,
124276584,오쓰 CV-620 ARGB,화이트,40200,15몰,
124276605,오쓰 CV-420 RGB,블랙,23250,14몰,
124276614,오쓰 CV-420 RGB,화이트,25400,14몰,
124278286,COOLLEO A60 V2 ARGB 3RSYS,화이트,38000,17몰,
124298494,3RSYS RC90N PWM,블랙,가격비교예정,0몰,
