Id,Name,Type,Price,Mall,2026-10-01 21:38:53
873223,컴퓨터광장 GAMEBOX,실버,15880,34몰,
964993,선경씨앤씨 RPC-680,,174990,24몰,
1141238,AMAQUEST F4514 4U 랙마운트,,136900,47몰,
1275869,IN WIN TRACK 전용 EZ-SWAP,,2070,44몰,
1359127,쿨러마스터 USB 3.0 Adapter 대양케이스,,17970,50몰,
1401796,XOCOM zazac201,,130610,24몰,
1401797,XOCOM zazac201,120W 6.5A,177630,35몰,
1517641,거인전자 HELLO-Q,블랙,38800,11몰,
1517654,거인전자 HELLO-Q,스카이블루,38790,12몰,
1517658,거인전자 HELLO-Q 동물시리즈,,14000,4몰,
1517662,거인전자 HELLO-Q 표정시리즈,,14000,4몰,
1609818,거인전자 HELLO-Q 사랑시리즈,,14000,3몰,
1609838,거인전자 HELLO-Q,화이트,38790,13몰,
1742127,2MONS SERVER 2U D400,,94590,47몰,
1742137,2MONS SERVER 2U D560,,121990,57몰,
1742148,2MONS SERVER 3U D400,,79990,48몰,
1821768,2MONS 서버 4U TRAY D450,,84000,52몰,
1821778,2MONS 서버 4U PC D450,,59990,58몰,
2085986,SilverStone Fortress SST-FT04-W,블랙,232980,11몰,
2186279,SilverStone Milo ML05B,,80480,48몰,
2186735,IN WIN IW-R300,,132370,12몰,
2196575,AMAQUEST X3813 3U 랙마운트,,134810,53몰,
2245703,2MONS SERVER 2U D550 Plus,,88930,44몰,
2285366,IN WIN IW-RS110-02,,243560,20몰,
2285370,IN WIN IW-RS224-02,,380000,15몰,
2350203,셀텍 E-K3 ITX 120W 블랙,파워 어댑터 미포함,55680,1몰,
2350209,셀텍 E-K3 ITX 120W 실버,파워 어댑터 미포함,55500,1몰,
2350241,셀텍 E-2015 ITX 120W,12V/8.5A 102W 파워어댑터 포함,73500,1몰,
2350264,셀텍 E-2015 ITX 120W,12V/5A 60W 파워어댑터 포함,52810,7몰,
2350288,셀텍 E-2015 ITX 120W,파워 어댑터 미포함,48960,2몰,
2576168,라이트컴 COMS Express PCI 연장 아답터 (BE905),,6540,51몰,
2576310,라이트컴 COMS PCIe/1X to 16X Express PCI 아답터 (SP716),,14980,9몰,
2585051,쿨러마스터 HAF STACKER 935 상단커버,,24990,33몰,
2585065,쿨러마스터 HAF STACKER 935 하단 레일,,19850,34몰,
2624703,AEROCOOL DS CUBE WINDOW,블루,77540,37몰,
2624714,AEROCOOL DS CUBE WINDOW,골드,77540,37몰,
2624729,AEROCOOL DS CUBE WINDOW,그린,78800,2몰,
2624749,AEROCOOL DS CUBE WINDOW,오렌지,77540,37몰,
2624772,AEROCOOL DS CUBE WINDOW,핑크,78800,2몰,
2624787,AEROCOOL DS CUBE WINDOW,레드,77540,37몰,
2670531,라이트컴 COMS PCI Express 연장 아답터 1X (SP964),,6370,67몰,
2670611,라이트컴 COMS PCI Express 아답터 1X TO 16X (SP966),,8640,46몰,
2670681,라이트컴 COMS PCI Express 연장 아답터 16X (SP965),,10580,64몰,
2677916,라이트컴 COMS PCI Express 아답터 (BS755),,11750,113몰,
2677966,라이트컴 COMS PCI Express 1x 연장 케이블 (BS759),,8370,5몰,
2678000,라이트컴 COMS PCI Express 16x 연장 케이블 15cm (BS760),,12460,46몰,
2753078,2MONS 2U D550 핫스왑*6,,262000,31몰,
2753144,2MONS 1.5U D280 핫스왑*2,,166710,63몰,
2826370,DAMONCOM DM-23 USB 3.0,,31050,65몰,
2836240,라이트컴 COMS Express PCI 아답터 키트 (IT982),,15280,60몰,
2855487,AMAQUEST K238F 2U 랙마운트,,72630,55몰,
2855634,AMAQUEST K338F 3U 랙마운트,,77420,53몰,
2881388,RAIDMAX 아구스타AX,,113680,4몰,
2884836,EVERCOOL HDB-100,,3500,2몰,
2884849,EVERCOOL HDB-252A,,4000,1몰,
2908392,Phanteks ENTHOO EVOLV,블랙,198550,43몰,
2908396,Phanteks ENTHOO EVOLV,화이트,212130,40몰,
2910165,2MONS 2U D550 PLUS USB3.0,,109450,47몰,
2911987,2MONS 서버 2U D560 USB 3.0,,130990,49몰,
2912109,Phanteks ENTHOO EVOLV,그레이,198550,32몰,
2914782,2MONS 서버 3U D400 USB3.0,,101000,47몰,
2915955,2MONS 서버 2U D400 USB3.0,,111000,43몰,
2916779,셀텍 E-K3 mini-ITX USB 3.0 블랙 120W,기본,55680,2몰,
2916808,셀텍 E-K3 Mini-ITX USB 3.0 실버 120W,기본,55680,2몰,
2919264,2MONS 1.5U D280 핫스왑*2 USB3.0,,166990,32몰,
2920397,2MONS 2U D550 핫스왑*6 USB3.0,,261990,58몰,
3013190,Phanteks ENTHOO Mini XL,,246610,30몰,
3043027,2MONS 서버 4U 멀티 D500,,121990,49몰,
3088902,마이크로닉스 QUANTA HMR-455N1,,151000,6몰,
3089595,마이크로닉스 QUANTA HMR-445N1,,134000,2몰,
3092287,마이크로닉스 QUANTA HMR-345N1,,150000,17몰,
3093870,마이크로닉스 QUANTA HMR-255N1,,147000,1몰,
3095050,마이크로닉스 QUANTA HMR-245N1,,142500,1몰,
3108227,마이크로닉스 QUANTA HMR-145N1,,160000,1몰,
3108232,마이크로닉스 QUANTA HMR-155N1,,170500,1몰,
3155665,2MONS 서버 2U D400 에코,,77000,53몰,
3155867,2MONS 서버 2U D400 에코 USB3.0,,89000,47몰,
3156205,2MONS 서버용 SSD가이드,,1070,42몰,
3168723,2MONS 서버용 26인치 레일(2PCS/SET),,50000,55몰,
3319048,2MONS 2U 핫스왑*6 SATA3 USB3.0,,282000,43몰,
3330848,2MONS 1U D550 에코 USB3.0,,159000,46몰,
3362412,SilverStone Sugo SST-SG13,화이트블랙,72010,29몰,
3363372,2MONS 서버 1U D550 에코,,146000,47몰,
3412899,3RSYS L900 USB3.0,블랙,88000,4몰,
3503132,라이트컴 COMS Express PCI 아답터 (ITA519),,7430,88몰,
3510996,2MONS 미니서버 핫스왑*2 USB3.0,,172280,11몰,
3511031,2MONS 미니서버 핫스왑*6 USB3.0,,171240,40몰,
3597766,마이크로닉스 QUANTA HMR-445SE,,99000,6몰,
3647413,라이트컴 COMS Express PCI 연장 아답터 (ITA520),,8110,46몰,
3661632,AMAQUEST AM 204N 2U 랙마운트,,123310,45몰,
3661666,AMAQUEST AM 440N 4U 랙마운트,,128540,51몰,
3678974,RAIDMAX 바이퍼2,레드,88000,2몰,
3696369,오존컴퍼니 VIPER MINI ITX,,37050,19몰,
3888279,AMAQUEST WG4514 4U 랙마운트,,151510,57몰,
3888489,AMAQUEST WG3812 2U 랙마운트,,147340,47몰,
3927781,AMAQUEST X5503 3U 랙마운트,,172430,45몰,
3979606,라이트컴 COMS A3271 나사 세트,,2900,1몰,
4013089,라이트컴 COMS Express PCI 연장 아답터 (ITA522),,8970,37몰,
4033315,앱코 NCORE 픽셀,,31320,3몰,
4037770,Phanteks ENTHOO EVOLV ATX TG,AG,316620,22몰,
4037771,Phanteks ENTHOO EVOLV ATX TG,GS,316620,27몰,
4059354,EVERCOOL 메인보드 절연 와샤,,470,49몰,
4129983,라이트컴 COMS PCI 연장 케이블 (BS761),,9010,34몰,
4170841,AMAQUEST K255F 2U 랙마운트,,86740,46몰,
4171281,AMAQUEST AM-4000D (12X13) 4U 랙마운트,,146560,3몰,
4184812,2MONS 서버 4U E-ATX D400,,82000,52몰,
4231753,2MONS 서버 4U E-ATX D400 USB3.0,,96000,49몰,
4362961,2MONS 서버용 18인치 레일(2PCS/SET),,46500,52몰,
4391262,2MONS 4U LCD 핫스왑*8 USB3.0,,310000,43몰,
4398158,쿨러마스터 MasterCase Glass Side Panel,,57470,37몰,
4484881,IN WIN 805 인피니티 블랙,,129000,54몰,
4525357,셀텍 E-T4 Thin Mini-ITX 블랙,기본,37240,2몰,
4525439,셀텍 E-T4 Thin Mini-ITX 실버,기본,36480,4몰,
4525443,셀텍 E-T4 Thin Mini-ITX 실버,쿨러 포함,40920,1몰,
4622544,AMAQUEST 2U 랙마운트 AMH2055 Hot-Swap,,266000,59몰,
4698711,써멀테이크 Core W100,,480000,3몰,
4698755,써멀테이크 Core P100,,184640,46몰,
4785808,오존컴퍼니 VIPER COOL MESH,,39000,1몰,
4847659,Antec CUBE,,327420,1몰,
4968795,2MONS 3U LCD 핫스왑*4 USB 3.0,,239000,44몰,
5106837,2MONS SERVER 2U D400 + 서버용 18인치 레일 KIT,,103490,2몰,
5267077,디지탈그리고나 e-STAR PCIe 라이져카드 BC-116,,5300,6몰,
5288789,COUGAR CONQUER,오렌지,495720,1몰,
5353598,Fractal Design Define C 강화유리,,158870,1몰,
5371791,DEEPCOOL EARLKASE RGB,,95790,64몰,
5385929,이지넷유비쿼터스 넥스트 PCIe 라이져카드 (NEXT-10BCR),,2500,106몰,
5469555,2MONS 6U 비트코인 8way 2psu,,156490,45몰,
5638749,앱코 NCORE 벨루스 풀 아크릴,,21000,1몰,
5639074,리안리 Alpha330,블랙,110000,1몰,
5660258,2MONS 엘포즈7,,29990,58몰,
5660288,2MONS 엘포즈7 USB 4포트,,33230,65몰,
5660313,2MONS 엘포즈7 멀티포트,,38770,55몰,
5671528,AMAQUEST AM-480H15 4U 랙마운트,,140030,49몰,
5718431,앱코 SUITMASTER 361G 칼리스토 강화유리 DOUBLING,화이트,89000,1몰,
5718521,RAIJINTEK COEUS ELITE,,59000,1몰,
6099770,셀텍 E-K3 Mini-ITX USB 3.0 블랙 180W,180W 파워어댑터 포함,130560,1몰,
6099782,셀텍 E-K3 Mini-ITX USB 3.0 실버 180W,180W 파워어댑터 포함,130560,1몰,
6141478,RAIJINTEK ZOFOS EVO WINDOW,,199000,1몰,
6152004,Phanteks ENTHOO PRO TG,블랙,189000,29몰,
6193924,유한하이테크 YH-200S,,51590,24몰,
6279876,CORSAIR CRYSTAL SERIES 280X RGB 강화유리,화이트,123430,20몰,
6313577,AMAQUEST F4500G 4U,,142120,47몰,
6427127,CABLEMATE CH318 SATA to eSATA 1포트 외장브라켓 (벌크),,544,16몰,
6427146,CABLEMATE CH315 SATA to eSATA 1포트 일반브라켓,0.45mm,1200,2몰,
6456172,마이크로닉스 BOHEMIAN GUSTO,,42800,2몰,
6482453,써멀테이크 Versa H17,,106500,1몰,
6487034,RAIJINTEK OPHION EVO,블랙,75000,1몰,
6558632,Phanteks STACKABLE HDD BRACKET,,15990,33몰,
6569198,Phanteks VERTICAL GPU RISER EXTENDER,Slimline 220mm/90,41500,4몰,
6569209,Phanteks VERTICAL GPU RISER EXTENDER,Premium 220mm/90,60600,33몰,
6577122,GIGABYTE PCI-E 3.0 x16 라이저 케이블,,40500,8몰,
6749986,BRAVOTEC 트레저 X9 920T 타이탄 글래스,블랙,75960,77몰,
6759490,Antec TORQUE,블랙,539000,43몰,
6884425,COUGAR GEMINI T,,252750,4몰,
7025194,2MONS 1U ITX D250,,114990,44몰,
7335787,ASUS TUF Gaming GT501,,211000,3몰,
7592995,AMAQUEST F4514B,,143170,49몰,
7614097,RAIJINTEK OPHION M EVO,,169000,1몰,
7689277,잘만 T6,,27720,68몰,
7706725,ASUS ROG STRIX HELIOS,,398620,53몰,
7738663,쿨러마스터 RISER CABLE PCI-E 3.0 x16 (200mm),,33480,10몰,
7743760,NZXT H500 OVERWATCH,,198000,48몰,
7825258,Phanteks VERTICAL GPU RISER EXTENDER,Flatline 220mm/90,40750,31몰,
7825297,Phanteks VERTICAL GPU RISER EXTENDER,Flatline 300mm/180,41490,34몰,
7991602,써멀테이크 Commander C32 TG ARGB 에디션,,137500,20몰,
7991638,써멀테이크 Commander C33 TG ARGB 에디션,,137500,22몰,
7991707,써멀테이크 Commander C34 TG ARGB 에디션,블랙,137500,23몰,
8043859,앱코 NCORE 언더바,,23700,70몰,
8114950,Antec TORQUE,화이트,538000,52몰,
8141725,3RSYS EL-GUIDE,,3050,11몰,
8173504,BRAVOTEC SWORD S830 RGB 타이탄 글래스,블랙,56000,2몰,
8449863,바이퍼테크 VIP ITX,,33990,43몰,
8577818,앱코 SUITMASTER 321X 듀얼리티 강화유리 스펙트럼 Dualight,블랙,55000,1몰,
8852222,AMAQUEST KN4-MT (4bay Hot-swap),,127490,54몰,
8869058,쿨러마스터 COSMOS C700P 강화유리 BLACK EDITION,,529000,1몰,
9295779,앱코 SUITMASTER 321X 듀얼리티 강화유리 스펙트럼 Dualight,화이트,56000,1몰,
9306483,잘만 X3 RGB 강화유리,블랙,129000,1몰,
9306525,잘만 X3 RGB 강화유리,화이트,129000,1몰,
9341127,쿨러마스터 Rotatable Graphics Card Bracket,,37930,51몰,
9354213,선경씨앤씨 RPC-480,블랙,101550,30몰,
9376470,darkFlash DLM21 RGB MESH 강화유리,블랙,57190,126몰,
9376491,darkFlash DLM21 RGB MESH 강화유리,화이트,55980,119몰,
9456939,앱코 SUITMASTER 322S 인테이커 강화유리 스펙트럼 Dualight,화이트,45560,7몰,
9458247,셀텍 E-U3 실버,기본,36480,2몰,
9514584,앱코 SUITMASTER 760S 어트랙션 강화유리 스펙트럼 Duplex,블랙,67470,1몰,
9647886,be quiet PURE BASE 500 WINDOW,화이트,127490,37몰,
9735324,마이크로닉스 Master Z4 강화유리,블랙,87990,2몰,
9735348,마이크로닉스 Master Z4 강화유리,화이트,86400,1몰,
9769494,Antec STRIKER,,404900,60몰,
9795630,대양케이스 ME NO.8 RGB 강화유리,화이트,87000,4몰,
9822903,Phanteks ECLIPSE P400A,블랙,135850,37몰,
9822933,Phanteks ECLIPSE P400A,화이트,135840,39몰,
9823071,Phanteks Vertical GPU Kit 2,,61700,35몰,
9916125,앱코 SUITMASTER 760S 어트랙션 강화유리 스펙트럼 Duplex,화이트,55310,9몰,
9918264,AMAQUEST V1-HT8,,182000,47몰,
9941820,영재컴퓨터 NUDI BRANCH,블랙,157400,50몰,
9985203,Antec P120 CRYSTAL,블랙,140980,60몰,
10006971,BRAVOTEC 트레저 X9 920T 타이탄 글래스,화이트,86990,73몰,
10071663,2MONS 2U E-ATX D650,,122000,42몰,
10071696,2MONS 2U E-ATX D650 USB3.0,,134000,51몰,
10085070,JONSBO A4,실버,208000,2몰,
10128603,JONSBO MOD3,화이트,450000,1몰,
10165092,마이크로닉스 COOLMAX 가성비 NO.2,,22040,94몰,
10249821,DEEPCOOL MATREXX 55 MESH ADD-RGB 4F,,84190,69몰,
10288131,리안리 LANCOOL II-2X,,18500,4몰,
10317576,잘만 M3,,67880,1몰,
10325004,AMAQUEST K430B,,58000,51몰,
10325019,AMAQUEST K230B,,57480,48몰,
10359000,마이크로닉스 오피스,,34500,125몰,
10367772,DEEPCOOL PAB 300 라이저 케이블,,46170,58몰,
10386789,RAIJINTEK METIS EVO TGS,블랙,99000,3몰,
10386792,RAIJINTEK METIS EVO TGS,화이트,99000,2몰,
10386810,RAIJINTEK METIS EVO ALS,블랙,99000,3몰,
10386819,RAIJINTEK METIS EVO ALS,화이트,99000,3몰,
10419432,JONSBO MOD4,그레이,231500,60몰,
10423167,마이크로닉스 Master M60 메쉬,블랙,48300,155몰,
10487241,앱코 NCORE 미라클 강화유리 LUMIA,화이트,84000,2몰,
10558761,앱코 SUITMASTER TA210 플라즈마 아크릴 LUNAR,,53160,13몰,
10909788,Fractal Design Define 7,블랙,306000,67몰,
10910196,Fractal Design Define 7 Dark 강화유리,블랙,336640,83몰,
10958544,Fractal Design Define 7 XL,,371600,85몰,
10958601,Fractal Design Define 7 XL Dark 강화유리,,397570,76몰,
11047713,RAIJINTEK ALSP of OPHION EVO,,30000,1몰,
11048286,RAIJINTEK ERIS EVO,,490000,1몰,
11048751,RAIJINTEK NYX PRO,타이탄,299000,1몰,
11048808,RAIJINTEK NYX PRO,옐로우,299000,1몰,
11048997,RAIJINTEK SILENOS PRO,,69000,1몰,
11096313,쿨러마스터 MasterBox MB311L ARGB,,54850,56몰,
11096421,쿨러마스터 MasterBox MB320L ARGB,,54860,45몰,
11113710,아이구주 HATCH 6 플렉스 메쉬 강화유리,블랙,49200,5몰,
11169117,AEROCOOL AERO ONE FROST,,49900,2몰,
11169177,AEROCOOL AERO ONE MINI FROST,,45500,1몰,
11257095,몬스타 가츠 S620 RGB 강화유리,,38000,1몰,
11339625,아이구주 HATCH 6 플렉스 메쉬 강화유리,화이트,42300,1몰,
11479695,Fractal Design Define 7 Compact,블랙,196200,2몰,
11480586,SilverStone SST-GD09B-C,,141900,41몰,
11480787,SilverStone Sugo SST-SG13B-C,,88000,38몰,
11540768,마이크로닉스 Master M60 메쉬,화이트,49900,134몰,
11554955,ASUS ROG STRIX HELIOS WHITE EDITION,,466000,1몰,
11555084,ASUS TUF Gaming GT501 WHITE EDITION,,222000,2몰,
11601842,Fractal Design HDD Drive Tray Kit - Type B 블랙,2PACK,18900,37몰,
11601878,Fractal Design HDD Drive Tray Kit - Type B 화이트,2PACK,18900,22몰,
11601917,Fractal Design SSD Drive Tray Kit - Type B 화이트,2PACK,18900,23몰,
11605937,Fractal Design Hard Drive Cage Kit - Type B,,18900,32몰,
11610125,쿨러마스터 Universal Vertical GPU Holder Kit Ver.2,,35910,43몰,
11626910,앱코 NCORE 커넬 강화유리,,35800,80몰,
11719853,쿨러마스터 RISER CABLE PCI-E 3.0 x16 Ver.2,300mm,34990,39몰,
11731910,SilverStone SST-RC03B-220 라이저 케이블,,34000,1몰,
11739020,영재컴퓨터 NUDI BRANCH,화이트,169000,28몰,
11847802,ANIX M6865 미니,,41000,1몰,
11876488,ANIX S612SE LP,,30300,37몰,
11884168,darkFlash DLX21 RGB MESH 강화유리,블랙,92790,160몰,
11884207,darkFlash DLX21 RGB MESH 강화유리,화이트,103500,149몰,
11900881,2MONS 엘포즈9 TFX,,51000,98몰,
12001715,리안리 LANCOOL II MESH RGB,블랙,129000,1몰,
12010583,Phanteks P300A,,86730,31몰,
12024287,2MONS 1U LCD D400,,150470,42몰,
12177311,Phanteks ENTHOO PRO 2 TG,,302100,3몰,
12192491,darkFlash VB-X 라이저 케이블 지지대 KIT,네오민트,41000,4몰,
12204125,3RSYS J490 SILENCE,블랙,57720,112몰,
12279707,CORSAIR iCUE 4000X RGB,블랙,199000,1몰,
12279716,CORSAIR iCUE 4000X RGB,화이트,82170,54몰,
12359729,COOLMAI GOLDEN ARMOR MESH,,40990,12몰,
12399140,마이크로닉스 POCO ITX 강화유리,,119310,86몰,
12454685,쿨러마스터 MasterBox NR200P,화이트,83590,75몰,
12531095,2MONS 4U LCD D650 GPU-6,,247880,43몰,
12531173,2MONS 3U D300 에코,,77990,71몰,
12551834,2MONS 4U D650 핫스왑-12,,346910,39몰,
12597299,AMAQUEST K500-4GPU Smart USB3.0,,131670,65몰,
12634190,AMAQUEST M250GPU Smart USB3.0,,168240,50몰,
12648995,앱코 SUITMASTER AL300M 강화유리,미드나잇블루,71980,14몰,
12649013,앱코 SUITMASTER AL300M 강화유리,로즈골드,71980,15몰,
12681041,Fractal Design Meshify 2 XL Light 강화유리,,351620,78몰,
12686750,컴이지 킹덤 라이트,,14800,2몰,
12689864,앱코 SUITMASTER AL1000,레드와인,289990,6몰,
12859169,SilverStone FARA SST-FAV1MB-PRO,,168200,2몰,
12862703,2MONS 4U D450 GPU-3,,60990,49몰,
12964061,마이크로닉스 GX1-PUNCH 강화유리,,108000,8몰,
12985601,darkFlash DLH21,블랙,71810,10몰,
12985625,darkFlash DLH21,화이트,100600,5몰,
12996623,darkFlash DLH21,핑크,45000,69몰,
13007426,BRAVOTEC M110 마블 블랙팬서 강화유리,,19000,2몰,
13007468,BRAVOTEC M110 마블 스파이더맨 강화유리,,44940,77몰,
13007498,BRAVOTEC M110 마블 아이언맨 강화유리,,44940,77몰,
13013060,큐닉스그룹 큐닉스 INFINITY M,화이트,285000,1몰,
13029410,Antec P10 FLUX,,110500,78몰,
13050209,BRAVOTEC 트레저 X7 720T 타이탄 글래스,블랙,38940,77몰,
13068032,RAIJINTEK PAEAN PREMIUM,,298000,1몰,
13068332,RAIJINTEK SILENOS MS,화이트,55000,1몰,
13077236,ANIX S613 LP,,37040,7몰,
13122326,AMAQUEST M250GPU USB3.0,,151530,58몰,
13152371,CORSAIR 5000D,블랙,229000,2몰,
13152377,CORSAIR 5000D,화이트,108850,48몰,
13152467,CORSAIR 5000D AF,화이트,229000,2몰,
13152545,CORSAIR iCUE 5000X RGB,화이트,134460,55몰,
13199333,마이크로닉스 QUANTA HMR-340SE,,106000,5몰,
13240022,JONSPLUS i100 Pro,블랙,218000,1몰,
13243922,써멀테이크 AH T200 MICRO,블랙,198000,1몰,
13270577,컴이지 킹덤 코디101 V2,블랙,35210,78몰,
13270586,컴이지 킹덤 코디101 V2,화이트,37610,76몰,
13275992,Antec DF700 FLUX MESH 강화유리,,101900,3몰,
13276412,Phanteks ECLIPSE P360A,블랙,106580,37몰,
13276415,Phanteks ECLIPSE P360A,화이트,106580,41몰,
13289675,잘만 Z-Machine 500,,950000,2몰,
13333772,LINKUP SR-020 Ultra PCIe 4.0 X16 라이저 케이블,,43000,4몰,
13369385,셀텍 E-K3 mini-ITX USB 3.0 블랙 120W,120W 파워어댑터 포함,95990,3몰,
13369499,셀텍 E-K3 Mini-ITX USB 3.0 실버 120W,120W 파워어댑터 포함,108000,1몰,
13381619,darkFlash DK200 RGB 강화유리,블랙,40380,100몰,
13381634,darkFlash DK200 RGB 강화유리,화이트,44500,117몰,
13392233,잘만 T8,,30300,2몰,
13427846,AMAQUEST V2-590 2U 랙마운트,,337530,70몰,
13449515,BRAVOTEC 트레저 X7 720T 타이탄 글래스,화이트,73000,1몰,
13460804,3RSYS T700,블랙,86500,5몰,
13480289,리안리 PW-PCI-420,,92000,2몰,
13486406,셀텍 E-2015 ITX 120W,12V/10A 120W 파워어댑터 포함,78990,2몰,
13489595,Fractal Design Meshify 2 Compact,블랙,185800,66몰,
13531196,AMAQUEST AM-650H15 4U 랙마운트,,148390,53몰,
13537256,AONE PCI-Express 1x to 16X 009S LED 라이저카드,,1270,54몰,
13545416,AMAQUEST AM-650N 4U 랙마운트,,160930,57몰,
13796111,3RSYS T700,화이트,68000,87몰,
13818002,darkFlash DLH21,민트,45105,55몰,
13851386,AONE PCIe 16x 008C 라이저 카드,,7510,1몰,
13917083,Phanteks EVOLV SHIFT 2,블랙,165510,33몰,
13918223,Phanteks EVOLV SHIFT 2,앤트러사이트 그레이,166150,32몰,
13933289,3RSYS T840 풍통,블랙,113960,102몰,
13936562,Antec DARK CUBE,,254000,77몰,
13943759,ANIX PCI-E 1x to 16x6P 라이져카드,,1890,13몰,
13952603,바이퍼테크 VIP SLIM,,33990,12몰,
14197820,SSEN PCI-E 3.0 16X 라이저케이블,200mm,28600,10몰,
14240843,RAIJINTEK PAN SLIM,블랙,122550,3몰,
14240885,RAIJINTEK PAN SLIM,실버,122550,3몰,
14298059,쿨러마스터 MasterBox 540,,95080,36몰,
14321411,몬스타 LINKUP PCIe4.0 라이저케이블 + VGA홀더 Kit,,73470,4몰,
14438621,CHENBRO PC61739,,136000,52몰,
14439017,CHENBRO SR10569,,185000,49몰,
14482634,잘만 ZM-RCG422 PCIe 4.0 x16 라이저 케이블,,72480,81몰,
14501921,Phanteks ECLIPSE P200A DRGB,,98000,35몰,
14566301,마이크로닉스 Master M60 + Classic II 600W 화이트 패키지,,122000,3몰,
14567456,SSEN PCI-E 3.0 16X 라이저케이블,250mm,28000,11몰,
14644682,be quiet Silent Base 802,화이트,265000,1몰,
14654675,리안리 O11DMINI-1X-4,블랙,97000,1몰,
14654723,리안리 O11DMINI-1W-4,화이트,97000,1몰,
14705840,앱코 NCORE G30 트루포스,블랙,49000,76몰,
14728892,써멀테이크 TT Premium PCI 4.0 Extender,300mm,99000,19몰,
14751392,쿨러마스터 NR200P,핑크,93510,29몰,
14751968,쿨러마스터 NR200P,민트,93510,29몰,
14763245,몬스타 MOD7,블랙,189000,1몰,
14763371,몬스타 MOD7,화이트,89000,2몰,
14799467,앱코 PUBG 배틀그라운드 하자드 에디션,,53550,9몰,
14807990,G.SKILL Z5i,,259000,34몰,
14837864,be quiet HDD CAGE 서린,,9000,33몰,
14837960,be quiet PSU SHROUD for DARK BASE PRO 900 서린,,32900,6몰,
14839061,Fractal Design Define R6,블랙,275700,1몰,
14840138,Fractal Design Define R6 강화유리,블랙,235850,1몰,
14903585,Antec NX200M MESH 강화유리,블랙,37000,1몰,
14916101,잘만 N3 FM 강화유리,블랙,36180,92몰,
14920292,2MONS 4U D650 핫스왑-16,,386200,34몰,
14920439,2MONS 4U D650 HD-28,,215600,2몰,
14922485,AONE PCI-E 3.0 16X 300mm 라이저케이블,블랙,23900,50몰,
14990672,SilverStone SST-RC05B-220 라이저 케이블,,60460,59몰,
15025229,Fractal Design Torrent Solid,블랙,328650,59몰,
15031841,MSI MAG 뱀파이어 300R,,90000,2몰,
15050393,앱코 SUITMASTER P1000 강화유리,화이트,59000,48몰,
15063971,앱코 NCORE G30 트루포스,화이트,45000,64몰,
15118730,Antec P120 CRYSTAL,화이트,148400,61몰,
15437651,ANIX S616LP,,32120,21몰,
15440441,AMAQUEST V4-590 4GPU 4U 랙마운트,,444110,51몰,
15482417,AMAQUEST V3-500 3U 랙마운트,,163010,40몰,
15491819,AMAQUEST AM-550N PLUS 4U 랙마운트,,142120,51몰,
15511661,쿨러마스터 MasterAccessory Riser Cable PCIe4.0 x16,200mm,92000,1몰,
15511673,쿨러마스터 MasterAccessory Riser Cable PCIe4.0 x16,300mm,91960,60몰,
15690299,쿨러마스터 MasterBox NR200P MAX,,522470,33몰,
15708788,COUGAR DUST2,데저트 샌드,87900,35몰,
15726461,컴퓨터광장 채굴용 오픈케이스 ver.2,,26490,26몰,
15738686,3RSYS R200,블랙,39060,121몰,
15738857,3RSYS R200,화이트,43000,118몰,
15746174,DEEPCOOL CG560,,98000,2몰,
15794921,리안리 PC-O11D XL LOL 영혼의 꽃 아리 에디션,,349000,76몰,
15823037,3RSYS L600,블랙,103000,2몰,
15894449,앱코 SUITMASTER H2000 스마트 쿨링,화이트,78000,48몰,
15906290,마이크로닉스 COOLMAX BANSHEE,,42500,1몰,
15931955,잘만 N3 FM 강화유리,화이트,38010,94몰,
15963779,몬스타 MOD7 PLUS,시크블랙,192640,3몰,
15963782,몬스타 MOD7 PLUS,모던화이트,199000,2몰,
15983618,PNC PARTNER EVEREST PCI-E 1x to 16X 009S-PLUS LED 라이저카드,,22200,1몰,
16079039,Antec DF800 FLUX MESH 강화유리,블랙,115500,4몰,
16121369,쿨러마스터 HAF 500,블랙,115980,37몰,
16121708,쿨러마스터 HAF 500,화이트,122250,36몰,
16128968,CORSAIR iCUE 5000X RGB QL Edition,트루 화이트,249690,58몰,
16139177,DEEPCOOL CK560,블랙,113700,8몰,
16139204,DEEPCOOL CK560,화이트,119400,67몰,
16144583,DAVEN KAISER AIR 강화유리,블랙,100040,2몰,
16154180,케이엘시스템 KLcom 채굴용 라이저카드 PCI-E 1x to 16x VER 009S,,1520,42몰,
16177940,쿨러마스터 MasterBox 500,블랙,106000,2몰,
16178162,쿨러마스터 MasterBox TD300 Mesh,블랙,57680,46몰,
16178309,쿨러마스터 MasterBox TD300 Mesh,화이트,61120,66몰,
16298882,마이크로닉스 LO1- FINO Plus,,51900,1몰,
16327118,CORSAIR iCUE 4000D RGB AIRFLOW QL Edition,트루 화이트,124160,1몰,
16338878,리안리 PC-O11D EVO 탑 패널 IO 킷,그레이,18900,56몰,
16339118,리안리 PC-O11D EVO 프론트 메쉬 킷,화이트,26900,1몰,
16384043,HYTE Revolt 3,블랙,183000,2몰,
16407419,Fractal Design Torrent Nano Black Solid,,173000,1몰,
16413707,CORSAIR iCUE 5000T RGB,블랙,216140,59몰,
16413866,CORSAIR iCUE 5000T RGB,화이트,216140,55몰,
16435712,오존컴퍼니 마이크로박스 ITX ALU USB2.0 알루미늄 케이스,,39990,11몰,
16435757,오존컴퍼니 마이크로박스 ITX ALU USB3.0 알루미늄 케이스,,40990,11몰,
16445945,마이크로닉스 Glory,,31816,109몰,
16483853,3RSYS L300 코드,화이트,56500,2몰,
16503638,ALPHACOOL SERVERRACK ES 4U 19형,,582610,38몰,
16526645,라벤타 8-12WAY 마이닝 케이스,,32000,3몰,
16541294,darkFlash DK1000 MESH 강화유리,화이트,87600,3몰,
16542008,darkFlash DK1000 MESH 강화유리,블랙,67900,134몰,
16545083,Phanteks SHIFT XT,GS,245560,47몰,
16555925,GEO메트릭퓨처 Model6 세잔,,81000,62몰,
16555982,GEO메트릭퓨처 Model6 달리,,83790,48몰,
16556030,GEO메트릭퓨처 Model6 반고흐,,88990,49몰,
16604054,앱코 SUITMASTER V2000 베놈 ARGB,화이트,47620,18몰,
16676309,darkFlash DK210 그래피티 ARGB 강화유리,,52000,73몰,
16710428,마이크로닉스 GM3-문,,49000,20몰,
16859912,HYTE Y60,블랙,266000,99몰,
16859927,HYTE Y60,화이트,266110,60몰,
16869143,써멀테이크 Versa T26 TG ARGB,,132000,2몰,
16869404,써멀테이크 Versa T27 TG ARGB,,132000,2몰,
16901807,HYTE Y60,레드,269000,30몰,
16902230,써멀테이크 TT Premium PCI 4.0 Extender,600mm,117000,24몰,
16902581,써멀테이크 DIVIDER 550 TG Ultra,,378000,20몰,
16910258,리안리 PC-O11D EVO 업라이트 GPU 브라켓,화이트,9900,15몰,
16983374,2MONS 2U D550 PLUS 핫스왑-3,,200900,39몰,
16983740,2MONS 4U 멀티 D500 핫스왑-4,,233200,40몰,
17000354,피닉스CNS 지니어스 M-701,,18730,9몰,
17000510,피닉스CNS 지니어스 M-707 RGB,,21960,1몰,
17006102,JONSBO VR3 PCIe 4.0,블랙,201900,3몰,
17030096,Phanteks P600S,매트 화이트,273780,35몰,
17030141,Phanteks EVOLV X,매트 화이트,362590,38몰,
17030348,Phanteks VERTICAL GPU RISER EXTENDER PCIe 4.0,Flatline 150mm/90,89990,35몰,
17030387,Phanteks VERTICAL GPU RISER EXTENDER PCIe 4.0,Flatline 220mm/90,87250,34몰,
17030969,Phanteks VERTICAL GPU KIT 4.0,,102920,40몰,
17033048,Antec P10 C SILENT,,112990,79몰,
17076743,Fractal Design USB-C 10Gbps Cable Model E,,17880,55몰,
17130326,아이구주 HATCH 2 소이,블랙,62900,3몰,
17185946,잘만 Z10,,78950,81몰,
17192498,잘만 Z10 PLUS,블랙,94430,104몰,
17192525,잘만 Z10 DUO,블랙,108800,75몰,
17224280,Antec NX200M RGB MESH 강화유리,,43000,78몰,
17234591,잘만 N4 CTRL,,42050,89몰,
17308448,써멀테이크 The Tower 500 TG,스노우,222000,11몰,
17334362,써멀테이크 DIVIDER 170 ARGB TG,블랙,106000,20몰,
17334371,써멀테이크 DIVIDER 170 ARGB TG,스노우,106000,20몰,
17334425,써멀테이크 DIVIDER 370 ARGB TG,블랙,151000,19몰,
17339837,NZXT Vertical GPU Mounting Kit 브라보텍,블랙,141000,10몰,
17339888,NZXT Vertical GPU Mounting Kit 브라보텍,화이트,130100,12몰,
17357018,Fractal Design Pop Air RGB Clear 강화유리 Core,시안,163000,2몰,
17357132,Fractal Design Pop Air RGB Clear 강화유리,화이트,163000,1몰,
17357537,Fractal Design Pop Air Clear 강화유리,블랙,149000,33몰,
17357669,Fractal Design Pop Air Solid,블랙,149000,1몰,
17357819,Fractal Design Pop XL Air RGB Clear 강화유리,블랙,198000,5몰,
17357855,Fractal Design Pop XL Air RGB Clear 강화유리,화이트,192010,64몰,
17357984,Fractal Design Pop Mini Air RGB Clear 강화유리,화이트,162830,69몰,
17358986,Fractal Design Pop Silent Clear 강화유리,블랙,148840,79몰,
17359076,Fractal Design Pop Silent Solid,블랙,98890,85몰,
17359157,Fractal Design Pop XL Silent Solid,블랙,181800,67몰,
17359220,Fractal Design Pop Mini Silent Solid,블랙,98890,94몰,
17359469,Fractal Design USB-C 10Gbps Cable Model D,,17800,57몰,
17359541,Fractal Design SSD Bracket Kit Type D,,13900,3몰,
17396630,darkFlash V4.0 라이저 케이블,215mm,58000,3몰,
17409059,3RSYS L600 Quiet,블랙,90000,109몰,
17409083,3RSYS L600 Quiet,화이트,91170,109몰,
17421899,KRAFT KOREA R6,블랙,43000,2몰,
17433503,3RSYS J740 Quiet,화이트,70000,72몰,
17451719,마이크로닉스 GX2-뉴런 글래스,,108640,22몰,
17458325,KRAFT KOREA THANOS RGB 강화유리,화이트,107000,55몰,
17472191,DAVEN THE KING ARGB 강화유리,화이트,96000,1몰,
17477087,Phanteks G360A DRGB,블랙,137930,34몰,
17477102,Phanteks G360A DRGB,매트 화이트,155700,42몰,
17485355,be quiet WINDOW SIDE PANEL for DARK BASE 900,,45000,14몰,
17525405,darkFlash DLX200 MESH RGB 강화유리,화이트,140000,1몰,
17584163,darkFlash VB-X 4.0 라이저 케이블 지지대 KIT 215mm,블랙,67980,60몰,
17584208,darkFlash VB-X 4.0 라이저 케이블 지지대 KIT 215mm,화이트,68000,5몰,
17584226,darkFlash VB-X 4.0 라이저 케이블 지지대 KIT 215mm,네오민트,65100,52몰,
17584232,darkFlash VB-X 4.0 라이저 케이블 지지대 KIT 215mm,핑크,67980,52몰,
17661059,리안리 LANCOOL III,블랙,198780,90몰,
17661149,리안리 LANCOOL III RGB,블랙,212770,76몰,
17661170,리안리 LANCOOL III RGB,화이트,228760,72몰,
17669537,darkFlash DF7100 VB-F 4.0 라이저 케이블 지지대 KIT,,68000,1몰,
17676842,Phanteks NEO QUBE 2 DRGB,블랙,199580,44몰,
17676848,Phanteks NEO QUBE 2 DRGB,화이트,199580,43몰,
17676860,Phanteks NEO QUBE 2 DRGB IM,블랙,245560,33몰,
17676863,Phanteks NEO QUBE 2 DRGB IM,화이트,245560,41몰,
17783147,darkFlash DK360 MESH RGB 강화유리,화이트,51000,109몰,
17791067,마이크로닉스 COOLMAX HEAVEN,블랙,25000,2몰,
17791136,마이크로닉스 COOLMAX HEAVEN,화이트,28000,1몰,
17865833,이엠텍 레드빗 OPTIMIZER B TYPE,,303960,10몰,
17884586,Fractal Design Meshify 2 Compact Lite Light 강화유리,블랙,218300,1몰,
17916311,오존컴퍼니 마이크로박스 ALU COOL47 알루미늄 케이스,,59000,13몰,
17951918,DAVEN 라피네,,14290,116몰,
17954243,darkFlash DS2000 MESH 강화유리,블랙,95000,1몰,
17954255,darkFlash DS2000 MESH 강화유리,화이트,85510,54몰,
17973449,AONE PCI-E 4.0 16X 300mm 라이저케이블,블랙,39000,9몰,
17976938,darkFlash DK110,,19060,134몰,
17982779,SSUPD MESHROOM S,파슬 그레이,285690,57몰,
17982827,SSUPD MESHROOM S,세이지 그린,282900,46몰,
17989769,몬스타 LINKUP PCIe 4.0 AVA 라이저 키트,,99000,4몰,
17989919,darkFlash LP20 ARGB PANEL,블랙,15000,70몰,
17989952,darkFlash LP20 ARGB PANEL,화이트,15000,76몰,
17990840,2MONS 엘포즈8 Type C,,38990,58몰,
18019721,아이구주 VENTI D1000,화이트,74900,3몰,
18053684,darkFlash DK200 RGB ADVANCED 강화유리,블랙,36840,112몰,
18053717,darkFlash DK200 RGB ADVANCED 강화유리,화이트,42890,116몰,
18072896,MSI MAG 포지 M100A,,36300,1몰,
18190976,darkFlash DS5000 MESH 강화유리,블랙,125000,27몰,
18190991,darkFlash DS5000 MESH 강화유리,화이트,128480,103몰,
18212909,DAVEN D6 MESH 강화유리,블랙,39460,124몰,
18212936,DAVEN D6 MESH 강화유리,화이트,43380,116몰,
18294494,Fractal Design Ridge,화이트,258720,75몰,
18316997,AMAQUEST K500-4GPU WC,,131670,53몰,
18317075,AMAQUEST K230RV,,90920,54몰,
18336293,HP 5.25 베이 필러,,14900,1몰,
18372062,써멀테이크 Core P3 TG PRO,블랙,201220,54몰,
18372071,써멀테이크 Core P3 TG PRO,스노우,196220,63몰,
18382964,ASUS TUF Gaming GT502,블랙,215490,36몰,
18396788,ASUS TUF Gaming GT502,화이트,227280,43몰,
18412487,앱코 SUITMASTER U1000 ONE ARGB,화이트,78900,46몰,
18419840,BRAVOTEC GUARDIAN 3100M V2 타이탄 글래스,블랙,85280,98몰,
18448688,Fractal Design North Mesh,차콜 블랙,248730,71몰,
18448706,Fractal Design North Mesh,초크 화이트,248730,85몰,
18448748,Fractal Design North TG Dark Tint,차콜 블랙,248730,96몰,
18448790,Fractal Design North TG Clear Tint,초크 화이트,248730,86몰,
18449441,BRAVOTEC GUARDIAN 3100M V2 타이탄 글래스,화이트,94000,87몰,
18515747,darkFlash DS5000 전면 강화유리 KIT,블랙,15000,52몰,
18515759,darkFlash DS5000 전면 강화유리 KIT,화이트,15000,53몰,
18538823,리안리 LANCOOL 216,블랙,124840,2몰,
18538844,리안리 LANCOOL 216 RGB,블랙,126000,1몰,
18538847,리안리 LANCOOL 216 RGB,화이트,136000,8몰,
18570371,Phanteks G500A DRGB,블랙,261240,42몰,
18570377,Phanteks G500A DRGB,매트 화이트,261230,39몰,
18631685,앱코 C11 배럭2,,24000,44몰,
18637934,JONSBO D31 MESH SCREEN,화이트,165590,3몰,
18642944,리안리 LAN216-1X ARGB Control & USB Module,블랙,21500,3몰,
18642950,리안리 LAN216-1W ARGB Control & USB Module,화이트,20900,73몰,
18697988,오존컴퍼니 마이크로박스 COOL GL MINI,,38000,18몰,
18728459,Antec P20CE ELITE 6FAN METAL MESH SOLID,,110990,79몰,
18750473,GEO메트릭퓨처 Model4 킹 아서,블랙,86500,3몰,
18750509,GEO메트릭퓨처 Model4 킹 아서,화이트,84950,48몰,
18769955,darkFlash DNX700 MESH RGB,블랙,69000,5몰,
18769988,darkFlash DNX700 MESH RGB,화이트,74980,89몰,
18846299,HYTE Y40,블랙,209000,3몰,
18846368,HYTE Y40,레드,209000,1몰,
18854135,피닉스CNS 아르페지오 미니 강화유리,블랙,43670,2몰,
18854162,피닉스CNS 아르페지오 미니 강화유리,화이트,26120,54몰,
18878549,오존컴퍼니 마이크로박스 THIN ITX Tiny,,39000,19몰,
18918650,CORSAIR 4000D RGB AIRFLOW,트루 화이트,199000,3몰,
18922775,darkFlash DNM600 MESH RGB,화이트,48290,100몰,
18961142,2MONS 4U D650 핫스왑-8 워터쿨,,340000,45몰,
18963626,마이크로닉스 PCIE 4.0 라이저 케이블,100mm,46600,2몰,
18963641,마이크로닉스 PCIE 4.0 라이저 케이블,200mm,49500,25몰,
19073519,3RSYS R260,블랙,41310,107몰,
19073543,3RSYS R260,화이트,53680,5몰,
19105625,1stPlayer T5,블랙,54990,10몰,
19107038,1stPlayer Mi6 MUSIC BAR,블랙,72100,74몰,
19107068,1stPlayer Mi6 MUSIC BAR,화이트,76800,74몰,
19108916,1stPlayer SP5,블랙,67920,81몰,
19108943,1stPlayer SP5,화이트,78000,8몰,
19109225,1stPlayer SP5-G,블랙,67920,78몰,
19109372,1stPlayer SP6 MUSIC BAR,블랙,77330,79몰,
19109408,1stPlayer SP6 MUSIC BAR,화이트,82550,83몰,
19109480,1stPlayer SP6-G MUSIC BAR,블랙,82990,8몰,
19109501,1stPlayer SP6-G MUSIC BAR,화이트,82550,84몰,
19109651,1stPlayer SP7,화이트,92000,5몰,
19135712,3RSYS R150,블랙,31290,115몰,
19176308,리안리 LAN3-1X Dust Filter Kit,블랙,14900,3몰,
19277042,Antec AX61 ELITE MESH 강화유리,,52090,66몰,
19278527,HYTE Y60,스노우 화이트,266000,58몰,
19317575,BRAVOTEC 트레저 X10 AERO,블랙,86890,81몰,
19317608,BRAVOTEC 트레저 X10 AERO,화이트,95900,75몰,
19389065,쿨러마스터 MasterBox TD500 Mesh V2,화이트,159000,2몰,
19448786,쿨러마스터 Vertical Graphics Card Holder Kit V3,화이트,125490,35몰,
19583933,DAVEN D4 MESH,블랙,34190,108몰,
19683875,SilverStone SST-RMS06-22,,104000,1몰,
19684184,SilverStone SST-RM400,,272000,1몰,
19701731,Antec PERFORMANCE 1 FT MESH 강화유리,블랙,217000,74몰,
19743740,마이크로닉스 EH1-몬드리안,블랙,59400,87몰,
19814957,잘만 T3 PLUS,,30990,96몰,
19869497,2MONS 4U D470 GPU-4 워터쿨,,189900,49몰,
19881209,3RSYS R150,화이트,34230,111몰,
20031230,3RSYS T700 Quiet,블랙,99000,1몰,
20037794,JONSBO C6,블랙,58930,24몰,
20037818,JONSBO C6,화이트,56500,64몰,
20050019,Phanteks NV7,블랙,313480,30몰,
20050028,Phanteks NV7,매트 화이트,313480,28몰,
20095337,RAIJINTEK PAEAN C7 TG4 케이스,화이트,89000,1몰,
20136845,잘만 i6,블랙,82420,1몰,
20136848,잘만 i6,화이트,69490,85몰,
20136923,잘만 N7,블랙,43000,6몰,
20162585,앱코 ABKONCORE C610S,,35340,2몰,
20163113,앱코 ABKONCORE HELIOS H500G SYNC,,62120,2몰,
20164172,앱코 ABKONCORE R760 SYNC,,178260,8몰,
20218466,Phanteks VERTICAL GPU KIT 4.0 WT,,105590,43몰,
20218475,Phanteks VERTICAL GPU RISER EXTENDER PCIe 4.0 WT,Flatline 220mm/90,89990,49몰,
20229629,1stPlayer Mi8,블랙,87500,3몰,
20229998,잘만 i3 NEO TG,블랙,69900,2몰,
20230046,잘만 i3 NEO TG,화이트,69350,62몰,
20255537,darkFlash DF2100 MESH RGB 강화유리,화이트,69000,1몰,
20305370,CORSAIR iCUE 2000D RGB AIRFLOW,화이트,108150,49몰,
20344577,Fractal Design Terra,실버,538200,1몰,
20344595,Fractal Design Terra,제이드,388590,82몰,
20344610,Fractal Design Terra,그라파이트,389000,5몰,
20379782,ASUS Prime AP201 강화유리,블랙,100180,1몰,
20461073,마이크로닉스 MANIC GM4-윙,,74000,13몰,
20516348,잘만 i3 NEO,화이트,57000,5몰,
20555807,JONSBO C6 HANDLE,블랙,63790,65몰,
20592965,MSI MPG 벨록스 100R,화이트,109000,4몰,
20598131,DAVEN V200,블랙,19090,115몰,
20639660,PCCOOLER PLATINUM LM300 ARGB,블랙,59900,2몰,
20639669,PCCOOLER PLATINUM LM300 ARGB,화이트,44900,3몰,
20685455,DAVEN V300,블랙,39000,3몰,
20737172,앱코 ABKONCORE R850 SYNC,,113440,36몰,
20779499,1stPlayer Mi6,화이트,70000,2몰,
21464180,KRAFT KOREA STARK PRO RGB,화이트,145000,69몰,
21496067,잘만 i4,블랙,57690,78몰,
21548498,1stPlayer MV8,화이트,74000,54몰,
21583037,앱코 SUITMASTER U3000 갤러리 ARGB 강화유리,블랙,65900,51몰,
21583046,앱코 SUITMASTER U3000 갤러리 ARGB 강화유리,화이트,65900,58몰,
21595940,AMAQUEST PCI-E 4.0 라이저 케이블,190mm,44000,44몰,
21674921,Phanteks G300A TRIPLE FAN EDITION,,100310,42몰,
21678809,SilverStone SST-RM23-502 아이보라,,208000,1몰,
21678905,SilverStone SST-RMS03-26 아이보라,,141360,2몰,
21699143,KRAFT KOREA STARK IMPACT,블랙,133000,50몰,
25220138,GAMDIAS NESO P1,블랙화이트,199000,21몰,
25264844,2MONS 4U D650 HD-28 워터쿨,,175900,42몰,
26446799,800 G5 TWR 먼지필터,,7000,1몰,
26516222,앱코 ABKONCORE AL700 SYNC,,90000,46몰,
27475526,MONTECH SKY TWO ARGB 강화유리,블루,114480,63몰,
27499652,리안리 PC-O11D EVO XL,블랙,407560,78몰,
27499688,리안리 PC-O11D EVO XL,화이트,417550,91몰,
27526658,쿨러마스터 MasterAccessory GEM,블랙,39710,56몰,
27526691,쿨러마스터 MasterAccessory GEM,화이트,39710,57몰,
27527207,BITFENIX TRACERY,화이트,90000,4몰,
27601835,KRAFT KOREA VISTA RGB 강화유리,화이트,82500,58몰,
27678284,잘만 P30,화이트,92990,100몰,
27678524,잘만 Z9 아이스버그 MS,블랙,129000,2몰,
27757268,2MONS 5U LCD D500 워터쿨 2psu,,396900,45몰,
27762230,앱코 G21M 니트,,52500,49몰,
27922283,앱코 O20M 오피스,화이트,25400,63몰,
27922328,앱코 O20M 오피스,블랙,23600,69몰,
28025648,3RSYS R120,블랙,28810,120몰,
28025660,3RSYS R120,화이트,31660,117몰,
28025804,3RSYS R30,블랙,20010,119몰,
28025819,3RSYS R30,화이트,23500,3몰,
28058153,SSUPD MESHROOM Exterior 360mm 팬 브래킷,블랙,47490,35몰,
28058237,SSUPD MESHROOM 알루미늄 피트 4.5cm,,39850,50몰,
28058339,GAMDIAS PCIE 4.0 라이저 케이블,"240mm, 블랙",76240,24몰,
28058369,GAMDIAS PCIE 4.0 라이저 케이블,"240mm, 화이트",76250,37몰,
28058570,앱코 G15 세이퍼 아크릴,블랙,38500,71몰,
28059506,쿨러마스터 MASTER BOX TD500 Mesh V2 Street Fighter 6 Chun-Li,,91630,73몰,
28059635,쿨러마스터 MASTER BOX TD500 Mesh V2 Street Fighter 6 Ryu,,91640,51몰,
28191794,GAMDIAS NESO P1,블랙레드,198780,71몰,
28191824,GAMDIAS NESO P1,화이트화이트,198510,76몰,
28212629,darkFlash DLM4000 GLASS,블랙,69300,3몰,
28212656,darkFlash DLM4000 GLASS,화이트,89000,1몰,
28213517,리안리 O11DEXL-1 업라이트 GPU 브라켓,블랙,10900,2몰,
28213538,리안리 O11DEXL-1 업라이트 GPU 브라켓,화이트,10500,1몰,
28326653,에디 A1 MESH 강화유리,블랙,36700,78몰,
28394378,MSI MPG 궁니르 300R 에어플로우,블랙,199000,13몰,
28399298,잘만 P30,블랙,87350,109몰,
28418435,잘만 M4,화이트,60960,99몰,
28440818,Phanteks NV5,블랙,148380,38몰,
28440824,Phanteks NV5,매트 화이트,158830,39몰,
28513877,써멀테이크 CTE C700 Air,블랙,238000,3몰,
28513898,써멀테이크 CTE C700 Air,스노우,238000,3몰,
28605620,2MONS 4U LCD D680 GPU-6 워터쿨 2psu,,327900,53몰,
28605887,AMAQUEST V4-590 4GPU Edition,,444110,54몰,
28607507,AMAQUEST M350GPU Smart,,184300,54몰,
28804802,be quiet SHADOW BASE 800 DX,블랙,239000,43몰,
28804850,be quiet SHADOW BASE 800 DX,화이트,239000,33몰,
28804916,be quiet SHADOW BASE 800,블랙,219000,38몰,
28857275,마이크로닉스 COOLMAX 투헤븐,,52710,2몰,
29309942,앱코 G15 세이퍼 아크릴,화이트,43900,68몰,
29311724,MSI PCI-E 4.0 X16 라이저 케이블,"180mm, 화이트",21630,75몰,
29392805,인네트워크 IN-N3750G 전면 거치 선반,,12690,32몰,
29655500,마이크로닉스 ANGEL MINI,,39900,121몰,
29679023,MSI MPG 궁니르 300R 에어플로우,화이트,199000,63몰,
29757155,PCCOOLER CPS C3 T500,블랙,72990,84몰,
29759999,Phanteks PREMIUM VERTICAL GPU BRACKET,블랙,151790,41몰,
29760011,Phanteks PREMIUM VERTICAL GPU BRACKET,화이트,151790,38몰,
29764037,영재컴퓨터 YJMOD DEVILRAY 6U 서버,,531990,39몰,
29822990,마이크로닉스 GH5-미다스,블랙,90000,1몰,
29823077,마이크로닉스 GH5-미다스,화이트,64893,118몰,
29876945,JONSBO TK-1,블랙,151990,85몰,
29876954,JONSBO TK-1,화이트,151990,77몰,
29905487,앱코 SUITMASTER M2000 NOVA ARGB 강화유리,화이트,59900,54몰,
30027653,Antec PERFORMANCE 1 FT MESH 강화유리,화이트,219000,2몰,
30140324,앱코 NCORE R320 SYNC,,90750,13몰,
30249392,MSI MAG 포지 120A 에어플로우,,39900,79몰,
30249503,MSI MAG 포지 320R 에어플로우,블랙,59000,69몰,
30329945,리안리 PC-O11 VISION,블랙,202600,1몰,
30329966,리안리 PC-O11 VISION,화이트,215400,1몰,
30498506,에디 M0,블랙,20690,85몰,
30498560,에디 M0,화이트,22700,2몰,
30499121,Antec AX81 RGB ELITE MESH 강화유리,,900000,1몰,
31050638,SSUPD MESHROOM Extender 브라켓,블랙,67000,45몰,
31050650,SSUPD MESHROOM Extender 브라켓,화이트,66560,47몰,
31285586,Phanteks NV9,매트 화이트,360000,1몰,
31286447,3RSYS R640 Quiet,블랙,96800,122몰,
31286465,3RSYS R640 Quiet,화이트,97790,120몰,
31339514,MONTECH KING 95,블랙,157140,7몰,
31408691,ASUS ProArt PA602,,339160,2몰,
31412510,앱코 O10M 오피스 라이트,블랙,19600,70몰,
31412546,앱코 O10M 오피스 라이트,화이트,22000,70몰,
31413674,darkFlash DRX70 MESH RGB 강화유리,블랙,53810,125몰,
31413680,darkFlash DRX70 MESH RGB 강화유리,화이트,56750,125몰,
31477355,HYTE Y70 Touch,화이트,625900,17몰,
31646423,앱코 G20 에픽 강화유리,블랙,38500,68몰,
31646468,앱코 G20 에픽 강화유리,화이트,39900,62몰,
31946360,GIGABYTE C301 GLASS V2,블랙,77000,1몰,
31946408,GIGABYTE C301 GLASS V2,화이트,77000,1몰,
31979303,투민시스템 TS10,,30600,95몰,
31983662,DAVEN AQUA,화이트,36000,6몰,
31986053,앱코 G25 매그넘 강화유리,화이트,48000,49몰,
32003387,JONSBO TK-2,블랙,181320,74몰,
32003396,JONSBO TK-2,화이트,180600,70몰,
32043569,3RSYS J540,,37190,110몰,
32043641,3RSYS S315 Quiet 리버스,화이트,79000,7몰,
32061440,Antec NX416L ARGB MESH 강화유리,블랙,94500,1몰,
32061452,Antec NX416L ARGB MESH 강화유리,화이트,94500,2몰,
32074448,리안리 PC-O11D EVO RGB,블랙,278700,73몰,
32074469,리안리 PC-O11D EVO RGB,화이트,278700,90몰,
32102741,마이크로닉스 ML-420 BTF,블랙,137740,113몰,
32102759,마이크로닉스 ML-420 BTF,화이트,138900,118몰,
32104529,DAVEN AQUARIUM,블랙,60020,113몰,
32104556,DAVEN AQUARIUM,화이트,64000,113몰,
32127659,쿨러마스터 Ncore 100 MAX,브론즈,539690,41몰,
32485628,에디 A0,블랙,26270,88몰,
32485634,에디 A0,화이트,27450,82몰,
32861099,darkFlash DS900 ARGB 강화유리,블랙,63600,153몰,
32861129,darkFlash DS900 ARGB 강화유리,화이트,67500,151몰,
32865761,앱코 U20 큐빅 강화유리,화이트,37500,49몰,
32919194,SilverStone RM51,,624000,7몰,
32927750,SilverStone RM400,,248340,66몰,
33037838,SilverStone RMS05-22 마이크로닉스,,144780,62몰,
33039626,SilverStone RMS06-22,,98920,62몰,
33360995,오존컴퍼니 마이크로박스 COOL MESH USB 2.0,,35000,12몰,
33361007,오존컴퍼니 마이크로박스 COOL MESH USB 3.0,,36000,12몰,
33362510,마이크로닉스 ML-420 View BTF,화이트,154000,2몰,
33439412,Antec C8 MESH,블랙,117000,82몰,
33439418,Antec C8 MESH,화이트,117000,81몰,
33484346,KRAFT KOREA VISTA Pro,화이트,107800,66몰,
33902402,에디 A1 MESH 강화유리,화이트,43700,82몰,
33902477,몬스타 가츠 X220M,화이트,38250,111몰,
33902522,몬스타 가츠 X420A,블랙,29770,89몰,
33990845,투민시스템 TA10,,18110,87몰,
33990908,투민시스템 TA20,,17670,20몰,
34335563,AONE PCI-E 4.0 16X 250mm 라이저 케이블,블랙,39000,51몰,
34335575,AONE PCI-E 4.0 16X 250mm 라이저 케이블,화이트,44910,1몰,
34336412,앱코 SUITMASTER U3000M 갤러리 미니 리버스 ARGB BTF,블랙,58000,63몰,
34336442,앱코 SUITMASTER U3000M 갤러리 미니 리버스 ARGB BTF,화이트,58000,7몰,
34740608,2MONS 엘-미니멀,,40980,73몰,
34816706,3RSYS S402 Quiet 리버스 BTF,블랙,88850,105몰,
34816730,3RSYS S402 Quiet 리버스 BTF,화이트,96350,107몰,
34816799,바이퍼테크 VIP 6COM USB3.0,,39000,22몰,
34816853,몬스타 가츠 X520LA 리버스,화이트,52240,105몰,
35224325,잘만 P10,블랙,50750,103몰,
35224373,잘만 P10,화이트,53480,96몰,
35225567,잘만 P30 Air BTF,블랙,92950,8몰,
35225579,잘만 P30 Air BTF,화이트,94980,98몰,
35229779,1stPlayer T7-P,블랙,52500,1몰,
35229785,1stPlayer T7-P,화이트,44550,75몰,
35233343,몬스타 가츠 X620A 리버스,화이트,54340,96몰,
35770283,몬스타 가츠 X320M,블랙,35500,1몰,
35805302,ASUS A21 PLUS,블랙,90700,1몰,
35810675,MONTECH KING 95,레드,180420,7몰,
36155537,앱코 ABKONCORE AL1000 SYNC 강화유리,레드와인,129550,5몰,
36155783,앱코 ABKONCORE AL300M SYNC 강화유리,미드나잇블루,76530,5몰,
36155810,앱코 ABKONCORE AL300M SYNC 강화유리,로즈골드,76630,5몰,
36156659,리안리 PC-O11D EVO RGB 프론트 메쉬 킷,블랙,29800,74몰,
36156665,리안리 PC-O11D EVO RGB 프론트 메쉬 킷,화이트,29870,35몰,
36307577,몬스타 가츠 X620A 리버스,블랙,51200,99몰,
36307751,ANIX ICE CUBE 강화유리,블랙,41280,2몰,
36307763,ANIX ICE CUBE 강화유리,화이트,31150,61몰,
36307802,ANIX 빙산 강화유리,블랙,37380,54몰,
36307838,ANIX 빙산 강화유리,화이트,40490,57몰,
36308180,써멀테이크 CTE E600 MX,블랙,278000,21몰,
36308186,써멀테이크 CTE E600 MX,스노우,276370,24몰,
36308270,리안리 PC-O11 VISION,크롬,226000,3몰,
36308360,몬스타 가츠 X520LA 리버스,블랙,50670,98몰,
36794582,BRAVOTEC SWORD S300 PATRON 타이탄 글래스,블랙,45790,87몰,
36794591,BRAVOTEC SWORD S300 PATRON 타이탄 글래스,화이트,51090,85몰,
36935618,darkFlash DK290 Air MESH RGB 강화유리,블랙,54600,4몰,
37690907,darkFlash DF5000 VB-F 4.0 라이저 케이블 지지대 KIT,블랙,48990,52몰,
37693031,darkFlash DF5000 VB-F 4.0 라이저 케이블 지지대 KIT,화이트,48990,54몰,
37930172,Antec CX200M RGB ELITE,화이트,59000,4몰,
38454536,CORSAIR 6500X,블랙,252280,2몰,
38454563,CORSAIR 6500X,화이트,234840,82몰,
38454662,CORSAIR 6500X RGB,블랙,322400,61몰,
38454689,CORSAIR 6500X RGB,화이트,322400,58몰,
38455076,CORSAIR 2500D Airflow,블랙,189000,1몰,
38455175,CORSAIR 2500X,블랙,189000,5몰,
38455181,CORSAIR 2500X,화이트,189000,1몰,
39253484,KRAFT KOREA SPECTER,블랙,137000,4몰,
39253505,KRAFT KOREA SPECTER,화이트,143000,54몰,
39614225,3RSYS S404 Quiet 리버스,블랙,67000,103몰,
39616661,3RSYS S404 Quiet 리버스,화이트,74000,102몰,
39767135,Antec CX200M RGB ELITE,블랙,59000,2몰,
40016330,Fractal Design North XL Clear 강화유리,초크 화이트,298680,62몰,
40016345,Fractal Design North XL MESH,초크 화이트,298680,81몰,
40016360,Fractal Design North XL Dark 강화유리,차콜 블랙,299000,38몰,
40016375,Fractal Design North XL MESH,차콜 블랙,298680,73몰,
40240178,에디 A7 MESH 강화유리,블랙,78790,80몰,
40240187,에디 A7 MESH 강화유리,화이트,83550,76몰,
40826582,DAVEN SIX FLOW,화이트,51800,86몰,
40896488,1stPlayer T7,화이트,49500,4몰,
41495963,앱코 SUITMASTER M3000 뉴본 ARGB 강화유리,화이트,108000,51몰,
41500874,몬스타 가츠 X740E,화이트,52100,80몰,
41613095,APNX Creator C1,블랙,169000,36몰,
41613173,APNX Creator C1,크로마 플레어,209000,4몰,
41613188,APNX Creator C1,화이트,172100,57몰,
41615831,Antec C3 ARGB,블랙,95380,83몰,
41615858,Antec C3 ARGB,화이트,99000,3몰,
42127208,CORSAIR 2500X RGB,블랙,253890,79몰,
42129812,CORSAIR 2500X RGB,화이트,253880,76몰,
42287291,HYTE Y70,블랙,279000,87몰,
42287327,HYTE Y70,레드,328650,81몰,
42287372,HYTE Y70,스노우 화이트,329000,83몰,
42287393,HYTE Y70,화이트,391700,1몰,
42291272,SSUPD MESHROOM S V2,차콜 블랙,186000,11몰,
42291314,SSUPD MESHROOM S V2,스노우 화이트,186000,15몰,
42858077,몬스타 가츠 X520A,화이트,41790,92몰,
42858419,몬스타 가츠 X120M,블랙,20000,85몰,
42858452,몬스타 가츠 X120M,화이트,23000,102몰,
44411645,몬스타 가츠 X840E,블랙,73650,78몰,
44906552,마이크로닉스 COOLMAX 버디,,19900,98몰,
44988845,선경씨앤씨 RPC-600 4U,,140990,31몰,
45022526,몬스타 가츠 X840E,화이트,85390,86몰,
45873434,Antec PCI-E 4.0 RTX40 라이저 케이블,"화이트, 200mm",61000,12몰,
46099073,Phanteks NV5 PREMIUM LED KIT,블랙,79420,45몰,
46099112,Phanteks NV5 PREMIUM LED KIT,화이트,79420,44몰,
46099124,Phanteks NV7 PREMIUM LED KIT,블랙,79420,44몰,
46099160,Phanteks NV7 PREMIUM LED KIT,화이트,79420,43몰,
46099175,Phanteks NV9 PREMIUM LED KIT,화이트,80890,41몰,
46100999,3RSYS T3000 Quiet,,249520,81몰,
47487926,JONSBO D300,블랙,79000,82몰,
47487935,JONSBO D300,화이트,79000,82몰,
47488172,써멀테이크 케이스 스탠드 키트,블랙,42840,46몰,
47488184,써멀테이크 케이스 스탠드 키트,스노우,43500,3몰,
47488190,써멀테이크 케이스 스탠드 키트,하이드레인저 블루,42840,47몰,
47488199,써멀테이크 케이스 스탠드 키트,말차 그린,42840,46몰,
47488211,써멀테이크 케이스 스탠드 키트,레이싱 그린,42840,44몰,
47488232,써멀테이크 케이스 스탠드 키트,범블비,42840,45몰,
47488256,써멀테이크 케이스 스탠드 키트,버블 핑크,42840,41몰,
47488265,써멀테이크 케이스 스탠드 키트,청록색,42840,40몰,
47488562,써멀테이크 The Tower 300,블랙,195410,76몰,
47488586,써멀테이크 The Tower 300,스노우,198000,59몰,
47488673,써멀테이크 The Tower 300,버블 핑크,204820,65몰,
47488694,써멀테이크 The Tower 300,범블비,208000,51몰,
47488703,써멀테이크 The Tower 300,하이드레인저 블루,208000,37몰,
47488715,써멀테이크 The Tower 300,말차 그린,204820,77몰,
47488730,써멀테이크 The Tower 300,레이싱 그린,207990,57몰,
47488748,써멀테이크 The Tower 300,청록색,204820,77몰,
47488814,몬스타 가츠 X420A,화이트,34270,79몰,
47488868,LINKUP AVA5 PCIE 5.0 X16 라이저 케이블,"노멀, 200mm",74390,30몰,
47488943,선경씨앤씨 RPC-2380 2U,,89890,25몰,
47489180,컴이지 킹덤 비바리움 미니,블랙,33490,83몰,
47489189,컴이지 킹덤 비바리움 미니,화이트,35700,88몰,
47840606,ASUS TUF Gaming GT302 ARGB,블랙,176000,1몰,
47841830,JONSPLUS Z20,블랙,95090,78몰,
47841839,JONSPLUS Z20,화이트,94070,78몰,
48476918,써멀테이크 3.9 LCD 스크린 키트,,134000,19몰,
48645560,BRAVOTEC 트레저 X80 EDGE 타이탄 글래스 BTF,블랙,96670,80몰,
48647198,be quiet DARK BASE 701,블랙,379000,3몰,
48647222,be quiet DARK BASE 701,화이트,399000,40몰,
48648926,마이크로닉스 COOLMAX 스테디,블랙,45900,133몰,
48648947,마이크로닉스 COOLMAX 스테디,화이트,46900,131몰,
48926018,MSI MAG PANO M100R 프로젝트 제로,블랙,94000,39몰,
48926027,MSI MAG PANO M100R 프로젝트 제로,화이트,99000,19몰,
48926270,에디 A6 강화유리,블랙,79700,78몰,
48926318,에디 A6 강화유리,화이트,82030,80몰,
49536398,be quiet HDD CAGE 2,,12900,42몰,
49643561,Phanteks ENTHOO PRO 2 CLOSED,블랙,245190,28몰,
49643717,Phanteks NEO AIR 2,화이트,106580,47몰,
49643804,Phanteks NEO AIR 2 DRGB,블랙,106580,47몰,
49643822,Phanteks NEO AIR 2 DRGB,화이트,106580,46몰,
49643972,Phanteks XT PRO,블랙,64790,40몰,
49644077,Phanteks XT PRO ULTRA,블랙,94990,29몰,
49644638,DAVEN AQUA A900,블랙,76300,4몰,
49644662,DAVEN AQUA A900,화이트,64000,7몰,
49644776,DAVEN AQUA M900,블랙,68500,5몰,
49644791,DAVEN AQUA M900,화이트,77000,4몰,
49645280,2MONS 외부포트 USB 2.0 케이블 벌크,,3290,38몰,
49645922,darkFlash DRX90 MESH RGB 강화유리,블랙,57740,108몰,
49831274,투민시스템 TM10,,14600,95몰,
49831355,투민시스템 TM20,,14060,91몰,
49995725,Phanteks XT VIEW,블랙,99270,48몰,
49995737,Phanteks XT VIEW,화이트,99270,47몰,
50126771,DAVEN AQUA EDGE,블랙,57000,103몰,
51366674,주연테크 메쉬박스,화이트,77180,3몰,
51383924,주연테크 카운터 D4,블랙,78650,4몰,
51386318,주연테크 카운터 D4,화이트,47370,7몰,
51398936,주연테크 굿워크 D1,화이트,32900,6몰,
51430739,ANIX G9 Multi & USB-C,,39710,40몰,
51549617,쿨러마스터 MASTERBOX 600 BTF,블랙,138000,5몰,
51549635,쿨러마스터 MASTERBOX 600 BTF,화이트,172200,4몰,
52066547,마이크로닉스 ML-420 View BTF,블랙,145790,125몰,
52153256,1stPlayer Mi5,화이트,45500,1몰,
52155758,JONSBO N4 for NAS,블랙,123570,71몰,
52155776,JONSBO N4 for NAS,화이트,123890,59몰,
52156013,JONSBO TK-3 BTF,블랙,114300,83몰,
52156076,JONSBO TK-3 BTF,화이트,114200,84몰,
52370321,쿨러마스터 SNEAKER X,,1422170,30몰,
53416733,GEO메트릭퓨처 Model4 킹 아서 + Silence GI 120 ARGB,화이트 패키지,89000,5몰,
53416976,darkFlash DPX90 ARGB 강화유리,블랙,58000,2몰,
53417006,darkFlash DPX90 ARGB 강화유리,화이트,67520,115몰,
53417261,고랩 GLM140 RGB MESH 강화유리,블랙,48000,4몰,
53522486,잘만 P30,블랙화이트,93720,98몰,
53783117,GAMDIAS TALOS E3 메쉬,블랙,39900,13몰,
53783126,GAMDIAS TALOS E3 메쉬,화이트,42200,81몰,
53783243,앱코 U30 마린,블랙,41900,87몰,
53783246,앱코 U30 마린,화이트,49900,82몰,
54101150,주연테크 MARINE D3,블랙,42900,2몰,
54101180,주연테크 MARINE D3,화이트,59900,3몰,
54327269,Antec C5 MESH ARGB BTF,블랙,141980,81몰,
54328283,잘만 P50 DS,블랙,126280,98몰,
54328352,잘만 P50 DS,화이트,131940,92몰,
54483824,SilverStone SST-RM41-H08 아이보라,,520000,1몰,
54484415,MSI MAG 포지 320R 에어플로우,화이트,64000,74몰,
54484445,MSI MAG 포지 321R 에어플로우,블랙,69000,68몰,
54814049,리안리 LANCOOL 206,화이트,112890,1몰,
54963182,PCCOOLER CPS C3 D510,블랙,67390,91몰,
54963227,PCCOOLER CPS C3 D510,화이트,72720,91몰,
55083089,MSI MAG PANO 100L 프로젝트 제로,블랙,117940,80몰,
55083104,MSI MAG PANO 100L 프로젝트 제로,화이트,119000,73몰,
55312943,COUGAR FV270,블랙,169000,1몰,
55316822,COUGAR FV270,화이트,179000,2몰,
55323101,COUGAR FV270 RGB,블랙,183100,2몰,
55324856,COUGAR FV270 RGB,화이트,209000,3몰,
55340483,COUGAR FV270 루미너스 로테이팅 플랫폼,블랙,29900,4몰,
56063507,이엠텍 레드빗 서버 케이스 전용 레일 키트 V2,,55750,33몰,
56138000,앱코 U20M 큐빅 미니,블랙,34700,71몰,
56138012,앱코 U20M 큐빅 미니,화이트,38070,72몰,
56139026,CORSAIR 3500X 강화유리,화이트,129000,6몰,
56139164,CORSAIR 3500X ARGB 강화유리,화이트,138700,12몰,
56139254,CORSAIR iCUE LINK 3500X RGB 강화유리,블랙,159520,74몰,
56139299,CORSAIR iCUE LINK 3500X RGB 강화유리,화이트,166180,73몰,
56149724,몬스타 가츠 X220M,블랙,35650,95몰,
56151686,COUGAR UNIFACE MINI RGB,화이트,57000,1몰,
56156075,마이크로닉스 COOLMAX 멜로디 View,블랙,36900,4몰,
56156108,마이크로닉스 COOLMAX 멜로디 View,화이트,41900,22몰,
56295353,darkFlash DLX30 NEO silent,블랙,110000,1몰,
57304289,Antec CX500M RGB,블랙,69200,88몰,
57304298,Antec CX500M RGB,화이트,71990,44몰,
57307040,darkFlash DPW90M ARGB 강화유리,블랙,61740,90몰,
57308642,DEEPCOOL PIXEL Series,핑크,6310,54몰,
57308654,DEEPCOOL PIXEL Series,레드,6310,54몰,
57308663,DEEPCOOL PIXEL Series,옐로우,6500,33몰,
57308678,DEEPCOOL PIXEL Series,쿨 그레이,6500,6몰,
57308687,DEEPCOOL PIXEL Series,블루,6500,32몰,
57308693,DEEPCOOL PIXEL Series,펌킨 오렌지,6310,53몰,
57308696,DEEPCOOL PIXEL Series,바이올렛,6310,54몰,
57509000,COUGAR PURITY RGB,화이트,39900,3몰,
57709235,3RSYS L904 Quiet,블랙,91970,109몰,
57709253,3RSYS L904 Quiet,화이트,94900,104몰,
57709328,마이크로닉스 EM1-Woofer 시그니처 에디션,팝핀 레드,45500,77몰,
58022924,Antec C8 MESH,우드,117000,72몰,
58023131,STCOM ST208B-750M,,1034000,1몰,
58023545,COUGAR MX360 RGB,,52590,2몰,
58096856,Antec C5 MESH ARGB BTF,화이트,142990,78몰,
58911584,3RSYS K101,블랙,39000,1몰,
59542682,리안리 SUP01,블랙,198780,94몰,
59542694,리안리 SUP01,화이트,198780,90몰,
59761130,주연테크 굿워크 D2,,91060,4몰,
59762132,darkFlash DK301M RGB MESH 강화유리,블랙,36200,116몰,
59927054,마이크로닉스 COOLMAX 레디,,35130,124몰,
59928893,3RSYS K400 리버스,블랙,58640,109몰,
59928902,3RSYS K400 리버스,화이트,63540,110몰,
60009248,Fractal Design Mood,라이트 그레이,302670,77몰,
60009269,Fractal Design Mood,블랙,294000,69몰,
60063428,darkFlash PCIe 4.0 라이저 케이블,160mm,37120,65몰,
60069011,리안리 A3-mATX,블랙,119000,95몰,
60069047,리안리 A3-mATX,화이트,119000,94몰,
60321833,darkFlash DS900M RGB 강화유리,블랙,46970,122몰,
60321872,darkFlash DS900M RGB 강화유리,화이트,47280,120몰,
61844213,HYTE Y70 Touch Infinite,블랙 체리,665160,68몰,
61844228,HYTE Y70 Touch Infinite,피치 블랙,679000,2몰,
61844234,HYTE Y70 Touch Infinite,스노우 화이트,679000,68몰,
61845671,리안리 A3-1 라이저 케이블 킷,"화이트, A3-1W, 200mm",78910,61몰,
61845692,리안리 A3-2 강화유리 사이드 패널,"블랙, A3-2X",21980,56몰,
61845713,리안리 A3-2 강화유리 사이드 패널,"화이트, A3-2W",21980,72몰,
62071772,darkFlash DMO11,블랙,20440,138몰,
62071802,darkFlash DMO11,화이트,25000,115몰,
62791454,마이크로닉스 WIZMAX ML-360 WIDE View BTF,블랙,91020,125몰,
62791472,마이크로닉스 WIZMAX ML-360 WIDE View BTF,화이트,91990,122몰,
63031391,MSI MAG PANO 100R 프로젝트 제로,블랙,137470,37몰,
63031403,MSI MAG PANO 100R 프로젝트 제로,화이트,139000,71몰,
63032180,SilverStone SST-RM52 마이크로닉스,,689000,59몰,
63034253,SilverStone SST-RM21-304 마이크로닉스,,582000,3몰,
63034277,SilverStone SST-RM21-308 마이크로닉스,,642000,3몰,
63034286,SilverStone SST-RM22-308 마이크로닉스,,534750,67몰,
63034319,SilverStone SST-RM22-312 마이크로닉스,,647280,69몰,
63034373,SilverStone SST-RM23-502-MINI 마이크로닉스,,173390,65몰,
63034448,SilverStone SST-RM41-506 마이크로닉스,,265050,65몰,
63034538,SilverStone SST-RM41-H08 마이크로닉스,,492900,69몰,
63034661,SilverStone SST-RM42-502 마이크로닉스,,390600,67몰,
63034964,SilverStone SST-RM43-320-RS 마이크로닉스,,1054520,66몰,
63035051,SilverStone SST-RM44 마이크로닉스,,380000,63몰,
63035120,SilverStone SST-RM46-502-I 마이크로닉스,,474300,64몰,
63035153,SilverStone SST-RM47-502-I 마이크로닉스,,539400,70몰,
63035258,SilverStone SST-RM61-312 마이크로닉스,,1148640,55몰,
63035309,SilverStone SST-RM600 마이크로닉스,,935480,59몰,
63035342,SilverStone SST-RMS03-26 마이크로닉스,,148270,42몰,
63141932,써멀테이크 View 380 TG ARGB,블랙,134800,49몰,
63141944,써멀테이크 View 380 TG ARGB,스노우,134800,48몰,
63417632,투민시스템 TM30 FRGB,,19190,85몰,
63419480,유한하이테크 YH-400S,,57220,32몰,
63419600,유한하이테크 YH-4000M,,57460,38몰,
63481319,AMAQUEST M250WC,,173470,50몰,
63481385,AMAQUEST M270GPU WC,,187150,50몰,
63481523,마이크로닉스 COOLMAX 멜로디 XL View,블랙,39040,102몰,
63481544,마이크로닉스 COOLMAX 멜로디 XL View,화이트,47900,113몰,
63482279,STCOM ST208B-750M + CRPS 1600W 리던던트 패키지,,1990000,1몰,
63482822,써멀테이크 The Tower 300,피치 퍼즈,197320,69몰,
63482834,써멀테이크 The Tower 300,말차 플럼,204820,66몰,
63557423,써멀테이크 케이스 스탠드 키트,피치 퍼즈,42840,41몰,
63557426,써멀테이크 케이스 스탠드 키트,말차 플럼,42840,42몰,
63559784,JONSBO C6-ITX,블랙,61780,59몰,
63559796,JONSBO C6-ITX,화이트,61560,62몰,
64270742,잘만 Z10 DS,블랙,230000,8몰,
64295855,몬스타 가츠 Y623A 아쿠아,화이트,60080,68몰,
64300145,JONSBO TK-0,블랙,151990,61몰,
64300208,JONSBO TK-0,화이트,151250,47몰,
64300355,SilverStone SST-RM23-502 마이크로닉스,,181000,4몰,
64375502,컴이지 킹덤 데스크 미니,,14840,67몰,
64392029,앱코 U40M 웨일샤크 ARGB BTF,블랙,56000,67몰,
64392059,앱코 U40M 웨일샤크 ARGB BTF,블랙화이트,62000,59몰,
64392077,앱코 U40M 웨일샤크 ARGB BTF,화이트,62000,8몰,
64393598,2MONS 2U E-ATX D650 리던던트 파워용 KIT,,14550,38몰,
64464317,Antec C5 MESH BTF,블랙,94990,4몰,
65303711,HYTE Y70 Touch Infinite Display Upgrade,피치 블랙,389000,70몰,
65303732,HYTE Y70 Touch Infinite Display Upgrade,스노우 화이트,388990,56몰,
65307710,ANIX S613 Type-C ECO,,32990,8몰,
65426303,DAVEN AQUA 다이버,블랙,39180,120몰,
65426339,DAVEN AQUA 다이버,화이트,47330,113몰,
65430776,2MONS 4U D680 핫스왑-24,,525000,44몰,
65432036,CORSAIR 6500X,화이트 세틴 그레이,305960,19몰,
65920166,써멀테이크 CTE E550 TG,블랙,216290,15몰,
65920190,써멀테이크 CTE E550 TG,스노우,211290,16몰,
65920202,써멀테이크 CTE E550 TG,말차 그린,216290,16몰,
65920268,써멀테이크 CTE E550 TG,그래벌 샌드,211290,13몰,
66039692,CORSAIR iCUE LINK 9000D RGB AIRFLOW,블랙,742960,59몰,
66039704,CORSAIR iCUE LINK 9000D RGB AIRFLOW,화이트,724560,58몰,
66334604,Antec C7 MESH ARGB BTF,블랙,151980,77몰,
66335597,Antec C7 MESH ARGB BTF,화이트,159000,12몰,
67510613,마이크로닉스 COOLMAX 댄디,,16900,7몰,
67513115,쿨러마스터 SHARK X,화이트,5114990,32몰,
67621040,몬스타 가츠 Y623A 아쿠아,블랙,54860,71몰,
67623128,DEEPCOOL CH170 DIGITAL,블랙,94660,63몰,
67625891,잘만 T4 PLUS,블랙,33490,9몰,
67677119,DEEPCOOL CH170 DIGITAL,화이트,96860,64몰,
67690010,마이크로닉스 WIZMAX ML-360 View,블랙,48800,83몰,
67690019,마이크로닉스 WIZMAX ML-360 View,화이트,54070,87몰,
67690958,DAVEN APEX V2,화이트,50000,3몰,
67851380,몬스타 가츠 Y226 RGB 아크릴,블랙,36730,50몰,
67851413,몬스타 가츠 Y226 RGB 아크릴,화이트,44000,1몰,
68242736,Fractal Design Era2,미드나잇 블루,368000,3몰,
68242754,Fractal Design Era2,실버,368000,2몰,
68297099,몬스타 가츠 Y724 아쿠아 BTF,블랙,53200,80몰,
68329244,리안리 A3-mATX,우드 블랙,147000,43몰,
68365325,이엠텍 레드빗 PERFORMIZER,,267840,81몰,
68436584,JONSBO N5,,256500,68몰,
68436614,몬스타 가츠 Y326 RGB 강화유리,블랙,39500,5몰,
68436617,몬스타 가츠 Y326 RGB 강화유리,화이트,37610,72몰,
68440847,darkFlash DY470 ARGB 강화유리,블랙,121630,112몰,
68440877,darkFlash DY470 ARGB 강화유리,화이트,126000,112몰,
68533229,몬스타 가츠 Y623M 아쿠아,블랙,33700,90몰,
68533232,몬스타 가츠 Y623M 아쿠아,화이트,44400,88몰,
68574671,앱코 UD50 블루웨일 ARGB BTF,블랙,65900,74몰,
68574686,앱코 UD50 블루웨일 ARGB BTF,화이트,69900,69몰,
68576819,TRYX LUCA L70,블랙,333000,54몰,
68576840,TRYX LUCA L70,화이트,333000,54몰,
68577197,darkFlash GCB470 라이저 케이블 지지대 KIT,블랙,36650,67몰,
68577215,darkFlash GCB470 라이저 케이블 지지대 KIT,화이트,38380,57몰,
68686202,몬스타 가츠 Y223 아쿠아,블랙,35000,1몰,
68686208,몬스타 가츠 Y223 아쿠아,화이트,30300,70몰,
68789348,몬스타 가츠 Y424 메쉬,블랙,34480,71몰,
68789363,몬스타 가츠 Y424 메쉬,화이트,38660,76몰,
68789462,몬스타 가츠 Y544 메쉬,블랙,56410,76몰,
68789492,몬스타 가츠 Y544 메쉬,화이트,60600,77몰,
69053759,HAVN HS 420,블랙,287790,61몰,
69053777,HAVN HS 420,화이트,290790,68몰,
69053828,HAVN HS 420 VGPU,블랙,399000,78몰,
69053852,HAVN HS 420 VGPU,화이트,438520,64몰,
69053921,몬스타 가츠 Y102 솔리드,블랙,20000,4몰,
69053942,몬스타 가츠 Y102 솔리드,화이트,22660,75몰,
69467414,컴이지 킹덤 비바리움 나노,블랙,19500,75몰,
69467498,컴이지 킹덤 비바리움 나노,화이트,20370,87몰,
69563378,HYTE Y70,스트로베리 밀크,일시품절,0몰,
69563441,HYTE Y70,타로 밀크,328650,73몰,
69564932,써멀테이크 PCI-E 4.0 Dual 90도 라이저 케이블,"블랙, 400mm",75490,14몰,
69564959,써멀테이크 PCI-E 4.0 Dual 90도 라이저 케이블,"화이트, 400mm",74490,15몰,
69565475,GEO메트릭퓨처 Model5,블랙,91130,76몰,
69565505,GEO메트릭퓨처 Model5,화이트,95780,71몰,
69565733,HYTE Y70,블루베리 밀크,327280,71몰,
69698504,COUGAR MX220 RGB,블랙,79000,3몰,
69698513,COUGAR MX220 RGB,화이트,79000,3몰,
70001051,Antec FLUX MESH BTF,블랙,135000,85몰,
70097153,COUGAR FV150 RGB,블랙,102900,2몰,
70099901,써멀테이크 The Tower 600,블랙,228360,65몰,
70099934,써멀테이크 The Tower 600,스노우,237990,64몰,
70099958,써멀테이크 The Tower 600,하이드레인저 블루,229890,67몰,
70099970,써멀테이크 The Tower 600,말차 그린,237880,49몰,
70103150,써멀테이크 The Tower 600 스탠드 키트,블랙,47020,44몰,
70103159,써멀테이크 The Tower 600 스탠드 키트,스노우,47020,44몰,
70103162,써멀테이크 The Tower 600 스탠드 키트,하이드레인저 블루,47020,44몰,
70103168,써멀테이크 The Tower 600 스탠드 키트,말차 그린,47020,44몰,
70250225,COUGAR MX600 MINI RGB,화이트,102300,2몰,
70250255,RAIJINTEK PAEAN ULTRA,,299000,1몰,
70252316,써멀테이크 The Tower 300,라임 스톤,204810,68몰,
70252406,써멀테이크 The Tower 300,그래벌 샌드,204810,72몰,
70332863,GAMDIAS NESO P1 PRO,블랙,222810,57몰,
70332872,GAMDIAS NESO P1 PRO,화이트,220080,56몰,
70332923,GAMDIAS ATHENA M3,블랙,69830,69몰,
70332935,GAMDIAS ATHENA M3,화이트,72310,72몰,
70619111,리안리 LANCOOL 207,블랙,109000,86몰,
70619144,리안리 LANCOOL 207,화이트,116000,76몰,
70678196,리안리 O11 VISION COMPACT,블랙,206780,99몰,
70678232,리안리 O11 VISION COMPACT,화이트,206780,85몰,
70766837,SilverStone SST-RMS09-20 마이크로닉스,,100320,52몰,
70874867,darkFlash DRX50 MESH RGB 강화유리,블랙,39900,2몰,
71012591,ANIX DIAMOND ARGB,블랙,34480,39몰,
71012606,ANIX DIAMOND ARGB,화이트,33910,24몰,
71012933,ANIX METALLIC LUXURY RGB 강화유리,,37650,16몰,
71162336,3RSYS T300 Quiet BTF,블랙,135000,97몰,
71162339,3RSYS T300 Quiet BTF,화이트,145000,8몰,
71217944,잘만 P40 PRISM,블랙,106260,88몰,
71217980,잘만 P40 PRISM,화이트,114380,87몰,
71277161,be quiet LIGHT BASE 600 DX,블랙,177460,38몰,
71277167,be quiet LIGHT BASE 600 DX,화이트,184790,38몰,
71277218,be quiet LIGHT BASE 600 LX,블랙,223460,34몰,
71277224,be quiet LIGHT BASE 600 LX,화이트,230990,33몰,
71277794,be quiet LIGHT BASE 900 DX,화이트,222640,35몰,
71277848,be quiet LIGHT BASE 900 FX,블랙,287000,2몰,
71277872,be quiet LIGHT BASE 900 FX,화이트,295000,23몰,
71278103,엠탑코리아 MTOP THIN ITX,,32240,40몰,
71503073,GEO메트릭퓨처 Model5 + Silence GI 140 ARGB,블랙 패키지,166000,2몰,
71503091,GEO메트릭퓨처 Model5 + Silence GI 140 ARGB,화이트 패키지,171000,3몰,
71503163,GEO메트릭퓨처 Model5 벤트 + Silence GI 140 ARGB,화이트 패키지,176000,3몰,
71777285,몬스타 가츠 X523A,블랙,42490,77몰,
71777312,몬스타 가츠 X523A,화이트,48810,75몰,
71777573,Antec C8 MESH CURVE BTF,우드,157000,67몰,
71904299,darkFlash DP360 MESH RGB 강화유리,블랙,44150,107몰,
71904314,darkFlash DP360 MESH RGB 강화유리,화이트,46000,95몰,
71904638,darkFlash DP430 MESH RGB 강화유리,화이트,48500,90몰,
72061460,MONTECH KING 65 PRO,블랙,105000,65몰,
72061472,MONTECH KING 65 PRO,화이트,110000,63몰,
72063860,정한닷컴 CustomKorea DT530,화이트,177200,45몰,
72113624,강원전자 NETmate NM-HPI PCI-E 4.0 라이저 케이블 ARGB 키트,"NM-HPI3442, 블랙, 115mm",87000,46몰,
72113657,강원전자 NETmate NM-HPI PCI-E 4.0 라이저 케이블 ARGB 키트,"NM-HPI3443, 화이트, 115mm",87000,57몰,
72113753,강원전자 NETmate NM-HPI PCI-E 4.0 라이저 케이블 키트,"NM-HPI344, 블랙, 115mm",80190,35몰,
72113759,강원전자 NETmate NM-HPI PCI-E 4.0 라이저 케이블 키트,"NM-HPI3441, 화이트, 115mm",80190,34몰,
72224144,마이크로닉스 WIZMAX 문,블랙,50343,116몰,
72224177,마이크로닉스 WIZMAX 오로라,블랙,23765,124몰,
72224189,마이크로닉스 WIZMAX 오로라,화이트,26578,137몰,
72300917,이엠텍 레드빗 EFFICMIZER,,379440,52몰,
72417266,GAMEMAX Forge AB,블랙,56700,2몰,
72470105,Antec FLUX PRO MESH,블랙,254000,67몰,
72470123,Antec FLUX PRO MESH,화이트,236140,62몰,
72723299,darkFlash DQX80 ARGB BTF,블랙,84530,108몰,
72723323,darkFlash DQX80 ARGB BTF,화이트,92960,109몰,
72723491,darkFlash DCM30 RGB 강화유리,블랙,34250,128몰,
72723506,darkFlash DCM30 RGB 강화유리,화이트,38650,129몰,
72752837,몬스타 가츠 X200 아쿠아,블랙,26990,89몰,
72753242,몬스타 가츠 X200 아쿠아,화이트,29110,85몰,
72753428,마이크로닉스 WIZMAX 벨라,,40770,124몰,
72755741,잘만 T4 PLUS,화이트,36090,97몰,
72757409,써멀테이크 PCI-E 4.0 Dual 90도 라이저 케이블,"블랙, 130mm",72010,39몰,
72816449,써멀테이크 CTE E660 MX,블랙,289000,3몰,
72816464,써멀테이크 CTE E660 MX,레이싱 그린,274410,63몰,
73120748,ALPHACOOL SERVERRACK ES 2U 19형,,717000,1몰,
73121021,SilverStone ALTA F2,,1437000,6몰,
73121255,SilverStone ALTA G1M,블랙,210170,65몰,
73121354,SilverStone SST-ALTA D1 마이크로닉스,블랙,1211940,63몰,
73121462,3RSYS RX400 Quiet BTF,블랙,81470,104몰,
73121474,3RSYS RX400 Quiet BTF,화이트,84500,70몰,
73123292,Phanteks XT PRO SILENT,,88300,45몰,
73123424,Phanteks ECLIPSE G400A,블랙,156000,3몰,
73123436,Phanteks ECLIPSE G400A,화이트,148380,46몰,
73123478,HYTE Y70 Touch Infinite Display Upgrade,스트로베리 밀크,389000,67몰,
73250732,몬스타 가츠 Y360M 엣지,블랙,43880,79몰,
73250738,몬스타 가츠 Y360M 엣지,화이트,44470,79몰,
73616621,앱코 SUITMASTER MF360 리얼우드,화이트,76900,57몰,
73616639,앱코 SUITMASTER MF360 리얼우드,블랙,73900,48몰,
73761689,리안리 A3-mATX,우드 화이트,147000,89몰,
73767881,리안리 LAN207-1 전면 먼지 필터,블랙,6900,49몰,
73767929,리안리 LAN207-1 전면 먼지 필터,화이트,6900,54몰,
73883561,몬스타 가츠 Y300M 철가방,블랙,27160,87몰,
73883570,몬스타 가츠 Y300M 철가방,화이트,27160,81몰,
73885505,darkFlash DB330X RGB 강화유리,블랙,47500,2몰,
73885538,darkFlash DB330X RGB 강화유리,화이트,45000,64몰,
74005628,컴이지 킹덤 엣지,블랙,50060,67몰,
74005640,컴이지 킹덤 엣지,화이트,50500,2몰,
74011205,CORSAIR FRAME 4000D RS ARGB,화이트,126470,73몰,
74012729,쿨러마스터 NCORE 100 AIR,블랙,271680,49몰,
74012747,쿨러마스터 NCORE 100 AIR,화이트,273420,47몰,
74116568,마이크로닉스 WIZMAX 아트리안,,65766,126몰,
74117300,SilverStone SST-RM45-360 마이크로닉스,,450020,56몰,
74338778,darkFlash DK370 MESH RGB 강화유리,화이트,44600,77몰,
74420531,GAMDIAS ATLAS P1,,170230,69몰,
74545637,마이크로닉스 WIZMAX ML-360,,55193,131몰,
74806601,3RSYS R40,,22220,111몰,
74809523,SSUPD XHUTTLE,블랙,256560,47몰,
74809541,SSUPD XHUTTLE,화이트,256490,45몰,
74809850,마이크로닉스 WIZMAX 문 + MANIC 트윙클 Digital RGB Sync,트윙클 패키지,64670,72몰,
74904365,투민시스템 TM100 RGB 강화유리,블랙,27000,67몰,
74906462,투민시스템 TM100 RGB 강화유리,화이트,29880,70몰,
75071354,JONSBO C6 MAX,블랙,67970,73몰,
75071384,JONSBO C6 MAX,화이트,66000,76몰,
75071522,JONSBO D32 PRO BTF,블랙,75990,73몰,
75071534,JONSBO D32 PRO BTF,화이트,80490,83몰,
75071627,마이크로닉스 WIZMAX H100 V2,,24056,132몰,
75071696,JONSPLUS BO400 BTF,그레이,351230,58몰,
75376628,Phanteks EVOLV X2,블랙,218220,42몰,
75376649,Phanteks EVOLV X2,화이트,237200,40몰,
75596177,엠탑코리아 MTOP MINI USB3.0,,36000,1몰,
75596579,2MONS 서버용 65센티 레일(2PCS/SET),,48990,23몰,
75655238,AMAQUEST AMH-650H10,,438880,49몰,
75655250,2MONS 서버용 45센티 레일(2PCS/SET),,46030,18몰,
75657137,마이크로닉스 WIZMAX ML-360 WIDE BTF,블랙,111800,1몰,
75657164,마이크로닉스 WIZMAX ML-360 WIDE BTF,화이트,89240,133몰,
76160312,앱코 UH40 킬러웨일 ARGB,블랙,63000,23몰,
76160333,앱코 UH40 킬러웨일 ARGB,화이트,68500,67몰,
76329191,아이구주 VENTI P5000L,블랙,47990,66몰,
76329197,아이구주 VENTI P5000L,화이트,50990,70몰,
76793447,BITFENIX GLADIUS,블랙,36510,16몰,
76793498,BITFENIX GLADIUS,화이트,39830,15몰,
76943861,싸이번 LIMPID Micro-1,블랙,21000,3몰,
76946669,darkFlash DF4100 MESH ARGB BTF,블랙,77300,113몰,
76946687,darkFlash DF4100 MESH ARGB BTF,화이트,82390,109몰,
77015099,싸이번 Edge CV-Z9,블랙,135000,2몰,
77015135,싸이번 Edge CV-Z9,화이트,150000,2몰,
77379554,NZXT H7 Flow V2,매트 블랙,207000,14몰,
77379563,NZXT H7 Flow V2,매트 화이트,207000,8몰,
77379614,NZXT H7 Flow RGB V2,매트 블랙,236610,43몰,
77379680,NZXT H7 Flow RGB V2,매트 화이트,219000,43몰,
77380718,ASUS ProArt PA401 우드 에디션 메탈,블랙,134750,72몰,
77381492,Antec PERFORMANCE 1 M,블랙,408990,54몰,
77381570,Antec PERFORMANCE 1 M,아벤츄린,412990,54몰,
77783474,싸이번 LIMPID SC-M5,블랙,38350,64몰,
77783486,싸이번 LIMPID SC-M5,화이트,43500,4몰,
77788898,비티즈 BC20 MINI,블랙,24990,6몰,
77789015,비티즈 BC20 MINI,화이트,27360,4몰,
77855639,DEEPCOOL CH260,블랙,91970,83몰,
77855645,DEEPCOOL CH260,화이트,95400,76몰,
77857007,써멀테이크 The Tower 600,그래벌 샌드,229890,70몰,
77857346,써멀테이크 The Tower 600,레이싱 그린,232660,53몰,
77857370,써멀테이크 The Tower 600,버블 핑크,231990,50몰,
77857382,써멀테이크 The Tower 600,범블비,232850,44몰,
78100109,잘만 P10 NAMU,블랙,76910,92몰,
78100139,잘만 P10 NAMU,화이트,73390,103몰,
78530048,darkFlash DS500 RGB,블랙,44030,149몰,
78530069,darkFlash DS500 RGB,화이트,48440,144몰,
78710921,DEEPCOOL CH270 DIGITAL,블랙,114700,82몰,
78710963,DEEPCOOL CH270 DIGITAL,화이트,121400,77몰,
79397228,2MONS 5U TOWER D520 워터쿨 2PSU,,437490,43몰,
79401749,컴이지 킹덤 박스 미니,블랙,13140,93몰,
79401761,컴이지 킹덤 박스 미니,화이트,14440,86몰,
79556075,NZXT H5 Flow V2,화이트,193220,7몰,
79556231,NZXT H5 Flow RGB V2,블랙,129270,71몰,
79556237,NZXT H5 Flow RGB V2,화이트,139000,12몰,
79556423,NZXT H9 Flow,블랙,230000,18몰,
79556465,NZXT H9 Flow,화이트,237150,26몰,
79556762,NZXT H9 Elite,블랙,382000,25몰,
79556768,NZXT H9 Elite,화이트,355260,41몰,
79556873,NZXT H6 Flow,블랙,137230,64몰,
79556882,NZXT H6 Flow,화이트,129941,83몰,
79556957,NZXT H6 Flow RGB,블랙,169000,16몰,
79556969,NZXT H6 Flow RGB,화이트,166310,82몰,
79557563,NZXT H9 Flow V2,블랙,250200,62몰,
79557590,NZXT H9 Flow V2,화이트,250200,72몰,
79557863,NZXT H9 Flow RGB V2,블랙,249000,66몰,
79557938,NZXT H9 Flow RGB V2,화이트,249000,53몰,
79558145,NZXT H9 Flow RGB+ V2,블랙,359000,61몰,
79558178,NZXT H9 Flow RGB+ V2,화이트,359000,68몰,
79558676,마이크로닉스 WIZMAX 우드리안 PRO,,54630,134몰,
79559156,마이크로닉스 WIZMAX 우드리안 MAX,,84330,137몰,
79559438,마이크로닉스 WIZMAX 오닉스,,28990,145몰,
79559915,GAMDIAS AURA GC4 ELITE,월넛,59530,75몰,
80151332,3RSYS L330 Quiet,블랙,48500,4몰,
80151344,3RSYS L330 Quiet,화이트,48300,90몰,
80464100,darkFlash DB460M MESH RGB,블랙,40830,120몰,
80468717,darkFlash DB460M MESH RGB,화이트,45550,116몰,
80548145,쿨러마스터 MasterFrame 600,블랙,375270,53몰,
80548154,쿨러마스터 MasterFrame 600,실버,364680,37몰,
80621498,GAMDIAS AURA GC10M ARGB,블랙,57080,78몰,
80625593,GAMDIAS AURA GC10M ARGB,화이트,59900,76몰,
81718196,써멀테이크 The Tower 600 스탠드 키트,범블비,47010,51몰,
81718232,써멀테이크 The Tower 600 스탠드 키트,버블 핑크,47020,47몰,
81718238,써멀테이크 The Tower 600 스탠드 키트,그래벌 샌드,47030,42몰,
81718244,써멀테이크 The Tower 600 스탠드 키트,퓨처 더스크,47020,42몰,
81718247,써멀테이크 The Tower 600 스탠드 키트,라이트이어 그린,47020,43몰,
86098574,darkFlash DS900 ARGB 강화유리,블랙 우드,65000,24몰,
86098598,darkFlash DS900 ARGB 강화유리,화이트 우드,69000,4몰,
88206950,몬스타 가츠 X420A + ExtremeX FX700 80PLUS스탠다드 패키지,,75000,1몰,
88206977,몬스타 가츠 X520LA 리버스 + MASTERX X750W 80PLUS브론즈,블랙 패키지,116000,1몰,
88206980,몬스타 가츠 X520LA 리버스 + MASTERX X750W 80PLUS브론즈,화이트 패키지,124500,1몰,
88207007,몬스타 가츠 X620A 리버스 + ExtremeX FX800 80PLUS스탠다드,화이트 패키지,123900,1몰,
88207037,몬스타 가츠 X740E + MASTERX X850W 80PLUS브론즈 ATX3.1,화이트 패키지,119000,1몰,
88207052,몬스타 가츠 X840E + MASTERX X850W 80PLUS브론즈 ATX3.1,블랙 패키지,135000,1몰,
88207061,몬스타 가츠 X840E + MASTERX X850W 80PLUS브론즈 ATX3.1,화이트 패키지,140000,1몰,
88232735,몬스타 가츠 X225 모델0,블랙,29690,51몰,
89605691,3RSYS T200 Quiet BTF,블랙,103760,22몰,
89861615,darkFlash DCM33 RGB,블랙,35560,114몰,
89861651,darkFlash DCM33 RGB,화이트,38500,115몰,
89861942,리안리 DK07,블랙,1990000,44몰,
90156461,리안리 LANCOOL 207 DIGITAL,블랙,158830,79몰,
90156788,잘만 P40 DS,블랙,155300,86몰,
90156812,잘만 P40 DS,화이트,162690,82몰,
90156965,몬스타 가츠 Y223 아쿠아 + XF120 ARGB,화이트 패키지,52000,1몰,
90157004,몬스타 가츠 Y623M 아쿠아 + XF120 ARGB,블랙 패키지,58000,2몰,
90157022,몬스타 가츠 Y623M 아쿠아 + XF120 ARGB,화이트 패키지,62000,2몰,
90157475,3RSYS K105,블랙,32490,89몰,
90157508,3RSYS K105,화이트,44000,3몰,
90157658,싸이번 LIMPID SC-X7 BTF,블랙,76900,3몰,
90157679,싸이번 LIMPID SC-X7 BTF,화이트,79900,8몰,
90157793,싸이번 EDGE CV-Z3 iCafe,블랙,39900,7몰,
90157820,싸이번 EDGE CV-Z3 iCafe,화이트,42900,4몰,
90157958,싸이번 EDGE CV-R5,블랙,46490,64몰,
90157973,싸이번 EDGE CV-R5,화이트,52500,4몰,
90158330,Fractal Design North XL RC 강화유리,차콜 블랙,296010,61몰,
90158345,Fractal Design North XL RC 강화유리,초크 화이트,296010,72몰,
90270587,마이크로닉스 WIZMAX ML-360 WIDE View BTF 카잔 에디션,블랙,94000,1몰,
90642461,대양케이스 ARIGUE 360 ARGB,블랙,55590,46몰,
90642467,대양케이스 ARIGUE 360 ARGB,화이트,60360,44몰,
90642527,대양케이스 ARIGUE 240 RGB,블랙,37890,47몰,
90642539,대양케이스 ARIGUE 240 RGB,화이트,39050,44몰,
90647099,리안리 LANCOOL 217,블랙,199000,5몰,
90647105,리안리 LANCOOL 217,화이트,198780,81몰,
90648248,몬스타 가츠 X360 아쿠아,블랙,37390,58몰,
90648269,몬스타 가츠 X360 아쿠아,화이트,42280,59몰,
90886475,Phanteks XT M3,블랙,80470,49몰,
90886499,Phanteks XT M3,화이트,80460,47몰,
90889289,NZXT H3 Flow,블랙,94520,56몰,
90889313,NZXT H3 Flow,화이트,94900,77몰,
90956324,마이크로닉스 QUANTA HMR-445SE-GPU,,99000,52몰,
90956399,마이크로닉스 QUANTA HMR-445N1-GPU,,128000,54몰,
90960335,Antec PCI-E 4.0 RTX40 라이저 케이블 KIT V2,"화이트, 200mm",94900,1몰,
91187546,1stPlayer Mi5 WING,블랙,49000,1몰,
91187588,1stPlayer Mi5 WING,화이트,52340,52몰,
91187759,3RSYS K201,블랙,41470,101몰,
91187774,3RSYS K201,화이트,42950,102몰,
91348970,앱코 UD20M 미니웨일,블랙,25700,51몰,
91423457,3RSYS R530,블랙,53780,94몰,
91423472,3RSYS R530,화이트,57600,93몰,
91493210,주연테크 카운터 D6,블랙,75000,1몰,
91493216,주연테크 카운터 D6,화이트,78000,1몰,
91497413,darkFlash DY570 ARGB BTF,블랙,214990,99몰,
91497431,darkFlash DY570 ARGB BTF,화이트,218980,98몰,
91560728,Fractal Design Meshify 3 Ambience Pro RGB 강화유리,블랙,348000,68몰,
91560740,Fractal Design Meshify 3 Ambience Pro RGB 강화유리,화이트,348000,60몰,
91560842,Fractal Design Meshify 3 RGB 강화유리,블랙,249000,64몰,
91560869,Fractal Design Meshify 3 RGB 강화유리,화이트,249000,74몰,
91560920,Fractal Design Meshify 3 강화유리,블랙,213000,62몰,
91560935,Fractal Design Meshify 3 강화유리,화이트,213000,72몰,
91560968,Fractal Design Meshify 3 Solid,블랙,213000,62몰,
91561025,Fractal Design Meshify 3 XL Ambience Pro RGB 강화유리,블랙,398570,76몰,
91561040,Fractal Design Meshify 3 XL Ambience Pro RGB 강화유리,화이트,386990,58몰,
91561397,Fractal Design Meshify 3 XL RGB 강화유리,블랙,298680,67몰,
91561406,Fractal Design Meshify 3 XL RGB 강화유리,화이트,293990,61몰,
91561427,Fractal Design Meshify 3 XL 강화유리,블랙,269000,14몰,
91561445,Fractal Design Meshify 3 XL Solid,블랙,268710,81몰,
91765937,잘만 N7 Plus V2,블랙,39570,85몰,
91767113,마이크로닉스 WIZMAX 우드리안 ULTRA,,140410,124몰,
91864694,COUGAR AIRFACE PURE PRO,화이트,54900,2몰,
91868465,마이크로닉스 WIZMAX 오로라,달고나,24420,129몰,
91912655,써멀테이크 The Tower 250,스노우,170840,41몰,
91912658,써멀테이크 The Tower 250,말차 그린,180250,49몰,
91912661,써멀테이크 The Tower 250,하이드레인저 블루,180250,42몰,
91912667,써멀테이크 The Tower 250,버터 카라멜,180250,48몰,
91912673,써멀테이크 The Tower 250,민트 스트로베리,180250,45몰,
92043260,써멀테이크 The Tower 250 스탠드 키트,말차 그린,41460,45몰,
92043302,써멀테이크 The Tower 250 스탠드 키트,민트 스트로베리,41800,42몰,
92043308,써멀테이크 The Tower 250 스탠드 키트,버터 카라멜,41800,42몰,
92043314,써멀테이크 The Tower 250 스탠드 키트,블랙,42350,10몰,
92043329,써멀테이크 The Tower 250 스탠드 키트,하이드레인저 블루,42350,10몰,
92045654,3RSYS T2000 Quiet,블랙,130000,88몰,
92045669,3RSYS T2000 Quiet,화이트,137000,101몰,
92045816,마이크로닉스 WIZMAX 루프탑,블랙,93760,119몰,
92103647,PCCOOLER CPS C3 T700 ARGB,화이트,69900,85몰,
92105834,2MONS 4U All in One D560 GPU-4,,221900,42몰,
92149919,투민시스템 TA100 RGB 강화유리,블랙,19010,93몰,
92149940,투민시스템 TA100 RGB 강화유리,화이트,22550,77몰,
92186165,JONSBO D400 BTF,블랙,131990,72몰,
92186180,JONSBO D400 BTF,화이트,131990,71몰,
92187578,darkFlash DW500 우드 MESH RGB,블랙,69000,104몰,
92187584,darkFlash DW500 우드 MESH RGB,화이트,72580,100몰,
92234381,잘만 P40 NAMU,블랙,108520,90몰,
92234435,잘만 P40 NAMU,화이트,114380,86몰,
92358197,대양케이스 ARTISTIC ARGB,블랙,62310,37몰,
92358206,대양케이스 ARTISTIC ARGB,화이트,68830,37몰,
92682095,리안리 Vector V100,블랙,77000,78몰,
92682122,리안리 Vector V100,화이트,77000,67몰,
92682176,리안리 Vector V100 ARGB,블랙,98890,60몰,
92682194,리안리 Vector V100 ARGB,화이트,98890,78몰,
92892662,INWIN A5,블랙,124960,21몰,
93016340,CORSAIR FRAME 5000D RS,화이트,259180,64몰,
93016370,CORSAIR FRAME 5000D RS ARGB,블랙,230900,69몰,
93016394,CORSAIR FRAME 5000D RS ARGB,화이트,228450,68몰,
93018410,INWIN A3,블랙,114370,22몰,
93018971,be quiet PURE BASE 501,,119000,1몰,
93019016,be quiet PURE BASE 501 Airflow,화이트,153000,1몰,
93020132,be quiet PURE BASE 501 Airflow Window,화이트,163000,5몰,
93020210,be quiet PURE BASE 501 LX,블랙,199000,37몰,
93020219,be quiet PURE BASE 501 LX,화이트,209000,35몰,
93020333,be quiet PURE BASE 501 DX,블랙,176000,36몰,
93020354,be quiet PURE BASE 501 DX,화이트,189000,37몰,
93320456,앱코 UD50C 루시드 앰비언트 풀커브드 ARGB BTF,블랙,139000,71몰,
93320471,앱코 UD50C 루시드 앰비언트 풀커브드 ARGB BTF,화이트,125000,80몰,
93443144,엠디디지탈 PCI-E 1X to 16X 채굴용 라이저카드,,1360,32몰,
93444674,2MONS 6U LCD D680 AI 머신러닝 ver3.0,,464990,50몰,
93500879,SilverStone SST-FLP01W 마이크로닉스,,140300,74몰,
93567272,쿨러마스터 SHARK X,블랙,5172470,28몰,
93633530,COUGAR Omny X,블랙,139000,2몰,
93633641,COUGAR Omny X,화이트,139000,3몰,
93700982,3RSYS R190,블랙,41890,101몰,
93701027,3RSYS R190,화이트,43700,101몰,
93804113,darkFlash DS900G ARGB,블랙,84000,104몰,
93804134,darkFlash DS900G ARGB,화이트,86290,102몰,
93913109,마이크로닉스 WIZMAX CHILL 세븐팬,,48890,128몰,
93913328,Segotep Nexus1 PRO KR 아트홀,화이트,64930,83몰,
93917090,SSUPD MESHROOM D V2,블랙,174110,60몰,
93917108,SSUPD MESHROOM D V2,화이트,179000,48몰,
94026527,GIGABYTE C201 PANORAMIC,,59000,2몰,
94029254,ASUS PRIME AP202 ARGB,화이트,121520,67몰,
94029389,JONSPLUS Z20,블랙 오렌지,110000,1몰,
94080569,써멀테이크 The Tower 600,라이트이어 그린,232970,39몰,
94080614,써멀테이크 The Tower 600,민트 스트로베리,232970,40몰,
94080626,써멀테이크 The Tower 600,버터 카라멜,229890,57몰,
94080704,써멀테이크 The Tower 600,퓨처 더스크,229900,53몰,
94081250,Phanteks EVOLV S2,블랙,172420,41몰,
94081268,Phanteks EVOLV S2,화이트,167400,41몰,
94081511,HAVN HS 420 수직 마운트 앵글 팬 브라켓 세트,블랙,93190,50몰,
94081541,HAVN HS 420 수직 마운트 앵글 팬 브라켓 세트,화이트,93190,37몰,
94087853,Fractal Design Epoch Solid,블랙,188790,74몰,
94087892,Fractal Design Epoch 강화유리,블랙,188790,77몰,
94087928,Fractal Design Epoch 강화유리,화이트,188790,72몰,
94087988,Fractal Design Epoch RGB 강화유리,블랙,218770,77몰,
94088006,Fractal Design Epoch RGB 강화유리,화이트,218770,59몰,
94088324,앱코 G26M 메가플로우 미니 MESH,블랙,39190,1몰,
94088714,앱코 G26 메가플로우 MESH,블랙,39900,48몰,
94088744,앱코 G26 메가플로우 MESH,화이트,45900,42몰,
94566908,JONSBO V12,블랙,141990,72몰,
94566926,JONSBO V12,화이트,141990,71몰,
94635749,AMAQUEST K330B,,94060,51몰,
94692482,HAVN HS 420 Limited Edition,화이트,474050,1몰,
94692545,써멀테이크 케이스 스탠드 키트,그래벌 샌드,43410,22몰,
94692575,써멀테이크 케이스 스탠드 키트,라임 스톤,43410,12몰,
94694234,JONSBO NV10,블랙,75800,58몰,
94694240,JONSBO NV10,실버,75800,65몰,
94696580,SSUPD MESHROOM S V2 Ver.2,블랙,183730,42몰,
94696607,SSUPD MESHROOM S V2 Ver.2,화이트,183190,51몰,
94696649,SSUPD MESHROOM S V2 Ver.2 PCIe 5.0,블랙,298000,29몰,
94696658,SSUPD MESHROOM S V2 Ver.2 PCIe 5.0 B,화이트,298000,49몰,
94809395,AMAQUEST K300 WC,,112860,49몰,
94809422,AMAQUEST K355F,,118000,34몰,
94811246,AMAQUEST K600-4GPU WC 2PSU,,345880,47몰,
94811879,Antec C8 MESH ARGB,블랙,179000,2몰,
94811933,Antec C8 MESH ARGB,화이트,213000,1몰,
94812776,앱코 U30P 마린+ 디스플레이,블랙,46900,79몰,
94812809,앱코 U30P 마린+ 디스플레이,화이트,49900,66몰,
94814495,DAVEN AQUA Lite,블랙,19680,116몰,
94814507,DAVEN AQUA Lite,화이트,22940,108몰,
94880948,darkFlash DS900XL 우드 ARGB,블랙,95890,103몰,
94880963,darkFlash DS900XL 우드 ARGB,화이트,101680,105몰,
94881062,3RSYS R50 넥스,블랙,38260,96몰,
94881077,3RSYS R50 넥스,화이트,49500,2몰,
94881146,HYTE Powered USB Hub,,38020,53몰,
94885829,마이크로닉스 WIZMAX 루프탑,화이트,96030,112몰,
95056910,리안리 O11D MINI V2,블랙,143000,5몰,
95056937,리안리 O11D MINI V2,화이트,142840,82몰,
95057027,리안리 O11D MINI V2 FLOW,화이트,162830,79몰,
95200685,리안리 PW-PCI-520X 라이저 케이블,200mm,98890,75몰,
95204240,LINKUP AVA5 PCIE 5.0 X16 라이저 케이블,"노멀, 150mm",73190,16몰,
95204399,LINKUP AVA5 PCIE 5.0 X16 라이저 케이블,"노멀, 250mm",82600,15몰,
95346707,Antec SHIFT PCI-E 5.0 라이저 케이블 KIT ARGB,"블랙, 190mm",88900,16몰,
95346719,Antec SHIFT PCI-E 5.0 라이저 케이블 KIT ARGB,"화이트, 190mm",93900,13몰,
95424719,앱코 U20MP 큐빅 미니+ 디스플레이,블랙,39900,55몰,
95845220,쿨러마스터 MasterFrame 600 MESH ARGB,블랙,296770,54몰,
95845229,쿨러마스터 MasterFrame 600 MESH ARGB,실버,296770,50몰,
95845367,쿨러마스터 Masterframe 500 MESH NON ARGB,블랙,233270,53몰,
95845379,쿨러마스터 Masterframe 500 MESH NON ARGB,실버,235110,51몰,
95845592,쿨러마스터 Masterframe 500 MESH ARGB,블랙,257120,52몰,
95845601,쿨러마스터 Masterframe 500 MESH ARGB,실버,259150,50몰,
96060353,KRAFT KOREA FORTE Waltz RGB,,56660,57몰,
96060371,KRAFT KOREA FORTE Jazz RGB,,65660,58몰,
96060407,JONSBO T7,블랙,200063,3몰,
96060419,JONSBO T7,실버,187890,68몰,
96308750,앱코 C10M 컴팩트,블랙,17900,11몰,
96312719,Antec C5 MESH CURVE ARGB BTF,블랙,143890,78몰,
96312743,Antec C5 MESH CURVE ARGB BTF,화이트,148990,42몰,
96478760,에디 0,블랙,14540,76몰,
96478838,Antec C8 MESH QUAD ARGB,블랙,152890,73몰,
96478850,Antec C8 MESH QUAD ARGB,화이트,152590,70몰,
96481667,아이보라 RM41,,549120,1몰,
96580280,잘만 N30 백사십,블랙,42690,102몰,
96580307,잘만 N30 백사십,화이트,47000,96몰,
96580325,잘만 N30 백사십 PLUS,블랙,46890,94몰,
96580337,잘만 N30 백사십 PLUS,화이트,49890,93몰,
96771857,ARCTIC Xtender,블랙,197820,57몰,
96771884,ARCTIC Xtender,화이트,204670,54몰,
96771989,ARCTIC Xtender Mirror,블랙,197820,55몰,
96772031,ARCTIC Xtender VG,블랙,238730,54몰,
96772073,ARCTIC Xtender VG,화이트,247510,54몰,
96772118,ARCTIC Xtender VG Mirror,블랙,238730,55몰,
96772616,이엠텍 레드빗 OPTIMIZER PRO A,,228780,75몰,
96773036,마이크로닉스 WIZMAX 우퍼 딥톤,블랙,33853,103몰,
96773051,마이크로닉스 WIZMAX 우퍼 딥톤,화이트,37130,126몰,
96775775,쿨러마스터 ELITE 600 SEVEN ARGB,블랙,147320,61몰,
96775784,쿨러마스터 ELITE 600 SEVEN ARGB,화이트,154840,61몰,
96852605,ASUS A32 PLUS,블랙,122010,55몰,
96852617,ASUS A32 PLUS,화이트,121770,64몰,
97117652,DEEPCOOL CH160 PLUS,블랙,82190,36몰,
97117673,DEEPCOOL CH160 PLUS,화이트,81800,31몰,
97123091,리안리 Multi-Directional Vertical GPU Bracket Kit,블랙,128990,66몰,
97123115,리안리 Multi-Directional Vertical GPU Bracket Kit,화이트,128870,74몰,
97221194,3RSYS RX300 RGB,블랙,70960,98몰,
97221221,3RSYS RX300 RGB,화이트,77860,98몰,
97224392,Thermalright TL-M10,블랙,85240,69몰,
97224434,Thermalright TL-M10,화이트,85240,69몰,
97224500,Thermalright TL-M10 VISION,블랙,133220,71몰,
97224545,Thermalright TL-M10 VISION,화이트,133220,70몰,
97308221,써멀테이크 AX700,스노우,538150,60몰,
97308263,써멀테이크 AX700 TG,블랙,556320,2몰,
97308275,써멀테이크 AX700 TG,스노우,553820,53몰,
97308608,써멀테이크 AX100,블랙,229890,54몰,
97308650,써멀테이크 AX100,스노우,229890,58몰,
97568777,CORSAIR 3500X LX-R RGB iCUE LINK 강화유리,블랙,226720,67몰,
97568807,CORSAIR 3500X LX-R RGB iCUE LINK 강화유리,화이트,223360,62몰,
97568864,CORSAIR 3500X RS-R ARGB 강화유리,블랙,151480,56몰,
97568879,CORSAIR 3500X RS-R ARGB 강화유리,화이트,151480,56몰,
97779320,투민시스템 TA200 AIR1 RGB 강화유리,블랙,28880,77몰,
97779353,투민시스템 TA200 AIR1 RGB 강화유리,화이트,31400,16몰,
97954637,써멀테이크 View 380 XL TG ARGB,블랙,171900,46몰,
97954658,써멀테이크 View 380 XL TG ARGB,스노우,176590,47몰,
97954679,써멀테이크 View 380 XL TG ARGB,범블비,181300,46몰,
97954712,써멀테이크 View 380 XL TG ARGB,퓨쳐 더스크,186200,15몰,
97954748,써멀테이크 View 380 XL TG ARGB,그래벌 샌드,181300,48몰,
98072684,싸이번 LIMPID SC-M5 PLUS BONITO Edition,블랙,61590,36몰,
98072711,싸이번 LIMPID SC-M5 PLUS BONITO Edition,화이트,65000,1몰,
98181305,CORSAIR FRAME 4500X RS-R ARGB,블랙,201830,65몰,
98181326,CORSAIR FRAME 4500X RS-R ARGB,화이트,207930,61몰,
98181377,CORSAIR FRAME 4500X LX-R RGB LINK,블랙,260700,64몰,
98181404,CORSAIR FRAME 4500X LX-R RGB LINK,화이트,260700,63몰,
98181524,JONSBO D200,블랙,75200,77몰,
98181554,JONSBO D200,화이트,75280,76몰,
98182850,이엠텍 레드빗 MAXIMIZER PRO,,356190,66몰,
98227619,MONTECH HS01 PRO BTF,블랙,134000,55몰,
98227634,MONTECH HS01 PRO BTF,화이트,139000,54몰,
98227676,MONTECH HS02 PRO BTF,블랙,143200,59몰,
98227712,MONTECH HS02 PRO BTF,화이트,148000,56몰,
98228930,써멀테이크 View 390 Air,블랙,190180,47몰,
98228987,써멀테이크 View 390 Air,스노우,190180,48몰,
98229008,써멀테이크 View 390 Air,버터 카라멜,192730,41몰,
98229017,써멀테이크 View 390 Air,퓨처 더스크,190180,47몰,
98230358,아이구주 HATCH S400 BTF FULL MESH,블랙,59000,3몰,
98230433,아이구주 HATCH S600 BTF,블랙,65000,3몰,
98230571,아이구주 HATCH S600 BTF,화이트,69000,3몰,
98230664,아이구주 VENTI T7000 BTF STEALTH,,89000,20몰,
98231528,잘만 P60,블랙,126480,88몰,
98231549,잘만 P60,화이트,131940,89몰,
98544041,JONSPLUS BO400CG BTF,실버,378590,49몰,
98612912,이엠텍 레드빗 OPTIMIZER PRO B,,228780,60몰,
98768852,리안리 8.8인치 Universal Screen,블랙,139000,1몰,
98768879,리안리 8.8인치 Universal Screen,화이트,138990,68몰,
98778077,마이크로닉스 COOLMAX 크리스탈,블랙,38180,106몰,
98780468,투민시스템 TM200 AIR1 RGB 강화유리,블랙,25350,73몰,
98780486,투민시스템 TM200 AIR1 RGB 강화유리,화이트,27570,74몰,
98780594,투민시스템 TM40,블랙,12810,78몰,
98780615,투민시스템 TM40,화이트,14470,75몰,
98918633,SSUPD PCIE 5.0 라이저 케이블,"200mm, 피메일 리버스",149000,38몰,
98918648,SSUPD PCIE 5.0 라이저 케이블,"440mm, 피메일 리버스",164680,35몰,
98918657,SSUPD PCIE 5.0 라이저 케이블,"320mm, 스트레이트",154930,34몰,
98918765,HYTE Y70,말차 밀크,322360,72몰,
98923769,DAVEN N1 MESH,블랙,37190,88몰,
98923814,DAVEN N1 MESH,화이트,40000,85몰,
99049688,3RSYS RX500 Quiet,블랙,82500,15몰,
99049709,3RSYS RX500 Quiet,화이트,86900,103몰,
99052202,JONSBO TK-4 BTF,블랙,208990,65몰,
99052259,JONSBO TK-4 BTF,화이트,208990,59몰,
99052271,JONSBO TK-4 BTF,우드,265830,59몰,
99053390,마이크로닉스 WIZMAX 에어리안 130,블랙,40780,122몰,
99287318,Phanteks XT V3,블랙,100830,39몰,
99287348,Phanteks XT V3,화이트,100830,37몰,
99290720,마이크로닉스 WIZMAX 모노크롬,,46463,107몰,
99321359,TRYX STRING PCIE 5.0 라이저 케이블,"200mm, 블랙",85000,49몰,
99321395,TRYX STRING PCIE 5.0 라이저 케이블,"200mm, 화이트",85000,40몰,
99325232,Phanteks ECLIPSE G370A,블랙,85160,36몰,
99476093,CORSAIR AIR 5400 RS-R ARGB,블랙,277960,67몰,
99476102,CORSAIR AIR 5400 RS-R ARGB,화이트,269920,69몰,
99476141,CORSAIR AIR 5400 LX-R RGB iCUE LINK,블랙,323900,69몰,
99476144,CORSAIR AIR 5400 LX-R RGB iCUE LINK,화이트,323900,69몰,
99479786,3RSYS S480 WOOD BTF,블랙,56480,103몰,
99556364,컴이지 킹덤 비바리움 맥스,블랙,40120,71몰,
99556376,컴이지 킹덤 비바리움 맥스,화이트,46100,53몰,
99556778,잘만 N6 백사십,블랙,36090,87몰,
99556796,잘만 N6 백사십,화이트,39890,87몰,
99637679,DAVEN 아쿠아 마린보이,블랙,33190,99몰,
99637697,DAVEN 아쿠아 마린보이,화이트,38310,88몰,
99640949,앱코 G50 빅플로우 MESH ARGB BTF,블랙,107000,73몰,
99640955,앱코 G50 빅플로우 MESH ARGB BTF,화이트,99000,75몰,
99732014,써멀테이크 6.0 LCD 스크린 키트,,121790,13몰,
99732599,싸이번 SD600 도미닉 RGB,블랙,34900,7몰,
99735548,darkFlash DY460 ARGB BTF,블랙,96500,96몰,
99735608,darkFlash DY460 ARGB BTF,화이트,94790,96몰,
99739187,HYTE X50,피치 블랙,191150,86몰,
99739202,HYTE X50,스노우 화이트,191150,84몰,
99739223,HYTE X50,말차 밀크,191150,87몰,
99739235,HYTE X50,스트로베리 밀크,191150,86몰,
99739244,HYTE X50,타로 밀크,191150,71몰,
99739253,HYTE X50,와일드 체리,191150,84몰,
99739454,HYTE X50 AIR,피치 블랙,156630,81몰,
99739475,HYTE X50 AIR,스노우 화이트,156630,83몰,
99740273,이엠텍 레드빗 MAXIMIZER PRO + 레일 키트 V2,,419420,52몰,
99740405,이엠텍 레드빗 OPTIMIZER PRO A + 레일 키트 V2,,286790,51몰,
99740531,이엠텍 레드빗 OPTIMIZER PRO B + 레일 키트 V2,,288950,52몰,
99740558,이엠텍 레드빗 PERFORMIZER + 레일 키트 V2,,329490,47몰,
99837230,이엠텍 레드빗 CRPS 서포트킷,,40060,4몰,
99837545,DAVEN 벤투스 420 MESH ARGB,블랙,103880,105몰,
99837575,DAVEN 벤투스 420 MESH ARGB,화이트,113700,102몰,
99886184,AMAQUEST V2-590 Edition,,334890,46몰,
99888869,몬스타 가츠 X50A BTF,블랙,42590,66몰,
99888896,몬스타 가츠 X50A BTF,화이트,48350,68몰,
99889685,앱코 O31M 태스크 미니,블랙,20800,48몰,
99889706,앱코 O31 태스크,블랙,22000,12몰,
99895163,NZXT Vertical GPU Mounting Kit,블랙,141000,9몰,
99895169,NZXT Vertical GPU Mounting Kit,화이트,129000,44몰,
99912674,Antec FLUX M MESH,블랙,78000,83몰,
99912947,1stPlayer GM7 ARGB BTF,블랙,83270,85몰,
99912956,1stPlayer GM7 ARGB BTF,화이트,83270,78몰,
99912962,1stPlayer GM7 ARGB BTF,실버,83270,77몰,
99913106,HYTE PCIe 5.0 하이퍼 라이저 케이블,블랙 체리,115750,1몰,
99913124,HYTE PCIe 5.0 하이퍼 라이저 케이블,말차 밀크,82390,69몰,
99913133,HYTE PCIe 5.0 하이퍼 라이저 케이블,피치 블랙,82820,69몰,
99913139,HYTE PCIe 5.0 하이퍼 라이저 케이블,스노우 화이트,82820,58몰,
99913157,HYTE PCIe 5.0 하이퍼 라이저 케이블,타로 밀크,82820,64몰,
99915929,선경씨앤씨 RPC-6508 G4 AI,,534000,30몰,
99945662,몬스타 가츠 X30M BTF,블랙,36000,74몰,
99945737,몬스타 가츠 X30M BTF,화이트,39170,74몰,
100192727,몬스타 가츠 Y300M 갈매기 소닉,화이트,44000,5몰,
100192799,몬스타 가츠 X225 용두산 스파크,블랙,43900,1몰,
100192844,몬스타 가츠 X200 오륙도 타이푼,블랙,45000,6몰,
100192853,몬스타 가츠 Y226 태종대 썬더,블랙,56500,5몰,
100193024,몬스타 가츠 X523A 금정산 볼케이노,블랙,63000,5몰,
100193057,몬스타 가츠 Y623A 황령산 미스트,화이트,86900,5몰,
100193084,몬스타 가츠 X620A 동백 블라썸,화이트,81000,5몰,
100193102,몬스타 가츠 X360 해운대 웨이브,화이트,58900,5몰,
100193135,몬스타 가츠 X520LA 자갈치 타이탄,블랙,76500,5몰,
100193171,몬스타 가츠 Y724 광안대교 라이트닝,화이트,90000,6몰,
100269842,마이크로닉스 COOLMAX V6,블랙,72770,105몰,
100269845,마이크로닉스 COOLMAX V6,화이트,79240,108몰,
100271060,darkFlash DPF70 ARGB,블랙,63600,118몰,
100271096,darkFlash DPF70 ARGB,화이트,68000,118몰,
100328753,잘만 i8 백사십 터보,블랙,57940,80몰,
100328762,잘만 i8 백사십 터보,화이트,60140,88몰,
100383761,3RSYS R370 RGB,블랙,26350,106몰,
100692575,APNX V1,블랙,148000,62몰,
100692614,APNX V1,화이트,158000,59몰,
100692629,APNX V1,우드 블랙,169000,52몰,
100692635,APNX V1,우드 화이트,178900,55몰,
100692953,마이크로닉스 WIZMAX 우드리안 MAX 스텔라 블레이드 에디션,,88800,1몰,
100693148,SilverStone SST-RM53-502 마이크로닉스,,703370,49몰,
100693304,엠탑코리아 MTOP MINI USB-C,,39990,39몰,
100694585,SilverStone SST-FLP02W 마이크로닉스,,271820,63몰,
100695728,쿨러마스터 MASTERFRAME PANEL NETURAL,블랙,77320,31몰,
100695734,쿨러마스터 MASTERFRAME PANEL NETURAL,실버,77320,31몰,
100695740,쿨러마스터 MASTERFRAME PANEL STONE,블랙,77320,31몰,
100695743,쿨러마스터 MASTERFRAME PANEL STONE,실버,77320,31몰,
100695782,투민시스템 TA100 RGB 강화유리,블랙화이트,22430,51몰,
101012051,HAVN BF 360,블랙,243560,73몰,
101012108,HAVN BF 360,화이트,243560,68몰,
101012141,HAVN BF 360 FLOW,블랙,290060,74몰,
101012153,HAVN BF 360 FLOW,화이트,295550,70몰,
101013590,darkFlash DS500M RGB,블랙,41690,117몰,
101013629,darkFlash DS500M RGB,화이트,46500,113몰,
101079215,쿨러마스터 QUBE 540,문스톤,93990,75몰,
101079218,쿨러마스터 QUBE 540,스타더스트 아이언,92890,47몰,
101079269,쿨러마스터 MASTERFRAME 400 MESH,블랙,206990,59몰,
101079275,쿨러마스터 MASTERFRAME 400 MESH,실버,202720,59몰,
101632493,SilverStone SST-RM4A 마이크로닉스,,282000,22몰,
101632583,앱코 U10M 큐빅 라이트,블랙,19900,53몰,
101632598,앱코 U10M 큐빅 라이트,화이트,22500,49몰,
101641340,마이크로닉스 WIZMAX 슬로프,블랙,93980,109몰,
101643917,마이크로닉스 WIZMAX 슬로프,화이트,102170,120몰,
101722607,2MONS 4U D680 2열 수냉가이드,,15500,48몰,
101956157,쿨러마스터 MasterFrame 360 파노라마,블랙,327240,52몰,
101956163,쿨러마스터 MasterFrame 360 스테이지 미러,블랙,323930,51몰,
101956211,쿨러마스터 MasterFrame 360 스테이지 LCD,블랙,462780,63몰,
101956331,ASUS ProArt PA401 우드 에디션 강화유리,베이지,157740,59몰,
102000851,3RSYS T9000 워크스테이션,,830940,59몰,
102003803,ASUS ProArt PA401 우드 에디션 메탈,베이지,157740,63몰,
102007286,ASUS A23 하츠네 미쿠 에디션,화이트,143000,3몰,
102007412,ASUS PRIME AP303 메쉬,블랙,135000,17몰,
102007427,ASUS PRIME AP303 메쉬,화이트,123270,65몰,
102007436,ASUS PRIME AP303 강화유리,블랙,123250,59몰,
102007442,ASUS PRIME AP303 강화유리,화이트,123250,59몰,
102007754,몬스타 가츠 X330 라이즈,블랙,30830,61몰,
102007763,몬스타 가츠 X330 라이즈,화이트,34480,59몰,
102007790,ASUS ROG STRIX HELIOS II,화이트,380950,70몰,
102007886,투민시스템 TM300 RGB 강화유리,화이트,22160,75몰,
102007919,투민시스템 TM300 RGB 강화유리,블랙,19370,83몰,
102124007,Fractal Design Epoch XL Solid,블랙,229000,3몰,
102124055,Fractal Design Epoch XL 강화유리,블랙,229000,65몰,
102124073,Fractal Design Epoch XL 강화유리,화이트,229000,61몰,
102124118,Fractal Design Epoch RGB XL 강화유리,블랙,269000,62몰,
102124145,Fractal Design Epoch RGB XL 강화유리,화이트,251870,75몰,
102356213,써멀테이크 View 380 WS ARGB,블랙,161960,47몰,
102356732,써멀테이크 View 380 WS ARGB,스노우 화이트,161960,48몰,
102411341,써멀테이크 View 600 TG 강화유리,스노우 화이트,222910,46몰,
102411356,써멀테이크 View 600 TG 강화유리,민트 스트로베리,219960,50몰,
102411362,써멀테이크 View 600 TG 강화유리,버터 카라멜,222910,36몰,
102411371,써멀테이크 View 600 TG 강화유리,퓨처 더스크,219960,47몰,
102411518,써멀테이크 View 600 TG용 6.0 LCD 스크린 키트,블랙,121790,19몰,
102411536,써멀테이크 View 600 TG용 6.0 LCD 스크린 키트,스노우 화이트,121790,18몰,
102411545,써멀테이크 View 600 TG용 6.0 LCD 스크린 키트,민트 스트로베리,121790,17몰,
102411554,써멀테이크 View 600 TG용 6.0 LCD 스크린 키트,버터 카라멜,121790,18몰,
102411560,써멀테이크 View 600 TG용 6.0 LCD 스크린 키트,퓨처 더스크,121790,17몰,
102411749,DEEPCOOL CH170 PLUS,블랙,84000,4몰,
102411752,DEEPCOOL CH170 PLUS,화이트,80300,56몰,
102411875,쿨러마스터 COSMOS ALPHA 강화유리,블랙,645780,43몰,
102550838,ASUS ROG STRIX HELIOS II,블랙,380950,74몰,
102621416,DAVEN D7 Mesh 세븐팬,블랙,49380,123몰,
102621425,DAVEN D7 Mesh 세븐팬,화이트,58120,92몰,
103319498,2MONS 엘포즈8 type SD,블랙,41490,19몰,
103335194,ANIX 6202 미니 케이스,블랙,14490,36몰,
103335272,ANIX 6204 미니 케이스,,16790,4몰,
103335953,3RSYS R630 RGB,블랙,68830,89몰,
103335977,3RSYS R630 RGB,화이트,73000,86몰,
103449203,리안리 LANCOOL 217 INF,블랙,207000,72몰,
103449227,리안리 LANCOOL 217 INF,화이트,206780,76몰,
103480457,마이크로닉스 WIZMAX 스텔라,,93800,108몰,
103518248,마이크로닉스 COOLMAX 크리스탈 WOODY,블랙,45380,103몰,
103518566,싸이번 Edge CV-Z9 바이오스 LCD,블랙,113900,55몰,
103518575,싸이번 Edge CV-Z9 바이오스 LCD,화이트,120720,29몰,
103749773,1stPlayer RT7 라운드 ARGB,블랙,99000,35몰,
103749827,1stPlayer RT7 라운드 ARGB,화이트,98000,66몰,
103750100,3RSYS RX200 RGB,블랙,67930,97몰,
103750220,3RSYS RX200 RGB,화이트,74680,93몰,
103808258,ANIX S618 LP,블랙,34490,30몰,
103877330,잘만 M4 SE,블랙,36290,88몰,
104224775,GAMDIAS ATHENA M4M,블랙,71690,61몰,
104224841,GAMDIAS ATHENA M4M,우드,73200,58몰,
104302316,Phanteks EVOLV X2 MATRIX,블랙,296780,34몰,
104302370,Phanteks EVOLV X2 MATRIX,화이트,296770,27몰,
104302604,Phanteks XT VIEW MATRIX,블랙,176690,32몰,
104320463,써멀테이크 View 390 TG,블랙,190180,63몰,
104320532,써멀테이크 View 390 TG,스노우,190180,61몰,
104325032,DAVEN 도파민 ARGB,월넛 블랙,53600,104몰,
104325038,DAVEN 도파민 ARGB,오크 화이트,58280,102몰,
104373974,투민시스템 TM50,블랙,12840,67몰,
104374253,투민시스템 TA300 RGB,블랙,37570,65몰,
104550662,잘만 i3 NEO V2 ARGB,화이트,86900,3몰,
104554910,Fractal Design Pop 2 Air RGB 강화유리,블랙,179000,17몰,
104554937,Fractal Design Pop 2 Air RGB 강화유리,화이트,179000,72몰,
104555042,Fractal Design Pop 2 Air Solid,블랙,159000,4몰,
104555225,Fractal Design Pop 2 Air 강화유리,블랙,159000,71몰,
104628734,APNX V2,블랙,155130,49몰,
104628746,APNX V2,화이트,164650,47몰,
104628764,APNX V2-F,블랙,145070,47몰,
104628851,APNX V2-F,화이트,155130,44몰,
104939861,Antec P7 S,블랙,75990,67몰,
104939912,Antec FLUX REAR MESH BTF,블랙,116390,70몰,
104987549,JONSBO X400 BTF,그레이,151600,56몰,
104987564,JONSBO X400 BTF,화이트,151600,57몰,
104988524,JONSBO X400 PRO BTF,그레이,269000,1몰,
104988587,JONSBO D401 BTF,블랙,93400,55몰,
104988635,Phanteks PREMIUM GEN5 VERTICAL GPU BRACKET,블랙,129990,26몰,
104988644,Phanteks PREMIUM GEN5 VERTICAL GPU BRACKET,화이트,129990,26몰,
105181832,SilverStone SST-CS383 마이크로닉스,블랙,509190,55몰,
105677921,리안리 Vector V100 ARGB MINI,블랙,86740,12몰,
105678098,리안리 Vector V100 MINI,블랙,65340,82몰,
105679544,3RSYS T6000 워크스테이션,,457000,59몰,
105816257,darkFlash DS900 PRO ARGB,블랙,73390,102몰,
105816371,darkFlash DS900 PRO ARGB,화이트,78080,104몰,
105967793,앱코 G31 오메가포스 세븐팬,블랙,47900,69몰,
105967808,앱코 G31 오메가포스 세븐팬,화이트,50900,68몰,
105968012,앱코 UD51 엑시드 ARGB BTF,블랙,95680,65몰,
105968039,앱코 UD51 엑시드 ARGB BTF,화이트,103990,63몰,
106223360,Antec P30 MESH ARGB,블랙,96890,70몰,
106689278,DAVEN D9 Mesh 나인팬,블랙,56100,100몰,
106689284,DAVEN D9 Mesh 나인팬,화이트,61890,100몰,
106693460,NZXT H2 Flow,블랙,205530,49몰,
106702013,마이크로닉스 WIZMAX 슬로프 C30,블랙,103870,102몰,
106702019,마이크로닉스 WIZMAX 슬로프 C30,화이트,112870,97몰,
106716959,PCCOOLER CPS K101 MESH,그레이,131600,15몰,
106716965,PCCOOLER CPS K101 MESH,화이트,124960,12몰,
106717967,Thermalright A70 ARGB,블랙,161920,67몰,
106718006,Thermalright A70 ARGB,화이트,161920,69몰,
106734962,PNC PARTNER EVEREST MC-T12 듀얼 타워 서버 케이스,,2449990,9몰,
106746335,마이크로닉스 WIZMAX 우드리안 PRIME,,93880,107몰,
106755740,써멀테이크 AX500,블랙,262630,38몰,
106755758,써멀테이크 AX500,스노우,259150,57몰,
106766414,TRYX FLOVA F50 BTF,블랙,218920,58몰,
106766849,TRYX FLOVA F50 BTF,화이트,218000,59몰,
107989136,잘만 i3 NEO V2,블랙,73140,67몰,
107989175,잘만 i3 NEO V2,화이트,76400,67몰,
108365978,DAVEN AQUARIUM 미니,블랙,40490,103몰,
108366056,DAVEN AQUARIUM 미니,화이트,44000,92몰,
108390941,darkFlash DS950V ARGB 디스플레이,블랙,94680,94몰,
108390974,darkFlash DS950V ARGB 디스플레이,화이트,104000,94몰,
108415868,PCCOOLER CPS K101 MESH + RC400-53,그레이 패키지,180980,2몰,
108416054,Fractal Design North Momentum Edition,블랙,314010,78몰,
108416156,Fractal Design North XL Momentum Edition,블랙,353710,59몰,
108421685,Antec Flux Pro Noctua Edition,블랙,722790,3몰,
108425036,AMAQUEST K500-TC1,블랙,52250,34몰,
109595813,에디 G0,블랙,19350,79몰,
109595831,에디 G0,화이트,20910,77몰,
111335369,bequiet! HDD CAGE 서린,,10060,4몰,
122616555,2MONS 4U AII in one D560 핫스왑-4,,321120,31몰,
122616610,be quiet LIGHT BASE 500,블랙,199000,42몰,
122616648,be quiet LIGHT BASE 500 LX,블랙,239000,45몰,
122616659,be quiet LIGHT BASE 500 LX,화이트,249000,42몰,
122616690,컴이지 킹덤 도트 미니,블랙,17970,71몰,
122616701,컴이지 킹덤 도트 미니,화이트,19120,74몰,
122617755,darkFlash DLX ULTRA MESH,블랙,141880,94몰,
122617825,darkFlash DLX ULTRA MESH,화이트,145800,95몰,
122617886,darkFlash DLX ULTRA MESH ARGB,블랙,151670,99몰,
122617905,darkFlash DLX ULTRA MESH ARGB,화이트,155580,98몰,
122618461,Antec 900 MESH BTF,,311330,33몰,
122620430,CORSAIR FRAME 4000D LCD RS ARGB,화이트,463970,38몰,
122620507,CORSAIR FRAME 5000D RS Workstation,화이트,299000,9몰,
122620544,CORSAIR FRAME 4000 Series LCD Mounting Kit,블랙,49880,13몰,
122620551,CORSAIR FRAME 4000 Series LCD Mounting Kit,화이트,49880,13몰,
122621807,CORSAIR FRAME 5000 Series LCD Mounting Kit,블랙,56380,12몰,
122622411,JONSBO N6,블랙,181070,43몰,
122633108,AMAQUEST K500-4GPU TC1 5U,,186000,31몰,
122638772,SilverStone SST-RM100 마이크로닉스,,228780,47몰,
122641275,2MONS 엘포즈 10,,33980,13몰,
122641687,DEEPCOOL CH260 WOOD,블랙,96860,67몰,
122641696,DEEPCOOL CH260 WOOD,화이트,102720,57몰,
122643621,Fractal Design Pop 2 Vision,블랙,192000,2몰,
122643682,Fractal Design Pop 2 Vision RGB,블랙,181200,66몰,
122643690,Fractal Design Pop 2 Vision RGB,화이트,181000,58몰,
122644791,투민시스템 TL10,블랙,29870,67몰,
122650745,잘만 D50,블랙,93890,86몰,
122650760,잘만 D50,화이트,97190,84몰,
122654001,1stPlayer AU8 빅포 ARGB,블랙,65900,79몰,
122654019,1stPlayer AU8 빅포 ARGB,화이트,69900,78몰,
122654082,Antec C6 CURVE AIR MESH BTF,블랙,114990,72몰,
122654097,Antec C6 CURVE AIR MESH BTF,화이트,124700,63몰,
122654161,마이크로닉스 WIZMAX 릿지 PRO,블랙,56820,109몰,
122655434,darkFlash DPH70M ARGB,블랙,54500,106몰,
122655451,darkFlash DPH70M ARGB,화이트,57190,103몰,
122656199,Thermalright A70,블랙,133220,74몰,
122656299,Thermalright A70,화이트,133220,67몰,
122656392,DEEPCOOL PIXEL 10,,31300,51몰,
122660870,몬스타 가츠 X20 심플,화이트,22660,39몰,
122664932,오쓰 JETTA,블랙,14510,60몰,
122666053,MSI PRO P050R ARGB,화이트,51490,53몰,
122666137,MSI PRO P050R ARGB,블랙,48270,49몰,
122673623,오쓰 NICE,블랙,40940,60몰,
122673631,오쓰 NICE,화이트,50800,57몰,
122673693,리안리 O11 VISION-M,블랙,133220,78몰,
122673705,리안리 O11 VISION-M,화이트,133220,81몰,
122678036,앱코 UD51L 엑시드 LCD 강화유리 ARGB BTF,블랙,159000,58몰,
122678063,앱코 UD51L 엑시드 LCD 강화유리 ARGB BTF,화이트,158830,63몰,
122678812,1stPlayer WD8 ARGB,우드블랙,75000,57몰,
122678845,1stPlayer WD8 ARGB,메탈 화이트,79000,57몰,
122679640,darkFlash DRX90 AERO MESH RGB,블랙,59000,90몰,
122679643,darkFlash DRX90 AERO MESH RGB,화이트,64500,94몰,
122681028,몬스타 가츠 LINKUP PCIe 5.0 라이저케이블 화이트,200mm,89000,2몰,
122681057,몬스타 가츠 LINKUP PCIe 5.0 라이저케이블 화이트,300mm,99000,2몰,
122682859,아이구주 HATCH GM10,블랙,13490,69몰,
122682878,아이구주 HATCH GM10,화이트,14850,62몰,
122682963,아이구주 HATCH PM10,블랙,20990,68몰,
122682996,아이구주 HATCH PM10,화이트,23990,69몰,
122685219,이그닉리트 빅타워 어항케이스 강화유리,화이트,29890,4몰,
122688280,JONSBO TK-5 BTF,블랙,161400,60몰,
122688284,JONSBO TK-5 BTF,화이트,161400,60몰,
122688310,JONSBO D33 BTF,블랙,114020,82몰,
122688319,JONSBO D33 BTF,우드블랙,133740,38몰,
122688345,JONSBO D33 BTF,우드 화이트,131650,66몰,
122688350,JONSBO D33 BTF,화이트,112620,66몰,
122692194,ASUS ROG Cronox ARGB,블랙,890940,46몰,
122692201,ASUS ROG Cronox ARGB,화이트,897990,47몰,
122694968,오쓰 SOLID FULL MESH,블랙,63530,91몰,
122694994,오쓰 SOLID FULL MESH,화이트,68830,66몰,
122696729,써멀테이크 The Tower 600,트랜스포머티브 틸,232970,12몰,
122699159,HYTE X50,아스트랄 오렌지,191150,70몰,
122699191,이엠텍 레드빗 MAXIMIZER PRO 2000W 리던던트 파워 패키지,,2050790,40몰,
122699224,이엠텍 레드빗 MAXIMIZER PRO 3000W 리던던트 파워 패키지,,3253980,36몰,
122699730,darkFlash DK200 NEO MESH RGB 식스팬,블랙,44210,79몰,
122701094,쿨러마스터 Q300L V3,블랙,57440,46몰,
122701099,쿨러마스터 Q300L V3,화이트,60000,1몰,
122701140,쿨러마스터 QUBE 340,블랙,72100,85몰,
122701146,쿨러마스터 QUBE 340,화이트,72100,58몰,
122702674,아이구주 HATCH S600 V2,블랙,68990,61몰,
122702682,아이구주 HATCH S600 V2,화이트,72990,61몰,
122706771,오쓰 ULTRA 세븐팬,블랙,50830,57몰,
122706786,오쓰 ULTRA 세븐팬,화이트,59300,56몰,
122707971,3RSYS R407 세븐팬,블랙,49600,75몰,
122707978,3RSYS R407 세븐팬,화이트,54330,73몰,
122712426,이그닉 젠지 강화유리 어항케이스,화이트,24900,4몰,
122713041,Thermalright A70 WITH M12Q SERIES,블랙,209890,54몰,
122713053,Thermalright A70 WITH M12Q SERIES,화이트,209890,56몰,
122715948,PCCOOLER RC205 5.0 라이저 케이블,,65000,51몰,
122719086,아이구주 HATCH S100,블랙,44490,52몰,
122719092,아이구주 HATCH S100,화이트,48490,51몰,
122719131,아이구주 HATCH S200,블랙,48490,56몰,
122719136,아이구주 HATCH S200,화이트,52490,57몰,
122720355,2MONS 4U HQ D445 워터쿨360,,174820,28몰,
122721270,NZXT H6,블랙,168000,52몰,
122721280,NZXT H6,화이트,166450,51몰,
122721291,NZXT H6 RGB+,블랙,332640,47몰,
122721295,NZXT H6 RGB+,화이트,332640,47몰,
122721323,NZXT H3 Flow SI RGB,블랙,132660,53몰,
122721337,NZXT H3 Flow SI RGB,화이트,132660,53몰,
122726052,이그닉리트 스탠다드 사무용 케이스,블랙,11890,5몰,
122728321,SSUPD MESHROOM S V2 Ver.2 PCIe 5.0 B,블랙,285610,13몰,
122829168,리안리 A4-H2O PCle 5.0,블랙,272370,33몰,
122829169,리안리 A4-H2O PCle 5.0,실버,272370,35몰,
123133670,리안리 B4-mATX,블랙,126440,63몰,
123133683,리안리 B4-mATX,화이트,126440,63몰,
123133696,리안리 B4-mATX,우드 블랙,154820,63몰,
123133703,리안리 B4-mATX,우드 화이트,154820,64몰,
123133770,마이크로닉스 WIZMAX 샤인,,188990,93몰,
123134408,darkFlash FLOATRON F1 ARGB,블랙,121700,78몰,
123134410,darkFlash FLOATRON F1 ARGB,화이트 블랙,121700,68몰,
123235966,슈퍼스페이스 SS-PC1,블랙,15350,11몰,
123537617,아이구주 VENTI P700 BTF,블랙,63990,48몰,
123537620,아이구주 VENTI P700 BTF,화이트,68990,50몰,
123537643,Antec C2M MESH ARGB,블랙,67220,44몰,
123537654,Antec C2M MESH ARGB,화이트,69350,45몰,
123605150,Phanteks ENTHOO PRO 2 SERVER V2,,272170,23몰,
123621868,Antec ST20M MESH,,19480,51몰,
123669938,쿨러마스터 HAF II 500,,277420,53몰,
123695321,Phanteks XT M5,,89280,30몰,
123695338,Phanteks XT V5,,89280,30몰,
123763376,앱코 G50 빅플로우 MESH ARGB BTF (리퍼비시),,70000,1몰,
123763386,앱코 NCORE 언더바 (리퍼비시),,15000,1몰,
123763410,앱코 U30P 마린+ 디스플레이 (리퍼비시),,41000,1몰,
123763461,앱코 UD50C 루시드 앰비언트 풀커브드 ARGB BTF (리퍼비시),,97000,1몰,
123763474,앱코 U40M 웨일샤크 ARGB BTF (리퍼비시),,43000,1몰,
123763489,앱코 G31 오메가포스 세븐팬 (리퍼비시),,34900,1몰,
123763533,앱코 UD50 블루웨일 ARGB BTF (리퍼비시),,44000,1몰,
123763550,앱코 SUITMASTER U3000 갤러리 ARGB 강화유리 (리퍼비시),,58000,1몰,
123763560,앱코 U30 마린 (리퍼비시),,29000,1몰,
123763751,CORSAIR CARBIDE SERIES SPEC-OMEGA RGB (리퍼비시),,79000,1몰,
123764131,NZXT H9 Flow (리퍼비시),,159900,2몰,
123774868,MSI MEG PCI-E 5.0 X16 라이저,블랙,64000,38몰,
123776286,앱코 UF40 에어로직 파노라믹 뷰 VGA쿨링 ARGB,블랙,89000,46몰,
123776306,앱코 UF40 에어로직 파노라믹 뷰 VGA쿨링 ARGB,화이트,89900,47몰,
123776368,잘만 D40,블랙,67770,47몰,
123803963,잘만 D40,화이트,73600,46몰,
123805559,잘만 D40F,블랙,54960,51몰,
123859909,NZXT H2 Flow + KRAKEN 쿨러,블랙 패키지,435240,1몰,
123859914,Phanteks NV5X,블랙,150370,28몰,
123962607,마이크로닉스 WIZMAX AI AIRZEN 160,,46790,88몰,
123972541,HYTE Y70 토키도키 X 홀로라이브 어드벤트 에디션,,459490,51몰,
123972558,HYTE Y70 Touch Infinite 건담 윙 에디션,,831730,50몰,
123972627,리안리 O11 VISION COMPACT 5FAN,블랙,234090,71몰,
123972630,리안리 O11 VISION COMPACT 5FAN,화이트,234090,73몰,
123993152,잘만 D30,,43840,58몰,
123993804,darkFlash DMO21,블랙,20680,58몰,
124011204,SilverStone SST-FLP03W 마이크로닉스,,234300,35몰,
124011413,컴이지 킹덤 비바리움 듀얼 미니,블랙,32290,35몰,
124011421,컴이지 킹덤 비바리움 듀얼 미니,화이트,34940,17몰,
124012459,NZXT H6 RGB PLUS + KRAKEN ELITE 360 RGB v2,블랙 패키지,628010,1몰,
124020982,NZXT H5 Flow RGB V2 + F240 RGB + KRAKEN Plus,블랙 패키지,342240,2몰,
124021000,1stPlayer 와칠 WA7-K RGB,블랙,49000,43몰,
124021008,1stPlayer 와칠 WA7-K RGB,화이트,53000,42몰,
124021794,NZXT PCIe 4.0x16 라이저 케이블,"200m, 블랙",115000,11몰,
124022009,NZXT H9 Flow RGB+ V2 + KRAKEN Elite V2 420 RGB,화이트 패키지,668790,1몰,
124022077,앱코 U20MP 큐빅 미니+ 디스플레이 (리퍼비시),,28000,1몰,
124022090,앱코 UD51L 엑시드 LCD 강화유리 ARGB BTF (리퍼비시),,110000,1몰,
124033116,리안리 O11 VISION-M Digital,블랙,214550,68몰,
124033124,리안리 O11 VISION-M Digital,화이트,214550,74몰,
124056914,잘만 Z20 DS,,176730,48몰,
124076069,DAVEN D7 Mesh 세븐팬 ARGB PWM,블랙,53544,65몰,
124076078,DAVEN D7 Mesh 세븐팬 ARGB PWM,화이트,59750,57몰,
124076152,JONSPLUS BO400CG V2 BTF,,367610,51몰,
124076499,JONSBO D34 DIGITAL BTF,블랙,105720,55몰,
124076501,JONSBO D34 DIGITAL BTF,화이트,115420,46몰,
124087647,이그닉 젠지 강화유리 어항케이스,블랙,23900,4몰,
124101345,3RSYS L220 LED BAR,블랙,47440,64몰,
124101361,3RSYS L220 LED BAR,화이트,51890,64몰,
124115263,ASUS Prime AP304,블랙,199600,27몰,
124115270,ASUS Prime AP304,화이트,199600,25몰,
124130149,이그닉 마스터 강화유리 어항케이스,화이트,36890,4몰,
124166730,마이크로닉스 WIZMAX ML-420 에어로,블랙,160440,79몰,
124166739,마이크로닉스 WIZMAX ML-420 에어로,화이트,160440,76몰,
124166842,리안리 DK07,우드,2439190,20몰,
124198048,ASUS Prime AP304 ARGB,블랙,195910,32몰,
124198055,ASUS Prime AP304 ARGB,화이트,195910,32몰,
124217320,3RSYS L200,블랙,32690,47몰,
124217342,3RSYS L200,화이트,36590,47몰,
124237274,AMAQUEST M250GPU USB3.0 (중고),,70000,1몰,
124237276,AMAQUEST M250GPU Smart USB3.0 (중고),,100000,1몰,
124237307,HYTE Y50 RGB,블랙 체리,147630,62몰,
124237319,HYTE Y50 RGB,피치 블랙,147630,62몰,
124237329,HYTE Y50 RGB,스노우 화이트,147630,62몰,
124237337,HYTE Y50 RGB,스트로베리 밀크,147630,62몰,
124237344,HYTE Y50 RGB,타로 밀크,147630,62몰,
124247329,NZXT H6 RGB PLUS + Kraken Plus 360 RGB,화이트 패키지,537540,1몰,
124258875,오쓰 CV-4기통 140 RGB,블랙,42600,37몰,
124258889,오쓰 CV-4기통 140 RGB,화이트,45300,36몰,
124276419,오쓰 CV-5,블랙,52940,27몰,
124276428,오쓰 CV-5,화이트,58240,27몰,
124335096,NZXT H3 FLOW + Control Hub,블랙 패키지,133920,1몰,
124335099,NZXT H3 FLOW + Control Hub,화이트 패키지,144000,1몰,
124335120,HAVN UNIVERSAL VGPU Kit,블랙,129200,25몰,
124335122,HAVN UNIVERSAL VGPU Kit,화이트,129200,27몰,
124335127,HAVN BF 360 Flow Solid Side Panel,블랙,24360,25몰,
124335130,HAVN BF 360 Flow Solid Side Panel,화이트,24360,26몰,
124335144,MSI MPG VIXTA 300R PZ,블랙,157400,36몰,
124336226,NZXT S5 RGB DELUXE,블랙,84900,8몰,
124336247,NZXT S5 RGB DELUXE,화이트,84900,8몰,
124351596,Phanteks EX5,,176860,10몰,
124351602,Phanteks EX5 MAX,,335710,10몰,
124351651,Phanteks EX5 PLUS,,247810,10몰,
124363174,HAVN HS 360,블랙,258400,10몰,
124363191,HAVN HS 360,화이트,258400,10몰,
124363197,HAVN HS 360 VGPU,블랙,372770,10몰,
124363216,HAVN HS 360 VGPU,화이트,372770,10몰,
