Id,Name,Type,Price,Mall,2026-10-06 21:52:49
2691208,인텔 코어i5-4세대 4690 (하스웰 리프레시),벌크,26970,12몰,
2691212,인텔 코어i5-4세대 4690 (하스웰 리프레시),벌크 + 쿨러,33470,5몰,
3412425,인텔 코어i7-6세대 6700 (스카이레이크),벌크 + 쿨러,63230,72몰,
3412426,인텔 코어i7-6세대 6700 (스카이레이크),벌크,57650,65몰,
4143949,인텔 코어i5-4세대 4690 (하스웰 리프레시),중고,23490,58몰,
4370096,인텔 제온 E5-2630 v4 (브로드웰-EP),정품,385000,1몰,
4797889,인텔 코어i7-6세대 6700 (스카이레이크),해외구매,134320,6몰,
4820409,인텔 코어i5-7세대 7500 (카비레이크),벌크,30990,33몰,
4866526,인텔 코어i5-7세대 7500 (카비레이크),벌크 + 쿨러,36990,27몰,
5132410,인텔 제온 E3-1225V6 (카비레이크),정품,408000,2몰,
5132462,인텔 제온 E3-1230V6 (카비레이크),정품,411380,1몰,
5132478,인텔 제온 E3-1240V6 (카비레이크),정품,455000,1몰,
5132511,인텔 제온 E3-1275V6 (카비레이크),정품,736000,1몰,
5221419,인텔 펜티엄 G4600 (카비레이크),벌크,6890,25몰,
5401735,AMD 라이젠5-1세대 1500X (서밋 릿지),해외구매,39400,182몰,
5401751,AMD 라이젠5-1세대 1400 (서밋 릿지),해외구매,34060,147몰,
5519916,AMD 라이젠7-1세대 1800X (서밋 릿지),해외구매,111330,72몰,
5565155,AMD 라이젠 스레드리퍼 1920X (화이트헤븐),해외구매,201020,3몰,
5565689,AMD 라이젠3-1세대 1300X (서밋 릿지),해외구매,39400,1몰,
5565805,AMD 라이젠7-1세대 1700 (서밋 릿지),해외구매,71600,175몰,
5569026,인텔 코어i3-8세대 8100 (커피레이크),벌크 + 쿨러,33010,26몰,
5569040,인텔 코어i3-8세대 8100 (커피레이크),벌크,27190,34몰,
5569056,인텔 코어i7-8세대 8700 (커피레이크),벌크,117170,40몰,
5627136,인텔 코어i7-8세대 8700 (커피레이크),벌크 + 쿨러,138020,57몰,
5714311,인텔 코어i7-6세대 6700 (스카이레이크),중고,56290,128몰,
6333162,AMD 라이젠5-2세대 2600 (피나클 릿지),해외구매,60430,479몰,
6333353,AMD 라이젠7-2세대 2700X (피나클 릿지),해외구매,58740,39몰,
6491328,AMD 라이젠7-1세대 1700 (서밋 릿지),중고,36900,10몰,
6515580,인텔 코어i9-9세대 9900K (커피레이크-R),정품,750000,1몰,
6566789,인텔 코어i9-9세대 9900K (커피레이크-R),병행수입 박스,750000,1몰,
6582121,인텔 코어i9-9세대 9900K (커피레이크-R),벌크,750000,2몰,
6654427,인텔 코어i9-9세대 9900K (커피레이크-R),벌크 + 쿨러,750000,1몰,
6746998,인텔 코어X-시리즈 i7-9800X (스카이레이크),정품,758990,5몰,
6929425,인텔 코어X-시리즈 i9-9940X (스카이레이크),정품,939630,25몰,
7281580,인텔 코어i7-8세대 8700 (커피레이크),해외구매,207890,2몰,
7486969,인텔 코어i9-9세대 9900K (커피레이크-R),해외구매,722600,3몰,
7517686,인텔 코어i7-9세대 9700KF (커피레이크-R),정품,518190,1몰,
7565248,인텔 코어i5-9세대 9600KF (커피레이크-R),정품,157560,46몰,
7812139,인텔 코어i5-7세대 7600K (카비레이크),중고,51570,21몰,
7892752,인텔 코어i7-9세대 9700KF (커피레이크-R),병행수입 박스,520350,1몰,
7892785,인텔 코어i7-9세대 9700KF (커피레이크-R),벌크 + 쿨러,350000,1몰,
7892803,인텔 코어i7-9세대 9700KF (커피레이크-R),벌크,204440,20몰,
7892839,인텔 코어i5-9세대 9600KF (커피레이크-R),병행수입 박스,157560,48몰,
7892848,인텔 코어i5-9세대 9600KF (커피레이크-R),벌크 + 쿨러,113630,71몰,
7892860,인텔 코어i5-9세대 9600KF (커피레이크-R),벌크,94800,60몰,
7893010,인텔 코어i3-8세대 8100 (커피레이크),해외구매,115530,2몰,
7894279,인텔 코어i5-7세대 7500 (카비레이크),해외구매,75310,5몰,
7894294,인텔 코어i5-7세대 7500 (카비레이크),중고,28900,100몰,
7897948,인텔 펜티엄 G4600 (카비레이크),중고,3440,40몰,
7897969,인텔 펜티엄 G4600 (카비레이크),해외구매,30530,1몰,
7898119,인텔 코어i5-7세대 7600K (카비레이크),해외구매,62190,12몰,
7914736,인텔 코어i3-9세대 9100F (커피레이크-R),정품,75080,4몰,
7914745,인텔 코어i3-9세대 9100F (커피레이크-R),벌크 + 쿨러,51540,19몰,
7914757,인텔 코어i3-9세대 9100F (커피레이크-R),벌크,28910,24몰,
8141410,AMD 라이젠5-1세대 1400 (서밋 릿지),중고,21760,1몰,
8457111,AMD 라이젠9-3세대 3900X (마티스),정품,1500000,2몰,
8459781,AMD 라이젠7-3세대 3800X (마티스),정품,560760,1몰,
8460291,AMD 라이젠3-2세대 3200G (피카소),정품,87700,2몰,
8650784,인텔 코어i7-9세대 9700 (커피레이크-R),벌크 + 쿨러,165230,83몰,
8650856,인텔 코어i7-9세대 9700 (커피레이크-R),벌크,173870,62몰,
9374721,AMD 라이젠9-3세대 3900X (마티스),멀티팩 정품,400000,1몰,
9421629,AMD 라이젠7-3세대 3700X (마티스),멀티팩 정품,405000,1몰,
9968202,AMD 애슬론 3000G (레이븐 릿지),정품,61230,56몰,
10176534,AMD 라이젠5-2세대 3400G (피카소),멀티팩 정품,104870,69몰,
10370589,인텔 코어i5-9세대 9600KF (커피레이크-R),해외구매,148170,3몰,
10861092,AMD 라이젠5-3세대 3600 (마티스),멀티팩 정품,115380,19몰,
11020131,AMD 라이젠5-3세대 3600 (마티스),해외구매,115580,223몰,
11021388,AMD 라이젠7-3세대 3700X (마티스),해외구매,169090,104몰,
11021694,AMD 라이젠3-2세대 3200G (피카소),해외구매,65360,303몰,
11022333,AMD 라이젠3-1세대 2200G (레이븐 릿지),해외구매,7600,258몰,
11022852,AMD 라이젠9-3세대 3900X (마티스),해외구매,270170,269몰,
11024358,AMD 라이젠5-3세대 3600X (마티스),해외구매,109700,133몰,
11026104,AMD 라이젠5-2세대 2600X (피나클 릿지),해외구매,70030,514몰,
11026596,AMD 라이젠7-3세대 3800X (마티스),해외구매,137500,4몰,
11026701,AMD 라이젠9-3세대 3950X (마티스),해외구매,574620,2몰,
11026974,AMD 라이젠5-2세대 3400G (피카소),해외구매,92350,276몰,
11035356,AMD 라이젠 스레드리퍼 3960X (캐슬 픽),해외구매,1465780,2몰,
11035590,AMD 라이젠 스레드리퍼 1900X (화이트헤븐),해외구매,1779000,1몰,
11035740,AMD 라이젠 스레드리퍼 2990WX (콜팩스),해외구매,1563030,3몰,
11036082,AMD 라이젠7-2세대 2700 (피나클 릿지),해외구매,144740,1몰,
11038053,AMD 라이젠 스레드리퍼 2970WX (콜팩스),해외구매,2350000,1몰,
11082156,인텔 코어i3-9세대 9100F (커피레이크-R),해외구매,54100,9몰,
11083020,인텔 코어i7-9세대 9700KF (커피레이크-R),해외구매,248160,1몰,
11083779,인텔 코어i7-9세대 9700 (커피레이크-R),해외구매,301710,2몰,
11083932,인텔 코어i7-9세대 9700 (커피레이크-R),중고,154990,54몰,
11480259,인텔 펜티엄 골드 G6400 (코멧레이크S),벌크,61990,34몰,
11480307,인텔 펜티엄 골드 G6400 (코멧레이크S),벌크 + 쿨러,66950,50몰,
11480433,인텔 코어i3-10세대 10100 (코멧레이크S),벌크,153620,31몰,
11480511,인텔 코어i3-10세대 10100 (코멧레이크S),벌크 + 쿨러,159890,9몰,
11481531,인텔 코어i7-10세대 10700 (코멧레이크S),벌크,262750,64몰,
11481624,인텔 코어i7-10세대 10700 (코멧레이크S),벌크 + 쿨러,265960,79몰,
11481780,인텔 코어i5-10세대 10600K (코멧레이크S),벌크,202370,41몰,
11481858,인텔 코어i5-10세대 10600K (코멧레이크S),벌크 + 쿨러,209200,55몰,
11489973,인텔 코어i5-10세대 10400F (코멧레이크S),정품,173370,35몰,
11490279,인텔 코어i5-10세대 10400F (코멧레이크S),벌크,161500,61몰,
11490309,인텔 코어i5-10세대 10400F (코멧레이크S),벌크 + 쿨러,172330,71몰,
11861530,인텔 코어i3-9세대 9100F (커피레이크-R),중고,25690,51몰,
11876443,AMD 라이젠5 PRO 4650G (르누아르),멀티팩 정품,220000,1몰,
12122969,인텔 셀러론 G5905 (코멧레이크S),정품,62000,1몰,
12200864,AMD 라이젠3-3세대 3100 (마티스),해외구매,71390,5몰,
12335285,인텔 코어i5-10세대 10400F (코멧레이크S),병행수입 박스,181260,10몰,
12335654,인텔 펜티엄 골드 G6400 (코멧레이크S),해외구매,188040,1몰,
12335819,인텔 셀러론 G5905 (코멧레이크S),벌크,38190,48몰,
12335876,인텔 셀러론 G5905 (코멧레이크S),벌크 + 쿨러,44110,69몰,
12336560,인텔 코어i5-10세대 10400F (코멧레이크S),해외구매,165410,5몰,
12336623,인텔 코어i5-10세대 10400F (코멧레이크S),중고,142000,5몰,
12336977,인텔 코어i5-10세대 10600K (코멧레이크S),중고,202480,15몰,
12338828,AMD 라이젠9-3세대 3900XT (마티스),해외구매,500000,1몰,
12339284,AMD 라이젠9-3세대 3900X (마티스),중고,236990,4몰,
12340073,AMD 라이젠5-3세대 3500 (마티스),해외구매,109810,4몰,
12340184,AMD 라이젠3-3세대 3300X (마티스),해외구매,93390,216몰,
12401438,AMD 라이젠3-2세대 3200G (피카소),멀티팩 정품,91390,100몰,
12545093,인텔 코어i5-10세대 10600K (코멧레이크S),해외구매,288690,7몰,
12625094,AMD 라이젠3-3세대 3300X (마티스),멀티팩 정품,270000,1몰,
12625265,AMD 라이젠5-4세대 5600X (버미어),멀티팩 정품,600000,3몰,
12837425,AMD 라이젠9-4세대 5900X (버미어),멀티팩 정품,759000,1몰,
12872324,AMD 라이젠5-4세대 5600X (버미어),해외구매,191370,448몰,
12872369,AMD 라이젠7-4세대 5800X (버미어),해외구매,332900,309몰,
12975302,AMD 라이젠9-4세대 5900X (버미어),해외구매,538070,72몰,
13165053,AMD 라이젠9-5세대 7950X (라파엘),해외구매,385000,27몰,
13165065,AMD 라이젠9-5세대 7900X (라파엘),해외구매,702000,8몰,
13165080,AMD 라이젠7-5세대 7700X (라파엘),해외구매,401210,330몰,
13165089,AMD 라이젠5-5세대 7600X (라파엘),해외구매,307020,68몰,
13172262,AMD 라이젠9-4세대 5950X (버미어),벌크 병행,735000,6몰,
13172325,AMD 라이젠3-3세대 3300X (마티스),중고,62490,4몰,
13360280,인텔 코어i7-8세대 8700 (커피레이크),중고,116890,94몰,
13491257,AMD 라이젠 스레드리퍼 PRO 3955WX (캐슬 픽-W),정품,903360,78몰,
13542827,AMD 라이젠5-3세대 3600 (마티스),벌크 병행,118650,12몰,
13620101,인텔 펜티엄 골드 G6405 (코멧레이크S 리프레시),정품,159000,1몰,
13754471,인텔 코어i7-11세대 11700K (로켓레이크S),해외구매,475190,2몰,
13763867,AMD 라이젠5-4세대 5600X (버미어),벌크 병행,237000,5몰,
13809269,인텔 코어i5-11세대 11500 (로켓레이크S),벌크,225000,25몰,
13824665,인텔 코어i7-11세대 11700 (로켓레이크S),벌크 + 쿨러,266900,8몰,
13824704,인텔 코어i7-11세대 11700 (로켓레이크S),벌크,260390,37몰,
13824974,인텔 코어i7-11세대 11700K (로켓레이크S),벌크 + 쿨러,373290,3몰,
13825037,인텔 코어i7-11세대 11700K (로켓레이크S),벌크,366430,28몰,
13837388,AMD 라이젠7-2세대 2700X (피나클 릿지),중고,75000,4몰,
13851815,인텔 펜티엄 골드 G6405 (코멧레이크S 리프레시),벌크,77870,39몰,
13851932,AMD 라이젠9-4세대 5950X (버미어),해외구매,671900,63몰,
13851974,AMD 라이젠5-3세대 3600 (마티스),중고,93790,4몰,
13902422,AMD 라이젠7-4세대 5800X (버미어),벌크 병행,365000,4몰,
14000321,인텔 펜티엄 골드 G6405 (코멧레이크S 리프레시),벌크 + 쿨러,81250,41몰,
14004518,인텔 셀러론 G5905 (코멧레이크S),해외구매,126840,1몰,
14079716,AMD 라이젠 스레드리퍼 3970X (캐슬 픽),해외구매,2655050,4몰,
14664326,인텔 코어i7-10세대 10700 (코멧레이크S),중고,247990,48몰,
14927615,AMD 라이젠5-4세대 5600G (세잔),정품,222390,102몰,
14927675,AMD 라이젠5-4세대 5600G (세잔),멀티팩 정품,224920,146몰,
14927759,AMD 라이젠7-4세대 5700G (세잔),멀티팩 정품,322990,80몰,
14937365,AMD 라이젠7-4세대 5700G (세잔),해외구매,286200,308몰,
14937368,AMD 라이젠5-4세대 5600G (세잔),해외구매,207060,330몰,
15137684,AMD 라이젠5-4세대 5600X (버미어),프리즘 멀티팩 정품,550000,1몰,
15252869,AMD 애슬론 3000G (레이븐 릿지),중고,24000,7몰,
15275936,인텔 펜티엄 골드 G6400 (코멧레이크S),중고,61650,12몰,
15594638,인텔 코어i7-12세대 12700K (엘더레이크),정품,469110,36몰,
15594701,인텔 코어i7-12세대 12700KF (엘더레이크),정품,494000,3몰,
15594887,인텔 코어i9-12세대 12900K (엘더레이크),정품,821990,4몰,
15752804,인텔 코어i7-12세대 12700K (엘더레이크),해외구매,575100,4몰,
15752897,인텔 코어i7-12세대 12700K (엘더레이크),벌크 + 쿨러,330360,99몰,
15752963,인텔 코어i7-12세대 12700KF (엘더레이크),해외구매,420020,12몰,
15753131,인텔 코어i9-12세대 12900K (엘더레이크),해외구매,753870,4몰,
15753161,인텔 코어i9-12세대 12900K (엘더레이크),벌크 + 쿨러,533920,48몰,
15764720,인텔 코어i7-12세대 12700K (엘더레이크),벌크,318350,102몰,
15764744,인텔 코어i7-12세대 12700KF (엘더레이크),벌크 + 쿨러,302220,95몰,
15764771,인텔 코어i9-12세대 12900K (엘더레이크),벌크,513690,81몰,
15788555,인텔 코어i7-12세대 12700KF (엘더레이크),벌크,290770,83몰,
15827978,인텔 코어i3-8세대 8100 (커피레이크),중고,21900,52몰,
16101083,인텔 코어i3-12세대 12100 (엘더레이크),정품,184840,84몰,
16101179,인텔 코어i3-12세대 12100F (엘더레이크),정품,189990,5몰,
16101326,인텔 코어i5-12세대 12400 (엘더레이크),정품,269950,108몰,
16101353,인텔 코어i5-12세대 12400F (엘더레이크),정품,215990,101몰,
16101398,인텔 코어i5-12세대 12500 (엘더레이크),정품,363410,16몰,
16101464,인텔 코어i7-12세대 12700F (엘더레이크),정품,410430,65몰,
16101545,인텔 코어i9-12세대 12900 (엘더레이크),정품,727000,4몰,
16116971,AMD 라이젠 스레드리퍼 PRO 3975WX (캐슬 픽-W),해외구매,5669000,2몰,
16117067,AMD 라이젠 스레드리퍼 PRO 3955WX (캐슬 픽-W),해외구매,2577000,2몰,
16140707,인텔 코어i5-12세대 12400 (엘더레이크),해외구매,288610,3몰,
16140743,인텔 코어i5-12세대 12400F (엘더레이크),해외구매,196460,35몰,
16140809,인텔 코어i7-12세대 12700 (엘더레이크),정품,555980,19몰,
16155401,인텔 코어i3-12세대 12100F (엘더레이크),벌크,114880,106몰,
16155473,인텔 코어i3-12세대 12100 (엘더레이크),벌크,149750,103몰,
16155656,인텔 코어i5-12세대 12400F (엘더레이크),벌크,159860,129몰,
16155824,인텔 코어i5-12세대 12400 (엘더레이크),벌크,196900,116몰,
16155992,인텔 코어i5-12세대 12500 (엘더레이크),벌크,343110,75몰,
16156232,인텔 코어i7-12세대 12700F (엘더레이크),벌크,361930,89몰,
16156580,인텔 코어i9-12세대 12900 (엘더레이크),벌크,568000,46몰,
16209722,인텔 코어i7-12세대 12700F (엘더레이크),해외구매,480110,2몰,
16209731,인텔 코어i7-12세대 12700 (엘더레이크),벌크,360550,93몰,
16209749,인텔 코어i7-12세대 12700 (엘더레이크),해외구매,527270,4몰,
16211213,인텔 코어i5-12세대 12500 (엘더레이크),해외구매,434500,2몰,
16211645,인텔 코어i3-12세대 12100F (엘더레이크),해외구매,150940,16몰,
16211690,인텔 코어i3-12세대 12100 (엘더레이크),해외구매,290090,4몰,
16232738,인텔 코어i3-12세대 12100F (엘더레이크),벌크 + 쿨러,126880,101몰,
16232762,인텔 코어i3-12세대 12100 (엘더레이크),벌크 + 쿨러,161790,69몰,
16232792,인텔 코어i5-12세대 12400F (엘더레이크),벌크 + 쿨러,170860,107몰,
16232846,인텔 코어i5-12세대 12400 (엘더레이크),벌크 + 쿨러,209870,105몰,
16232900,인텔 코어i5-12세대 12500 (엘더레이크),벌크 + 쿨러,355820,77몰,
16233047,인텔 코어i7-12세대 12700F (엘더레이크),벌크 + 쿨러,374180,111몰,
16233104,인텔 코어i7-12세대 12700 (엘더레이크),벌크 + 쿨러,365630,79몰,
16233368,인텔 코어i9-12세대 12900 (엘더레이크),벌크 + 쿨러,581590,11몰,
16414823,AMD 라이젠7-3세대 3700X (마티스),중고,148990,5몰,
16561238,AMD 애슬론 3000G (레이븐 릿지),벌크 + 쿨러 정품,49900,46몰,
16581206,인텔 코어i7-12세대 12700K (엘더레이크),병행수입 박스,484500,5몰,
16740590,AMD 라이젠3-3세대 4100 (르누아르-X),멀티팩 정품,81000,1몰,
16741211,AMD 라이젠5-4세대 5600 (버미어),멀티팩 정품,158790,178몰,
16741349,AMD 라이젠7-4세대 5700X (버미어),멀티팩 정품,301000,79몰,
16872089,AMD 라이젠7-4세대 5800X3D (버미어),정품,582330,59몰,
16950422,AMD 라이젠5-4세대 5500 (세잔),해외구매,119640,431몰,
16950473,AMD 라이젠5-4세대 5600 (버미어),해외구매,175830,345몰,
16950596,AMD 라이젠5-3세대 4500 (르누아르-X),해외구매,103630,8몰,
16951109,AMD 라이젠7-4세대 5700X (버미어),해외구매,231400,479몰,
17157083,AMD 라이젠5-4세대 5600 (버미어),정품,158700,171몰,
17198921,AMD 라이젠5-4세대 5600X (버미어),중고,178990,4몰,
17262377,AMD 애슬론 3000G (레이븐 릿지),벌크 병행,52900,38몰,
17287790,AMD 라이젠5-3세대 4600G (르누아르),해외구매,175240,7몰,
17339861,인텔 셀러론 G5905 (코멧레이크S),중고,36000,4몰,
17379902,AMD 라이젠7-4세대 5800X3D (버미어),해외구매,589000,227몰,
17380925,인텔 코어i9-12세대 12900 (엘더레이크),중고,690000,2몰,
17409044,AMD 라이젠7-4세대 5800X (버미어),중고,274990,4몰,
17437220,AMD 라이젠5-2세대 2600X (피나클 릿지),중고,108240,2몰,
17570783,AMD 라이젠 스레드리퍼 PRO 5995WX (샤갈 프로),정품,7608090,68몰,
17570807,AMD 라이젠 스레드리퍼 PRO 5975WX (샤갈 프로),정품,3228020,9몰,
17570816,AMD 라이젠 스레드리퍼 PRO 5965WX (샤갈 프로),정품,2100000,18몰,
17576381,AMD 라이젠9-4세대 5900X (버미어),중고,398990,4몰,
17858363,AMD 라이젠7-4세대 5700X (버미어),벌크 병행,265990,15몰,
17913311,AMD 라이젠5-5세대 7600X (라파엘),정품,357000,1몰,
17913863,AMD 라이젠9-5세대 7900X (라파엘),정품,506200,6몰,
17913980,AMD 라이젠9-5세대 7950X (라파엘),정품,1840490,1몰,
18000296,AMD 라이젠 스레드리퍼 PRO 3995WX (캐슬 픽-W),해외구매,12500000,2몰,
18039512,인텔 코어i9-13세대 13900KF (랩터레이크),정품,703080,2몰,
18039569,인텔 코어i9-13세대 13900K (랩터레이크),정품,10000000,2몰,
18055820,AMD 라이젠 스레드리퍼 PRO 5955WX (샤갈 프로),정품,1626670,67몰,
18071105,인텔 코어i9-13세대 13900KF (랩터레이크),해외구매,1412560,1몰,
18071186,인텔 코어i9-13세대 13900K (랩터레이크),해외구매,886000,7몰,
18071201,인텔 코어i7-13세대 13700KF (랩터레이크),해외구매,510060,6몰,
18071246,인텔 코어i5-13세대 13600KF (랩터레이크),해외구매,367760,5몰,
18144521,인텔 코어i7-13세대 13700KF (랩터레이크),벌크,397620,61몰,
18158795,인텔 제온 E3-1275V6 (카비레이크),중고,850000,7몰,
18169253,인텔 코어i5-13세대 13600KF (랩터레이크),벌크 + 쿨러,286830,70몰,
18169268,인텔 코어i5-13세대 13600KF (랩터레이크),벌크,275120,49몰,
18172421,AMD 라이젠3-1세대 2200G (레이븐 릿지),중고,21900,28몰,
18172463,AMD 라이젠5-1세대 1500X (서밋 릿지),중고,24870,3몰,
18172499,AMD 라이젠7-1세대 1800X (서밋 릿지),중고,57890,1몰,
18172535,AMD 라이젠3-2세대 3200G (피카소),중고,58000,19몰,
18184013,인텔 코어i7-13세대 13700KF (랩터레이크),벌크 + 쿨러,386410,71몰,
18198092,인텔 코어i9-13세대 13900K (랩터레이크),벌크,609290,12몰,
18198152,인텔 코어i9-13세대 13900K (랩터레이크),벌크 + 쿨러,626400,13몰,
18214907,인텔 코어i9-13세대 13900KF (랩터레이크),벌크,529130,47몰,
18214919,인텔 코어i9-13세대 13900KF (랩터레이크),벌크 + 쿨러,546220,31몰,
18614342,AMD 라이젠 스레드리퍼 PRO 3975WX (캐슬 픽-W),벌크 병행,2227200,3몰,
18640205,인텔 코어i3-13세대 13100 (랩터레이크),정품,497990,2몰,
18640280,인텔 코어i5-13세대 13400F (랩터레이크),정품,389000,1몰,
18640286,인텔 코어i5-13세대 13400 (랩터레이크),정품,352590,9몰,
18640319,인텔 코어i5-13세대 13500 (랩터레이크),정품,434000,2몰,
18640379,인텔 코어i7-13세대 13700F (랩터레이크),정품,525000,1몰,
18640442,인텔 코어i9-13세대 13900F (랩터레이크),정품,757940,54몰,
18640472,인텔 코어i9-13세대 13900 (랩터레이크),정품,1043700,2몰,
18702722,인텔 코어i3-13세대 13100 (랩터레이크),벌크,152020,57몰,
18702749,인텔 코어i3-13세대 13100 (랩터레이크),벌크 + 쿨러,161990,65몰,
18702812,인텔 코어i5-13세대 13400F (랩터레이크),벌크,182190,100몰,
18702827,인텔 코어i5-13세대 13400F (랩터레이크),벌크 + 쿨러,192200,86몰,
18703208,인텔 코어i5-13세대 13400 (랩터레이크),벌크,203800,99몰,
18703220,인텔 코어i5-13세대 13400 (랩터레이크),벌크 + 쿨러,215230,84몰,
18703382,인텔 코어i5-13세대 13500 (랩터레이크),벌크,344090,74몰,
18703415,인텔 코어i5-13세대 13500 (랩터레이크),벌크 + 쿨러,354190,79몰,
18703556,인텔 코어i5-13세대 13500 (랩터레이크),해외구매,476910,1몰,
18703613,인텔 코어i7-13세대 13700F (랩터레이크),벌크,385960,90몰,
18703634,인텔 코어i7-13세대 13700F (랩터레이크),벌크 + 쿨러,395950,75몰,
18703961,인텔 코어i9-13세대 13900F (랩터레이크),벌크,755970,7몰,
18703970,인텔 코어i9-13세대 13900F (랩터레이크),벌크 + 쿨러,773340,3몰,
18704012,인텔 코어i9-13세대 13900 (랩터레이크),벌크,689640,74몰,
18704030,인텔 코어i9-13세대 13900 (랩터레이크),벌크 + 쿨러,712700,8몰,
18718496,AMD 라이젠5-5세대 7600 (라파엘),멀티팩 정품,233170,87몰,
18718538,AMD 라이젠7-5세대 7700 (라파엘),멀티팩 정품,346310,101몰,
18718592,AMD 라이젠9-5세대 7900 (라파엘),정품,489090,59몰,
18718631,AMD 라이젠9-5세대 7900 (라파엘),멀티팩 정품,484950,15몰,
18771350,AMD 라이젠5-5세대 7600 (라파엘),해외구매,333400,18몰,
18771416,AMD 라이젠9-5세대 7900 (라파엘),해외구매,630100,5몰,
18885863,인텔 코어i9-12세대 12900K (엘더레이크),병행수입 박스,548570,29몰,
18925913,인텔 코어i9-13세대 13900 (랩터레이크),해외구매,1102500,3몰,
18934001,인텔 코어i5-13세대 13400F (랩터레이크),해외구매,218400,8몰,
19157771,인텔 코어i9-12세대 12900K (엘더레이크),중고,553190,7몰,
19286273,AMD 라이젠7-5세대 7700 (라파엘),해외구매,293110,289몰,
19627457,AMD 라이젠9-5세대 7900X3D (라파엘),멀티팩 정품,804590,4몰,
19627601,AMD 라이젠9-5세대 7950X3D (라파엘),멀티팩 정품,686810,80몰,
19627808,AMD 라이젠7-5세대 7800X3D (라파엘),정품,690180,3몰,
19627934,AMD 라이젠7-5세대 7800X3D (라파엘),멀티팩 정품,427870,213몰,
20613197,AMD 라이젠9-5세대 7950X (라파엘),멀티팩 정품,1470000,3몰,
20685467,AMD 라이젠 스레드리퍼 PRO 5975WX (샤갈 프로),멀티팩 정품,3113330,62몰,
20725853,인텔 제온 E3-1275V6 (카비레이크),벌크,586000,2몰,
21694499,AMD 라이젠5-5세대 7500F (라파엘),멀티팩 정품,172970,218몰,
23537372,AMD 라이젠5-3세대 4600G (르누아르),중고,146000,1몰,
27521231,AMD 라이젠7-4세대 5800X3D (버미어),멀티팩 정품,580450,61몰,
27658745,AMD 애슬론 3000G (레이븐 릿지),멀티팩 정품,61960,12몰,
27757436,AMD 라이젠5-5세대 7600 (라파엘),벌크 병행,278000,17몰,
27757619,AMD 라이젠5-5세대 7600X (라파엘),멀티팩 정품,292390,15몰,
27945140,AMD 라이젠7-5세대 7700X (라파엘),멀티팩 정품,362990,14몰,
27948446,AMD 라이젠5-5세대 7500F (라파엘),벌크 병행,171600,39몰,
28055177,인텔 코어i5-13세대 13400 (랩터레이크),중고 + 쿨러,223000,8몰,
28402418,AMD 라이젠9-5세대 7900X (라파엘),멀티팩 정품,415000,80몰,
28798964,인텔 코어i9-14세대 14900K (랩터레이크 리프레시),정품,768000,90몰,
28799180,인텔 코어i9-14세대 14900KF (랩터레이크 리프레시),정품,738990,31몰,
28799435,인텔 코어i7-14세대 14700K (랩터레이크 리프레시),정품,780000,1몰,
28799498,인텔 코어i7-14세대 14700KF (랩터레이크 리프레시),정품,545090,125몰,
28799654,인텔 코어i5-14세대 14600K (랩터레이크 리프레시),정품,441350,3몰,
28799732,인텔 코어i5-14세대 14600KF (랩터레이크 리프레시),정품,353880,104몰,
28884227,인텔 코어i5-14세대 14600KF (랩터레이크 리프레시),벌크,292600,183몰,
28884308,인텔 코어i5-14세대 14600K (랩터레이크 리프레시),벌크,313880,221몰,
28920827,인텔 코어i7-14세대 14700K (랩터레이크 리프레시),벌크,484470,193몰,
28920875,인텔 코어i9-14세대 14900KF (랩터레이크 리프레시),벌크,581590,146몰,
28920896,인텔 코어i9-14세대 14900K (랩터레이크 리프레시),벌크,650430,154몰,
29858150,인텔 코어i5-13세대 13400 (랩터레이크),해외구매,496600,1몰,
29959874,인텔 코어i7-14세대 14700KF (랩터레이크 리프레시),벌크,463000,180몰,
31391471,인텔 코어i7-14세대 14700K (랩터레이크 리프레시),해외구매,761540,8몰,
31391636,인텔 코어i7-14세대 14700KF (랩터레이크 리프레시),해외구매,595680,6몰,
31391735,인텔 코어i5-14세대 14600KF (랩터레이크 리프레시),해외구매,315720,17몰,
31391807,인텔 코어i5-14세대 14600K (랩터레이크 리프레시),해외구매,527900,9몰,
31391999,인텔 코어i9-14세대 14900KF (랩터레이크 리프레시),해외구매,945000,5몰,
31392077,인텔 코어i9-14세대 14900K (랩터레이크 리프레시),해외구매,462410,21몰,
31908263,AMD 라이젠5-5세대 7500F (라파엘),해외구매,173670,345몰,
31946036,AMD 라이젠7-5세대 7800X3D (라파엘),해외구매,400300,398몰,
31950143,AMD 라이젠9-5세대 7900X3D (라파엘),해외구매,666000,3몰,
32037701,인텔 코어i9-14세대 14900F (랩터레이크 리프레시),정품,824980,95몰,
32037824,인텔 코어i9-14세대 14900 (랩터레이크 리프레시),정품,887360,84몰,
32038001,인텔 코어i7-14세대 14700 (랩터레이크 리프레시),정품,556000,136몰,
32038256,인텔 코어i5-14세대 14500 (랩터레이크 리프레시),정품,363440,90몰,
32038580,인텔 코어i5-14세대 14400 (랩터레이크 리프레시),정품,279000,122몰,
32038667,인텔 코어i5-14세대 14400F (랩터레이크 리프레시),정품,235170,147몰,
32038820,인텔 코어i3-14세대 14100 (랩터레이크 리프레시),정품,192680,99몰,
32038895,인텔 코어i3-14세대 14100F (랩터레이크 리프레시),정품,151570,121몰,
32039399,인텔 프로세서 300 (랩터레이크 리프레시),정품,464990,3몰,
32102588,인텔 코어i3-14세대 14100F (랩터레이크 리프레시),벌크 + 쿨러,130550,103몰,
32102672,인텔 코어i3-14세대 14100F (랩터레이크 리프레시),벌크,120620,111몰,
32102738,인텔 코어i3-14세대 14100 (랩터레이크 리프레시),벌크 병행,149670,201몰,
32102786,인텔 코어i5-14세대 14400F (랩터레이크 리프레시),벌크 병행,184480,269몰,
32102876,인텔 코어i5-14세대 14400 (랩터레이크 리프레시),벌크 병행,213740,249몰,
32102912,인텔 코어i5-14세대 14500 (랩터레이크 리프레시),벌크 + 쿨러,356120,80몰,
32102927,인텔 코어i5-14세대 14500 (랩터레이크 리프레시),벌크,320000,97몰,
32102960,인텔 코어i7-14세대 14700 (랩터레이크 리프레시),벌크 + 쿨러,430000,118몰,
32103143,인텔 코어i7-14세대 14700 (랩터레이크 리프레시),벌크,417990,143몰,
32103221,인텔 코어i9-14세대 14900 (랩터레이크 리프레시),벌크 + 쿨러,680240,29몰,
32103272,인텔 코어i9-14세대 14900F (랩터레이크 리프레시),벌크 + 쿨러,825500,35몰,
32103278,인텔 코어i9-14세대 14900F (랩터레이크 리프레시),벌크,808690,49몰,
32103329,인텔 코어i9-14세대 14900 (랩터레이크 리프레시),벌크,647900,71몰,
32156936,인텔 코어i7-14세대 14700F (랩터레이크 리프레시),정품,527510,132몰,
34336130,AMD 라이젠5-5세대 8500G (피닉스),정품,965000,1몰,
34336475,AMD 라이젠5-5세대 8600G (피닉스),정품,975000,1몰,
34337192,AMD 라이젠5-4세대 5600GT (세잔),정품,239000,1몰,
34337198,AMD 라이젠5-4세대 5500GT (세잔),정품,222190,5몰,
35223638,인텔 제온 w7-3465X (사파이어 래피드),벌크,4875000,9몰,
35224169,인텔 제온 w5-3435X (사파이어 래피드),벌크,4184130,5몰,
35224235,인텔 제온 w5-2465X (사파이어 래피드),벌크,3744000,3몰,
35230202,인텔 코어i7-14세대 14700F (랩터레이크 리프레시),벌크 + 쿨러,445510,124몰,
35230379,인텔 코어i7-14세대 14700F (랩터레이크 리프레시),벌크,435600,107몰,
38452358,인텔 프로세서 300 (랩터레이크 리프레시),벌크,156000,1몰,
40895423,인텔 코어i9-14세대 14900KS (랩터레이크 리프레시),정품,1150000,4몰,
43523477,인텔 코어i7-14세대 14700F (랩터레이크 리프레시),해외구매,698370,2몰,
43523825,인텔 코어i7-14세대 14700 (랩터레이크 리프레시),해외구매,741140,1몰,
46741085,AMD 라이젠 스레드리퍼 PRO 3975WX (캐슬 픽-W),중고,1490000,8몰,
47839244,AMD 라이젠7-4세대 5700X3D (버미어),해외구매,552200,405몰,
52062869,AMD 라이젠9-5세대 7950X3D (라파엘),해외구매,666000,12몰,
53626130,AMD 라이젠5-5세대 8400F (피닉스),멀티팩 정품,174170,131몰,
53779649,AMD 라이젠7-5세대 8700F (피닉스),멀티팩 정품,233000,94몰,
54218171,AMD 라이젠5-4세대 5500GT (세잔),멀티팩 정품,197840,193몰,
54323792,인텔 코어i9-9세대 9900K (커피레이크-R),중고,324000,4몰,
55089053,인텔 코어i5-14세대 14400F (랩터레이크 리프레시),해외구매,255770,13몰,
57303941,인텔 코어i5-14세대 14500 (랩터레이크 리프레시),해외구매,583560,1몰,
57304250,AMD 라이젠5-5세대 8600G (피닉스),해외구매,260000,19몰,
58933169,AMD 라이젠7-5세대 8700G (피닉스),멀티팩 정품,412880,120몰,
60167690,AMD 라이젠5-4세대 5600GT (세잔),멀티팩 정품,224460,110몰,
60170150,AMD 라이젠5-5세대 8500G (피닉스),멀티팩 정품,236760,103몰,
60170204,AMD 라이젠5-5세대 8600G (피닉스),멀티팩 정품,266890,130몰,
61819028,AMD 라이젠7-5세대 8700G (피닉스),해외구매,453500,24몰,
62159114,인텔 코어i3-14세대 14100F (랩터레이크 리프레시),해외구매,215820,5몰,
62159201,인텔 코어i3-14세대 14100 (랩터레이크 리프레시),해외구매,358830,3몰,
62159357,AMD 라이젠5-5세대 8500G (피닉스),해외구매,303600,3몰,
62159663,인텔 코어i5-14세대 14400 (랩터레이크 리프레시),해외구매,461430,4몰,
62174876,AMD 라이젠 스레드리퍼 PRO 5955WX (샤갈 프로),해외구매,2236000,2몰,
62653715,AMD 라이젠7-6세대 9700X (그래니트 릿지),정품,686000,1몰,
62653718,AMD 라이젠5-6세대 9600X (그래니트 릿지),정품,399000,2몰,
62794079,AMD 라이젠5-6세대 9600X (그래니트 릿지),멀티팩 정품,271540,198몰,
62794082,AMD 라이젠7-6세대 9700X (그래니트 릿지),멀티팩 정품,392790,155몰,
63032399,인텔 코어i9-14세대 14900KS (랩터레이크 리프레시),벌크,1000000,11몰,
63139097,AMD 라이젠9-6세대 9900X (그래니트 릿지),정품,686000,8몰,
63139115,AMD 라이젠9-6세대 9950X (그래니트 릿지),정품,878980,81몰,
63140387,AMD 라이젠9-6세대 9900X (그래니트 릿지),멀티팩 정품,617600,118몰,
63140417,AMD 라이젠9-6세대 9950X (그래니트 릿지),멀티팩 정품,825990,134몰,
64296464,AMD 라이젠 스레드리퍼 PRO 5955WX (샤갈 프로),벌크 병행,1590370,45몰,
64465301,인텔 코어i5-9세대 9600KF (커피레이크-R),중고,99490,14몰,
64465427,인텔 코어i9-14세대 14900KS (랩터레이크 리프레시),해외구매,1507680,1몰,
64465532,AMD 라이젠5-4세대 5500 (세잔),중고,167000,1몰,
65921006,AMD 라이젠5-6세대 9600X (그래니트 릿지),해외구매,251480,273몰,
67581395,AMD 라이젠9-6세대 9900X (그래니트 릿지),해외구매,529890,32몰,
69059459,인텔 코어 울트라9 시리즈2 285K (애로우레이크),정품,923990,112몰,
69059687,인텔 코어 울트라7 시리즈2 265K (애로우레이크),정품,508000,20몰,
69059723,인텔 코어 울트라7 시리즈2 265KF (애로우레이크),정품,510000,10몰,
69059753,인텔 코어 울트라5 시리즈2 245K (애로우레이크),정품,315170,127몰,
69059771,인텔 코어 울트라5 시리즈2 245KF (애로우레이크),정품,289630,125몰,
70531547,AMD 라이젠7-6세대 9800X3D (그래니트 릿지),멀티팩 정품,634600,259몰,
70679912,AMD 라이젠7-6세대 9800X3D (그래니트 릿지),정품,720000,29몰,
71161073,인텔 코어 울트라9 시리즈2 285K (애로우레이크),벌크,702950,111몰,
71161142,인텔 코어 울트라7 시리즈2 265K (애로우레이크),벌크,401580,177몰,
71161169,인텔 코어 울트라7 시리즈2 265KF (애로우레이크),벌크,389220,122몰,
71161229,인텔 코어 울트라5 시리즈2 245K (애로우레이크),벌크,252750,138몰,
71161580,인텔 코어 울트라5 시리즈2 245KF (애로우레이크),벌크,235690,164몰,
74122559,인텔 코어 울트라9 시리즈2 285 (애로우레이크),정품,904000,18몰,
74122856,인텔 코어 울트라7 시리즈2 265 (애로우레이크),정품,559000,13몰,
74122937,인텔 코어 울트라7 시리즈2 265F (애로우레이크),정품,534000,23몰,
74123036,인텔 코어 울트라5 시리즈2 235 (애로우레이크),정품,411000,105몰,
74123084,인텔 코어 울트라5 시리즈2 225 (애로우레이크),정품,274990,122몰,
74123111,인텔 코어 울트라5 시리즈2 225F (애로우레이크),정품,212310,128몰,
75936140,AMD 라이젠5-3세대 3500 (마티스),중고,60000,1몰,
76465280,AMD 라이젠5-6세대 9600 (그래니트 릿지),멀티팩 정품,259900,132몰,
76555634,인텔 코어i5-14세대 14400F (랩터레이크 리프레시),밸류팩 정품,232680,182몰,
76555685,인텔 코어i5-14세대 14600KF (랩터레이크 리프레시),밸류팩 정품,295000,87몰,
76791428,인텔 코어 울트라5 시리즈2 225F (애로우레이크),벌크 병행,186750,155몰,
76791686,AMD 라이젠5-6세대 9600X (그래니트 릿지),벌크 병행,245900,104몰,
77015228,AMD 라이젠9-6세대 9950X (그래니트 릿지),벌크 병행,658070,82몰,
77624045,AMD 라이젠5-6세대 9600 (그래니트 릿지),벌크 정품,263750,113몰,
77790890,AMD 라이젠9-6세대 9900X3D (그래니트 릿지),멀티팩 정품,809370,93몰,
77790914,AMD 라이젠9-6세대 9950X3D (그래니트 릿지),멀티팩 정품,938980,152몰,
77790917,AMD 라이젠9-6세대 9950X3D (그래니트 릿지),정품,1501940,25몰,
78240305,AMD 라이젠7-6세대 9700X (그래니트 릿지),벌크 병행,340400,99몰,
78387080,인텔 코어 울트라9 시리즈2 285 (애로우레이크),벌크 + 쿨러,815420,5몰,
78387125,인텔 코어 울트라9 시리즈2 285 (애로우레이크),벌크,762560,84몰,
78387320,인텔 코어 울트라7 시리즈2 265F (애로우레이크),벌크,483450,96몰,
78387425,인텔 코어 울트라7 시리즈2 265F (애로우레이크),벌크 + 쿨러,503400,31몰,
78999140,AMD 라이젠9-6세대 9900X (그래니트 릿지),벌크 병행,529490,13몰,
78999344,AMD 라이젠9-6세대 9900X3D (그래니트 릿지),해외구매,821000,20몰,
79112576,AMD 라이젠5-5세대 7500F (라파엘),벌크 정품,173000,97몰,
79251527,AMD 라이젠9-6세대 9950X3D (그래니트 릿지),해외구매,875210,83몰,
79254470,AMD 라이젠5-4세대 5600G (세잔),벌크 병행,205000,6몰,
79254761,AMD 라이젠5-4세대 5600 (버미어),벌크 병행,152970,65몰,
79256144,AMD 라이젠7-5세대 7800X3D (라파엘),벌크 병행,397660,58몰,
79404794,인텔 코어 울트라5 시리즈2 235 (애로우레이크),벌크,373000,63몰,
89606675,AMD 라이젠5-5세대 7600 (라파엘),벌크 정품,278000,56몰,
89607479,AMD EPYC 4584PX (라파엘),멀티팩 정품,814480,77몰,
90503792,AMD 라이젠5-5세대 8400F (피닉스),벌크 병행,170000,8몰,
90574562,AMD 라이젠7-5세대 8700F (피닉스),해외구매,232090,178몰,
90574808,AMD 라이젠5-5세대 8500G (피닉스),벌크 병행,253500,12몰,
91042817,AMD 라이젠7-6세대 9800X3D (그래니트 릿지),벌크 병행,599940,56몰,
92233121,AMD 라이젠7-6세대 9800X3D (그래니트 릿지),해외구매,795390,518몰,
92678627,AMD EPYC 4585PX (그라도),멀티팩 정품,882100,84몰,
92680568,AMD 라이젠5-4세대 5500GT (세잔),벌크 병행,196270,22몰,
93499739,인텔 코어 울트라5 시리즈2 225 (애로우레이크),벌크 병행,224010,153몰,
93566690,AMD 라이젠7-6세대 9700X (그래니트 릿지),해외구매,444190,275몰,
93631667,AMD 라이젠9-6세대 9950X (그래니트 릿지),해외구매,691800,27몰,
94690457,AMD 라이젠 스레드리퍼 PRO 9995WX (시마다 픽),멀티팩 정품,18358480,60몰,
94690649,AMD 라이젠 스레드리퍼 PRO 9985WX (시마다 픽),멀티팩 정품,12549980,57몰,
94690814,AMD 라이젠 스레드리퍼 PRO 9975WX (시마다 픽),멀티팩 정품,6496040,27몰,
94690922,AMD 라이젠 스레드리퍼 PRO 9965WX (시마다 픽),멀티팩 정품,4503050,63몰,
94691237,AMD 라이젠 스레드리퍼 PRO 9955WX (시마다 픽),멀티팩 정품,2585660,82몰,
94932239,AMD 라이젠 스레드리퍼 9980X (시마다 픽),멀티팩 정품,7749990,51몰,
94932554,AMD 라이젠 스레드리퍼 9970X (시마다 픽),멀티팩 정품,3854840,35몰,
94932623,AMD 라이젠 스레드리퍼 9960X (시마다 픽),멀티팩 정품,2365340,4몰,
95283947,AMD 라이젠5-4세대 5600GT (세잔),벌크 병행,211500,2몰,
96583772,인텔 코어 울트라7 시리즈2 265 (애로우레이크),벌크,438000,93몰,
96583820,인텔 코어 울트라7 시리즈2 265 (애로우레이크),벌크 + 쿨러,536360,5몰,
97704881,AMD 라이젠5-6세대 9500F (그래니트 릿지),멀티팩 정품,235000,6몰,
97705022,AMD 라이젠5-6세대 9500F (그래니트 릿지),벌크 정품,239000,25몰,
97705163,AMD 라이젠5-5세대 7400 (라파엘),멀티팩 정품,195000,11몰,
97705271,AMD 라이젠5-5세대 7400 (라파엘),벌크 정품,210000,7몰,
97705328,AMD 라이젠5-5세대 7400F (라파엘),멀티팩 정품,162990,104몰,
98548877,AMD 라이젠5-5세대 7400F (라파엘),해외구매,185200,9몰,
99286724,AMD 라이젠5-6세대 9600X (그래니트 릿지),벌크 정품,270980,79몰,
99286751,AMD 라이젠7-6세대 9700X (그래니트 릿지),벌크 정품,404180,82몰,
104223188,AMD 라이젠5-5세대 7500X3D (라파엘),멀티팩 정품,324550,145몰,
104627873,AMD 라이젠7-6세대 9850X3D (그래니트 릿지),멀티팩 정품,716080,100몰,
104627927,AMD 라이젠7-6세대 9850X3D (그래니트 릿지),정품,763350,50몰,
106688090,AMD 라이젠5-4세대 5500 (세잔),벌크 정품,170700,1몰,
108424286,인텔 코어 울트라7 시리즈2 270K Plus (애로우레이크 리프레시),정품,497190,160몰,
108424451,인텔 코어 울트라5 시리즈2 250K Plus (애로우레이크 리프레시),정품,341280,189몰,
108424457,인텔 코어 울트라5 시리즈2 250KF Plus (애로우레이크 리프레시),정품,325500,125몰,
108463445,인텔 코어 울트라7 시리즈2 270K Plus (애로우레이크 리프레시),벌크 병행,475000,153몰,
108463448,인텔 코어 울트라5 시리즈2 250KF Plus (애로우레이크 리프레시),벌크 병행,279430,118몰,
108463454,인텔 코어 울트라5 시리즈2 250K Plus (애로우레이크 리프레시),벌크 병행,313410,155몰,
111134015,인텔 코어i5-14세대 14600K (랩터레이크 리프레시),벌크+쿨러,351260,16몰,
111646993,인텔 코어i9-14세대 14900KF (랩터레이크 리프레시),벌크+쿨러,618900,4몰,
112301565,인텔 코어 울트라9 시리즈2 285K (애로우레이크),벌크+쿨러,819000,2몰,
112307758,인텔 코어 울트라7 시리즈2 265K (애로우레이크),벌크+쿨러,447760,9몰,
116343190,인텔 코어i3-10세대 10100 (코멧레이크S),중고,130000,8몰,
117612549,인텔 코어 울트라5 시리즈2 235 (애로우레이크),벌크+쿨러,421500,1몰,
117777649,인텔 코어i9-14세대 14900K (랩터레이크 리프레시),벌크+쿨러,688000,12몰,
122634011,AMD 라이젠9-6세대 9950X3D2 (그래니트 릿지),멀티팩 정품,1412660,148몰,
122634023,AMD 라이젠9-6세대 9950X3D2 (그래니트 릿지),정품,2022050,21몰,
122711750,AMD 라이젠7-4세대 5800X3D AM4 10주년 기념 에디션 (버미어),정품,580830,89몰,
123234946,AMD 라이젠7-5세대 7700X3D (라파엘),멀티팩 정품,438930,70몰,
123538035,AMD 라이젠7-5세대 7700X3D (라파엘),정품,444980,43몰,
124012161,인텔 코어 울트라5 시리즈2 250KF Plus (애로우레이크 리프레시),벌크 정품,284870,70몰,
124012214,인텔 코어 울트라5 시리즈2 250K Plus (애로우레이크 리프레시),벌크 정품,317690,74몰,
124012222,인텔 코어 울트라7 시리즈2 270K Plus (애로우레이크 리프레시),벌크 정품,478560,71몰,
124115204,인텔 코어i3-14세대 14100 (랩터레이크 리프레시),벌크 정품,163410,54몰,
124115261,인텔 코어i5-14세대 14400 (랩터레이크 리프레시),벌크 정품,231490,63몰,
124115325,인텔 코어i5-14세대 14400F (랩터레이크 리프레시),벌크 정품,203220,56몰,
124115346,인텔 코어 울트라5 시리즈2 225 (애로우레이크),벌크 정품,231800,66몰,
124115352,인텔 코어 울트라5 시리즈2 225F (애로우레이크),벌크 정품,204630,54몰,
124326195,AMD 라이젠7-6세대 9850X3D (그래니트 릿지),벌크 병행,715900,11몰,
