Id,Name,Type,Price,Mall,2026-10-05 01:38:25
1706996,Western Digital WD Blue 7200/64M,"1TB, WD10EZEX",228070,28몰,228원/1GB
1790810,도시바 DT01 7200/64M,"2TB, DT01ACA200",240000,19몰,120원/1GB
2018614,Seagate BarraCuda 7200/64M/중고,"1TB, ST1000DM003",38780,12몰,39원/1GB
2227320,Seagate NAS HDD 5900/64M,"3TB, ST3000VN000",331200,3몰,110원/1GB
2570473,도시바 MQ01ABF SATA2/5400/8M/노트북용,"500GB, MQ01ABF050",91100,12몰,182원/1GB
2664020,도시바 MQ01ABF 5400/8M/노트북용,"500GB, MQ01ABF050",92220,15몰,184원/1GB
2701654,Seagate BarraCuda 7200/64M/해외구매,"ST3000DM001 3TB,",289820,1몰,97원/1GB
2711325,Seagate BarraCuda 7200/64M/해외구매,"1TB, ST1000DM003",82470,4몰,82원/1GB
2925525,Western Digital WD Purple 64M/해외구매,"2TB, WD20PURX",150000,1몰,75원/1GB
2943785,Western Digital WD Caviar Black 7200/64M/해외구매,"WD1002FAEX, 1TB",81000,1몰,81원/1GB
2983550,도시바 MG04ACA Enterprise 7200/128M,"4TB, MG04ACA400",509000,1몰,127원/1GB
3081033,도시바 DT01 7200/32M/중고,"500GB, DT01ACA050",11990,5몰,24원/1GB
3125334,도시바 DT01 7200/64M/해외구매,"3TB, DT01ACA300",166410,2몰,55원/1GB
3310000,Seagate BarraCuda 7200/64M/해외구매,"1TB, ST1000DM004",300000,1몰,300원/1GB
3310656,Seagate BarraCuda 7200/64M/해외구매,"2TB, ST32000641AS",131000,1몰,66원/1GB
3491321,도시바 MG04ACA Enterprise 7200/128M,"6TB, MG04ACA600",608990,2몰,101원/1GB
4411634,Seagate SkyHawk 7200/256M,"10TB, ST10000VX0004",879000,4몰,88원/1GB
4411794,Seagate IronWolf 7200/256M,"10TB, ST10000VN0004",789000,5몰,79원/1GB
4457477,도시바 DT01-V 5940/64M,"3TB, DT01ABA300V",285930,21몰,95원/1GB
4555508,Seagate SkyHawk 7200/256M,"8TB, ST8000VX0022",833000,3몰,104원/1GB
4555543,Seagate SkyHawk 7200/256M,"6TB, ST6000VX0023",455000,1몰,76원/1GB
4555564,Seagate SkyHawk 5900/64M,"4TB, ST4000VX007",338000,22몰,85원/1GB
4555584,Seagate SkyHawk 5900/64M,"3TB, ST3000VX010",330000,17몰,110원/1GB
4555592,Seagate SkyHawk 5900/64M,"2TB, ST2000VX008",169790,26몰,85원/1GB
4555609,Seagate SkyHawk 5900/64M,"1TB, ST1000VX005",260000,15몰,260원/1GB
4555795,Seagate IronWolf 5900/64M,"4TB, ST4000VN008",349000,13몰,87원/1GB
4555849,Seagate IronWolf 5900/64M,"2TB, ST2000VN004",338000,8몰,169원/1GB
4607449,Seagate BarraCuda 5400/128M/노트북용,"500GB, ST500LM030",114820,54몰,230원/1GB
4607460,Seagate BarraCuda 5400/128M/노트북용,"1TB, ST1000LM048",197990,55몰,198원/1GB
4607468,Seagate BarraCuda 5400/128M/노트북용,"2TB, ST2000LM015",257990,68몰,129원/1GB
4937566,도시바 DT01 7200/32M/중고,"1TB, DT01ACA100",38780,6몰,39원/1GB
4989211,Seagate BarraCuda 7200/64M/병행수입,"1TB, ST1000DM010",104550,3몰,105원/1GB
5127056,Western Digital WD Purple 5400/256M,"10TB, WD100PURZ",737000,2몰,737원/1TB
5173062,Seagate BarraCuda 5400/256M,"4TB, ST4000DM004",296330,211몰,74원/1GB
5487628,도시바 P300 7200/64M/해외구매,"3TB, HDWD130",155690,2몰,52원/1GB
5537055,Seagate BarraCuda 7200/64M/해외구매,"2TB, ST2000DM006",150270,8몰,75원/1GB
5563098,Seagate IronWolf 7200/256M,"12TB, ST12000VN0007",929000,4몰,77원/1GB
5638941,Seagate BarraCuda 5400/256M/해외구매,"4TB, ST4000DM004",253370,26몰,63원/1GB
5639004,Seagate BarraCuda 5400/128M/노트북용/해외구매,"1TB, ST1000LM048",183000,1몰,183원/1GB
5639043,Seagate BarraCuda 5400/128M/노트북용/해외구매,"2TB, ST2000LM015",230000,1몰,115원/1GB
5639055,Seagate IronWolf 5900/64M/해외구매,"4TB, ST4000VN008",249600,3몰,62원/1GB
5639062,Seagate IronWolf 7200/256M/해외구매,"8TB, ST8000VN0022",603920,3몰,75원/1GB
5639077,Seagate IronWolf 7200/128M/해외구매,"6TB, ST6000VN0041",607600,1몰,101원/1GB
5639081,Seagate IronWolf 5900/64M/해외구매,"1TB, ST1000VN002",153830,2몰,154원/1GB
5639084,Seagate IronWolf 5900/64M/해외구매,"3TB, ST3000VN007",327000,1몰,109원/1GB
5639086,Seagate IronWolf 5900/64M/해외구매,"2TB, ST2000VN004",330000,1몰,165원/1GB
5639088,Seagate BarraCuda Pro 7200/256M/해외구매,"10TB, ST10000DM0004",888200,1몰,89원/1GB
5639092,Seagate BarraCuda 5400/128M/노트북용/해외구매,"500GB, ST500LM030",78210,1몰,156원/1GB
5752736,Seagate IronWolf 7200/256M,"6TB, ST6000VN0033",500000,7몰,83원/1GB
5764951,Seagate BarraCuda 5400/256M,"6TB, ST6000DM003",448980,50몰,75원/1GB
5764992,Seagate BarraCuda 5400/256M,"8TB, ST8000DM004",398980,265몰,50원/1GB
5814177,Western Digital WD Purple 5400/64M,"2TB, WD20PURZ",243990,26몰,122원/1GB
5814214,Western Digital WD Purple 5400/64M,"1TB, WD10PURZ",232700,18몰,233원/1GB
5814289,Western Digital WD Purple 5400/64M,"3TB, WD30PURZ",312570,19몰,104원/1GB
5814316,Western Digital WD Purple 5400/64M,"4TB, WD40PURZ",327450,29몰,82원/1GB
5862779,Western Digital WD MOBILE Blue 5400/128M/노트북용,"2TB, WD20SPZX",242260,101몰,121원/1GB
5993148,Western Digital WD Purple 5400/64M,"6TB, WD60PURZ",488990,20몰,81원/1GB
6288821,도시바 P300 7200/64M,"3TB, HDWD130",306200,2몰,102원/1GB
6443797,Western Digital Ultrastar DC HC310 7200/256M,"4TB, HUS726T4TALA6L4",361710,22몰,90원/1GB
6451870,Seagate BarraCuda 5400/128M/노트북용/해외구매,"5TB, ST5000LM000",297180,8몰,59원/1GB
6452004,Seagate BarraCuda 5400/128M/노트북용,"4TB, ST4000LM024",529000,1몰,132원/1GB
6452131,Seagate BarraCuda 5400/256M/해외구매,"3TB, ST3000DM007",255010,3몰,85원/1GB
6453294,Seagate Exos 7E2 7200/128M/해외구매,"ST1000NM0008, 1TB",242000,1몰,242원/1GB
6453429,Seagate Exos 10E2400 SAS/10K/256M,"1.2TB, ST1200MM0129",622170,28몰,518원/1GB
6521135,Western Digital WD RED Pro 7200/256M,"4TB, WD4003FFBX",437990,18몰,109원/1GB
6526384,Seagate Exos 10E2400 SAS/10K/256M,"2.4TB, ST2400MM0129",1098990,18몰,458원/1GB
6526417,Seagate Exos 10E2400 SAS/10K/256M,"1.8TB, ST1800MM0129",826770,28몰,459원/1GB
6526440,Seagate Exos 10E2400 SAS/10K/256M,"600GB, ST600MM0099",427990,19몰,713원/1GB
6527882,Seagate Exos 15E900 SAS/15K/256M,"600GB, ST600MP0136",391000,2몰,652원/1GB
6545078,Seagate BarraCuda 7200/256M,"2TB, ST2000DM008",264580,223몰,132원/1GB
6572991,Western Digital WD RED Pro 7200/256M,"6TB, WD6003FFBX",585990,35몰,98원/1GB
6573053,Western Digital WD RED Pro 7200/256M,"8TB, WD8003FFBX",709000,25몰,89원/1GB
6655822,Seagate Exos 15E900 SAS/15K/256M,"300GB, ST300MP0106",359000,3몰,"1,197원/1GB"
6655927,Seagate Exos 15E900 SAS/15K/256M,"900GB, ST900MP0146",555000,2몰,617원/1GB
6984760,도시바 MG04ACA Enterprise 7200/128M,"1TB, MG04ACA100",411980,4몰,412원/1GB
6985186,도시바 MG06A Enterprise 7200/256M,"8TB, MG06ACA800",739000,2몰,92원/1GB
6985252,도시바 MG06A Enterprise 7200/256M,"10TB, MG06ACA10T",869000,2몰,87원/1GB
6985306,도시바 MG07ACA Enterprise 7200/256M,"12TB, MG07ACA12T",1029000,16몰,86원/1GB
6985345,도시바 MG07ACA Enterprise 7200/256M,"14TB, MG07ACA14T",1080000,71몰,77원/1GB
7137346,Sebap Amigos 7200/64M/리퍼비시,"1TB, SM1100RS",133980,65몰,134원/1GB
7137400,Sebap Amigos 5400/64M/리퍼비시,"2TB, SM1200RS",152400,79몰,76원/1GB
7137433,Sebap Amigos 5400/64M/리퍼비시,"3TB, SM1300RS",170820,66몰,57원/1GB
7137502,Sebap Amigos 5400/64M/리퍼비시,"4TB, SM1400RS",125990,70몰,31원/1GB
7296325,Western Digital Ultrastar DC HC310 SAS/7200/256M,"4TB, HUS726T4TAL5204",474040,110몰,119원/1GB
7297303,Western Digital Ultrastar DC HC520 7200/256M,"12TB, HUH721212ALE600",1008980,69몰,84원/1GB
7298104,Western Digital Ultrastar DC HC310 SAS/7200/256M,"6TB, HUS726T6TAL5204",588990,104몰,98원/1GB
7298146,Western Digital Ultrastar DC HC310 7200/256M,"6TB, HUS726T6TALE6L4",621820,19몰,104원/1GB
7298278,Western Digital Ultrastar DC HC320 SAS/7200/256M,"8TB, HUS728T8TAL5204",728980,103몰,91원/1GB
7533853,Seagate BarraCuda 7200/256M/해외구매,"2TB, ST2000DM008",142980,23몰,71원/1GB
7721707,도시바 MQ04 5400/128M/노트북용,"1TB, MQ04ABF100",179000,57몰,179원/1GB
7799083,Seagate BarraCuda 7200/32M/해외구매,"500GB, ST500DM009",47810,5몰,96원/1GB
8038456,도시바 N300 7200/128M,"4TB, HDWQ140",459000,5몰,115원/1GB
8038489,도시바 N300 7200/128M,"6TB, HDWN160",549000,5몰,92원/1GB
8038507,도시바 N300 7200/256M,"8TB, HDWG180",660000,5몰,83원/1GB
8038525,도시바 N300 7200/256M,"10TB, HDWG11A",930000,7몰,93원/1GB
8038582,도시바 N300 7200/256M,"12TB, HDWG21C",939000,9몰,78원/1GB
8038720,도시바 N300 7200/256M,"14TB, HDWG21E",1086380,59몰,78원/1GB
8194831,Western Digital WD Blue 5400/64M/해외구매,"2TB, WD20EZRZ",143810,1몰,72원/1GB
9344370,Seagate SkyHawk 5400/64M,"3TB, ST3000VX009",253000,2몰,84원/1GB
9344829,Seagate SkyHawk 5400/256M,"6TB, ST6000VX001",509990,16몰,85원/1GB
9345102,Seagate SkyHawk 7200/256M,"8TB, ST8000VX004",628000,23몰,79원/1GB
9346392,Seagate SkyHawk AI 7200/256M,"10TB, ST10000VE0008",888000,15몰,89원/1GB
9346494,Seagate SkyHawk AI 7200/256M,"12TB, ST12000VE0008",988000,14몰,82원/1GB
9346551,Seagate SkyHawk AI 7200/256M,"14TB, ST14000VE0008",1088000,7몰,78원/1GB
9347988,Seagate IronWolf 7200/256M,"8TB, ST8000VN004",721810,2몰,90원/1GB
9348111,Seagate IronWolf 7200/256M,"10TB, ST10000VN0008",779990,24몰,78원/1GB
9348369,Seagate IronWolf 7200/256M,"12TB, ST12000VN0008",863960,231몰,72원/1GB
9348588,Seagate IronWolf 7200/256M,"16TB, ST16000VN001",1152000,224몰,72원/1GB
9348885,Seagate IronWolf Pro 7200/256M,"4TB, ST4000NE001",200390,11몰,50원/1GB
9349110,Seagate IronWolf Pro 7200/256M,"6TB, ST6000NE000",629000,5몰,105원/1GB
9349299,Seagate IronWolf Pro 7200/256M,"8TB, ST8000NE001",729000,3몰,91원/1GB
9349524,Seagate IronWolf Pro 7200/256M,"10TB, ST10000NE0008",789000,8몰,79원/1GB
9349875,Seagate IronWolf Pro 7200/256M,"12TB, ST12000NE0008",741670,11몰,62원/1GB
9350160,Seagate IronWolf Pro 7200/256M,"16TB, ST16000NE000",1369000,11몰,86원/1GB
9442020,Seagate SkyHawk 5400/256M/해외구매,"6TB, ST6000VX001",394220,5몰,66원/1GB
9721140,Seagate BarraCuda 5400/128M/노트북용/해외구매,"4TB, ST4000LM024",451300,1몰,113원/1GB
9721383,Seagate BarraCuda 5400/256M/해외구매,"8TB, ST8000DM004",377710,43몰,47원/1GB
9721404,Seagate BarraCuda 5400/256M/해외구매,"6TB, ST6000DM003",307030,21몰,51원/1GB
9721467,Seagate IronWolf 7200/256M/해외구매,"12TB, ST12000VN0008",664000,4몰,55원/1GB
9721698,Seagate BarraCuda 5400/256M/해외구매,"2TB, ST2000DM005",271950,3몰,136원/1GB
9809001,Seagate Exos 7E2 7200/128M/해외구매,"2TB, ST2000NM0008",175010,4몰,88원/1GB
9896460,Western Digital WD RED Pro 7200/256M,"12TB, WD121KFBX",956000,13몰,80원/1GB
10059927,Western Digital Ultrastar DC HC530 SAS/7200/512M,"14TB, WUH721414AL5204",1108990,8몰,79원/1GB
10339344,Western Digital Ultrastar DC HC330 7200/256M,"10TB, WUS721010ALE6L4",844540,88몰,84원/1GB
11291349,도시바 N300 패키지 7200/256M HDWG180,4x8TB,2320000,2몰,73원/1GB
11397288,Seagate IronWolf 5400/256M,"6TB, ST6000VN001",499000,17몰,83원/1GB
11452572,Seagate Exos X16 SAS/7200/256M,"14TB, ST14000NM002G",1180000,2몰,84원/1GB
11776489,Seagate Exos 7E8 7200/256M,"4TB, ST4000NM002A",479000,11몰,120원/1GB
11776690,Seagate Exos 7E8 7200/256M,"6TB, ST6000NM021A",629000,6몰,105원/1GB
11776717,Seagate Exos 7E8 7200/256M,"8TB, ST8000NM000A",739000,9몰,92원/1GB
11777341,Seagate Exos X16 7200/256M,"10TB, ST10000NM001G",859000,7몰,86원/1GB
11777467,Seagate Exos X16 7200/256M,"12TB, ST12000NM001G",1039000,18몰,87원/1GB
11777671,Seagate Exos 7E8 SAS/7200/256M,"4TB, ST4000NM005A",499000,8몰,125원/1GB
11777884,Seagate Exos 7E8 SAS/7200/256M,"6TB, ST6000NM029A",646500,6몰,108원/1GB
11777944,Seagate Exos 7E8 SAS/7200/256M,"8TB, ST8000NM001A",759000,11몰,95원/1GB
11778007,Seagate Exos 7E8 SAS/7200/256M,"2TB, ST2000NM004A",449000,8몰,225원/1GB
11778091,Seagate Exos X16 SAS/7200/256M,"10TB, ST10000NM002G",889000,4몰,89원/1GB
11778139,Seagate Exos X16 SAS/7200/256M,"12TB, ST12000NM002G",1059000,6몰,88원/1GB
12008960,도시바 P300 5400/128M,"4TB, HDWD240",314880,96몰,79원/1GB
12008966,도시바 P300 5400/128M,"6TB, HDWD260",427990,24몰,71원/1GB
12068387,Western Digital Ultrastar DC HC550 7200/512M,"16TB, WUH721816ALE6L4",1323480,67몰,83원/1GB
12068405,Western Digital Ultrastar DC HC550 7200/512M,"18TB, WUH721818ALE6L4",1490000,21몰,83원/1GB
12068483,Western Digital Ultrastar DC HC550 SAS/7200/512M,"16TB, WUH721816AL5204",1308990,61몰,82원/1GB
12068492,Western Digital Ultrastar DC HC550 SAS/7200/512M,"18TB, WUH721818AL5204",1507840,98몰,84원/1GB
12639086,Seagate SkyHawk AI 7200/256M,"18TB, ST18000VE002",1498990,23몰,83원/1GB
12700412,Seagate Exos 7E2000 SAS/7200/128M,"2TB, ST2000NX0273",654000,1몰,327원/1GB
12700472,Seagate Exos 7E2000 7200/128M,"2TB, ST2000NX0253",654000,1몰,327원/1GB
12719456,Seagate Exos X18 7200/256M,"18TB, ST18000NM000J",1050000,8몰,58원/1GB
12719516,Seagate Exos X18 SAS/7200/256M,"18TB, ST18000NM004J",1129000,10몰,63원/1GB
13196594,Seagate IronWolf 7200/256M/해외구매,"16TB, ST16000VN001",727000,1몰,45원/1GB
13199918,Seagate IronWolf 7200/256M/해외구매,"14TB, ST14000VN0008",606400,4몰,43원/1GB
13204517,Western Digital WD Purple 5400/256M,"8TB, WD81PURZ",597000,1몰,75원/1GB
13211957,Seagate SkyHawk AI 7200/256M/해외구매,"12TB, ST12000VE0008",561330,5몰,47원/1GB
13211987,Seagate SkyHawk AI 7200/256M/해외구매,"18TB, ST18000VE002",1330000,1몰,74원/1GB
13212737,Seagate Exos X12 7200/256M,"12TB, ST12000NM0008",956000,2몰,80원/1GB
13220795,Seagate IronWolf Pro 7200/256M/해외구매,"12TB, ST12000NE0008",996000,1몰,83원/1GB
13220849,Seagate IronWolf Pro 7200/256M/해외구매,"10TB, ST10000NE0008",916190,2몰,92원/1GB
13220960,Seagate IronWolf Pro 7200/256M/해외구매,"8TB, ST8000NE001",466290,3몰,58원/1GB
13222718,Seagate IronWolf 7200/256M/해외구매,"8TB, ST8000VN004",585000,1몰,73원/1GB
13223291,Seagate IronWolf Pro 7200/256M/해외구매,"18TB, ST18000NE000",1332000,2몰,74원/1GB
13229438,Seagate IronWolf Pro 7200/256M/해외구매,"4TB, ST4000NE001",208350,2몰,52원/1GB
13229828,Seagate Exos 7E2000 SAS/7200/128M,"1TB, ST1000NX0333",592500,8몰,593원/1GB
13229861,Seagate Exos 7E2000 7200/128M,"1TB, ST1000NX0313",375000,1몰,375원/1GB
13230674,Seagate IronWolf 7200/256M/해외구매,"10TB, ST10000VN0008",563880,2몰,56원/1GB
13230890,Western Digital WD RED Pro 7200/256M,"10TB, WD102KFBX",877990,29몰,88원/1GB
13522751,Western Digital WD Blue 7200/256M,"2TB, WD20EZBX",241930,182몰,121원/1GB
13599719,Western Digital WD RED Plus 7200/256M,"8TB, WD80EFBX",569000,5몰,71원/1GB
13659284,Western Digital WD Blue 5400/256M/해외구매,"4TB, WD40EZAZ",218250,4몰,55원/1GB
13737218,Seagate Exos 7E8 7200/256M,"2TB, ST2000NM000A",266650,10몰,133원/1GB
13737254,Seagate Exos 7E8 7200/256M,"1TB, ST1000NM000A",363000,2몰,363원/1GB
13779188,Seagate IronWolf Pro 7200/256M/해외구매,"16TB, ST16000NE000",817850,7몰,51원/1GB
13779485,Seagate IronWolf Pro 7200/256M/해외구매,"14TB, ST14000NE0008",1114860,2몰,80원/1GB
13808963,Western Digital WD Blue 5400/64M/해외구매,"4TB, WD40EZRZ",263620,3몰,66원/1GB
13860743,도시바 MG08ACA Enterprise 7200/512M,"16TB, MG08ACA16T",1359000,14몰,85원/1GB
13940384,Seagate Exos X18 7200/256M/해외구매,"18TB, ST18000NM000J",584640,5몰,32원/1GB
13951460,Seagate Exos X18 7200/256M,"16TB, ST16000NM000J",1368000,21몰,86원/1GB
13951568,Seagate Exos X18 SAS/7200/256M,"16TB, ST16000NM004J",1318970,15몰,73원/1GB
14785154,Western Digital WD Blue 5400/256M/해외구매,"6TB, WD60EZAZ",327500,2몰,55원/1GB
14785337,Seagate BarraCuda 7200/64M/해외구매,"3TB, ST3000DM008",170980,4몰,57원/1GB
14785727,Seagate IronWolf 7200/256M/해외구매,"6TB, ST6000VN0033",490000,1몰,82원/1GB
14852447,Western Digital WD BLACK 7200/256M/해외구매,"8TB, WD8001FZBX",540600,2몰,68원/1GB
14860733,Western Digital WD BLACK 7200/256M/해외구매,"4TB, WD4005FZBX",410000,1몰,103원/1GB
14962205,Seagate IronWolf Pro 7200/256M/해외구매,"8TB, ST8000NE0004",1300000,1몰,163원/1GB
14962247,Seagate IronWolf Pro 7200/256M/해외구매,"6TB, ST6000NE000",427880,3몰,71원/1GB
14963150,Seagate BarraCuda Pro 7200/128M/노트북용/해외구매,"500GB, ST500LM034",67010,3몰,134원/1GB
14979527,Seagate SkyHawk AI 7200/256M,"16TB, ST16000VE002",1363990,78몰,85원/1GB
14979767,Seagate SkyHawk AI 7200/256M/해외구매,"16TB, ST16000VE002",850000,1몰,53원/1GB
14995415,Sebap BUSCAR CCTV 5400/64M/리퍼비시,"4TB, SVP1400RS",229990,11몰,57원/1GB
14995499,Sebap BUSCAR CCTV 5400/64M/리퍼비시,"3TB, SVP1300RS",180950,55몰,60원/1GB
14995535,Sebap BUSCAR CCTV 5400/64M/리퍼비시,"2TB, SVP1200RS",152270,63몰,76원/1GB
14995559,Sebap BUSCAR CCTV 5400/64M/리퍼비시,"1TB, SVP1100RS",135280,41몰,135원/1GB
15016688,Western Digital WD RED Plus 7200/256M,"10TB, WD101EFBX",788990,41몰,79원/1GB
15016814,Western Digital WD RED Plus 7200/256M,"12TB, WD120EFBX",863960,41몰,72원/1GB
15097169,도시바 N300 7200/512M,"16TB, HDWG31G",1262980,48몰,79원/1GB
15138146,Western Digital WD RED Plus 7200/256M/해외구매,"12TB, WD120EFBX",638530,3몰,53원/1GB
15245387,Western Digital WD RED Plus 7200/256M/해외구매,"10TB, WD101EFBX",960000,1몰,96원/1GB
15245507,Western Digital WD RED Plus 7200/256M/해외구매,"8TB, WD80EFBX",840000,1몰,105원/1GB
15248567,Western Digital WD RED Pro 7200/256M/해외구매,"6TB, WD6003FFBX",433000,1몰,72원/1GB
15269000,Western Digital WD RED Pro 7200/256M/해외구매,"4TB, WD4003FFBX",436000,1몰,109원/1GB
15269081,Western Digital WD RED Pro 7200/256M/해외구매,"8TB, WD8003FFBX",719000,4몰,90원/1GB
15269792,Western Digital WD RED Pro 7200/256M/해외구매,"12TB, WD121KFBX",1152000,1몰,96원/1GB
15270644,Western Digital WD Blue 5400/64M/해외구매,"500GB, WD5000AZRZ",120000,1몰,240원/1GB
15271301,Western Digital WD Blue 5400/64M/해외구매,"1TB, WD10EZRZ",140000,1몰,140원/1GB
15528644,Western Digital WD RED Pro 7200/256M/해외구매,"10TB, WD102KFBX",726000,1몰,73원/1GB
15537851,Western Digital WD RED Pro 7200/512M/해외구매,"16TB, WD161KFGX",428930,4몰,27원/1GB
15652292,도시바 MG09ACA Enterprise 7200/512M,"18TB, MG09ACA18T",1189000,115몰,66원/1GB
15727391,Western Digital WD Purple Pro 7200/512M/해외구매,"14TB, WD141PURP",1100000,1몰,79원/1GB
15727463,Western Digital WD MOBILE BLACK 7200/64M/노트북용/해외구매,"1TB, WD10SPSX",190000,1몰,190원/1GB
15765761,Western Digital WD Blue 5640/128M,"8TB, WD80EAZZ",498980,14몰,62원/1GB
15965894,Seagate SkyHawk AI 7200/256M,"12TB, ST12000VE001",1038990,75몰,87원/1GB
15965906,Seagate SkyHawk AI 7200/256M,"10TB, ST10000VE001",839000,97몰,84원/1GB
16010507,Seagate IronWolf Pro 7200/256M,"20TB, ST20000NE000",1699000,7몰,85원/1GB
16234802,Seagate Exos 7E10 7200/256M,"2TB, ST2000NM000B",418940,28몰,209원/1GB
16407728,Seagate Exos X20 7200/256M,"20TB, ST20000NM007D",1599000,21몰,80원/1GB
16517627,Seagate Exos X20 SAS/7200/256M,"20TB, ST20000NM002D",1719000,16몰,86원/1GB
16534316,Western Digital Ultrastar DC HC560 7200/512M,"20TB, WUH722020ALE6L4",1627470,22몰,81원/1GB
16553759,Seagate IronWolf 7200/256M,"10TB, ST10000VN000",725800,214몰,73원/1GB
16601195,Seagate IronWolf Pro 7200/256M,"10TB, ST10000NE000",849990,14몰,85원/1GB
16638500,Western Digital Ultrastar DC HC560 박스 패키지 7200/512M WUH722020ALE6L4,20TB,1659620,9몰,83원/1GB
16638539,Western Digital Ultrastar DC HC560 박스 패키지 7200/512M WUH722020ALE6L4,2x20TB,3300340,3몰,83원/1GB
16638548,Western Digital Ultrastar DC HC560 박스 패키지 7200/512M WUH722020ALE6L4,4x20TB,6511460,3몰,81원/1GB
16664114,Seagate SkyHawk 5400/256M,"3TB, ST3000VX015",320000,3몰,107원/1GB
16664240,Seagate SkyHawk 5400/256M,"4TB, ST4000VX016",359990,98몰,90원/1GB
16741385,Seagate SkyHawk AI 7200/256M,"20TB, ST20000VE002",1697610,63몰,85원/1GB
16880765,Western Digital WD RED Pro 7200/512M,"16TB, WD161KFGX",1331800,121몰,83원/1GB
16880870,Western Digital WD RED Pro 7200/512M,"18TB, WD181KFGX",1497530,141몰,83원/1GB
16880939,Western Digital WD RED Pro 7200/512M,"20TB, WD201KFGX",1653990,22몰,83원/1GB
16930205,Seagate IronWolf 5400/256M,"4TB, ST4000VN006",331980,232몰,83원/1GB
17053457,Seagate IronWolf 패키지 7200/256M ST12000VN0008,4x12TB,3605000,14몰,75원/1GB
17053604,Seagate IronWolf 패키지 7200/256M ST12000VN0008,2x12TB,1821000,14몰,76원/1GB
17054174,Seagate IronWolf 패키지 7200/256M ST16000VN001,4x16TB,4894000,10몰,76원/1GB
17054213,Seagate IronWolf 패키지 7200/256M ST16000VN001,2x16TB,2457000,11몰,77원/1GB
17059109,Western Digital WD Purple 5400/256M,"6TB, WD63PURZ",594000,9몰,99원/1GB
17253821,도시바 P300 7200/256M,"2TB, HDWD320",268990,14몰,134원/1GB
17494301,Seagate Exos 7E10 7200/256M,"8TB, ST8000NM017B",687270,62몰,86원/1GB
17494322,Seagate Exos 7E10 7200/256M,"4TB, ST4000NM024B",384890,56몰,96원/1GB
17494373,Seagate Exos 7E10 7200/256M,"10TB, ST10000NM017B",293310,53몰,29원/1GB
17494853,Seagate Exos 7E10 SAS/7200/256M,"10TB, ST10000NM018B",826770,55몰,83원/1GB
17565416,도시바 N300 7200/256M,"4TB, HDWG440",458000,22몰,115원/1GB
17565635,도시바 N300 7200/256M,"6TB, HDWG460",548000,27몰,91원/1GB
17645129,Western Digital Ultrastar DC HC570 7200/512M,"22TB, WUH722222ALE6L4",1698000,32몰,77원/1GB
17726294,Seagate IronWolf Pro 7200/256M,"2TB, ST2000NE001",397990,8몰,199원/1GB
17841362,도시바 N300 7200/512M,"18TB, HDWG51J",1348000,115몰,75원/1GB
17979194,Seagate Exos 7E10 7200/256M,"6TB, ST6000NM019B",584970,57몰,97원/1GB
18059456,Seagate Exos X18 7200/256M,"12TB, ST12000NM000J",1038000,18몰,87원/1GB
18145979,Seagate IronWolf Pro 7200/256M,"2TB, ST2000NT001",398990,123몰,199원/1GB
18145997,Seagate IronWolf Pro 7200/256M,"4TB, ST4000NT001",421190,229몰,105원/1GB
18146030,Seagate IronWolf Pro 7200/256M,"6TB, ST6000NT001",613000,173몰,102원/1GB
18146048,Seagate IronWolf Pro 7200/256M,"8TB, ST8000NT001",700010,167몰,88원/1GB
18206876,Seagate IronWolf Pro 7200/256M,"10TB, ST10000NT001",798870,208몰,80원/1GB
18206927,Seagate IronWolf Pro 7200/256M,"12TB, ST12000NT001",955870,232몰,80원/1GB
18206963,Seagate IronWolf Pro 7200/256M,"14TB, ST14000NT001",1367610,3몰,98원/1GB
18207026,Seagate IronWolf Pro 7200/256M,"16TB, ST16000NT001",1273170,229몰,80원/1GB
18207194,Seagate IronWolf Pro 7200/256M,"20TB, ST20000NT001",1580070,216몰,79원/1GB
18437876,Seagate Exos X18 SAS/7200/256M,"14TB, ST14000NM004J",1330000,2몰,95원/1GB
18438002,Seagate Exos X18 SAS/7200/256M,"12TB, ST12000NM004J",1058000,17몰,88원/1GB
18449081,Seagate IronWolf Pro 패키지 7200/256M ST20000NT001,2x20TB,3330000,7몰,167원/1GB
18449120,Seagate IronWolf Pro 패키지 7200/256M ST20000NT001,4x20TB,6592000,7몰,82원/1GB
18449429,Seagate IronWolf Pro 패키지 7200/256M ST16000NT001,2x16TB,2683000,8몰,84원/1GB
18449444,Seagate IronWolf Pro 패키지 7200/256M ST16000NT001,4x16TB,5311990,9몰,83원/1GB
18449777,Seagate IronWolf Pro 패키지 7200/256M ST12000NT001,2x12TB,2036000,8몰,85원/1GB
18449792,Seagate IronWolf Pro 패키지 7200/256M ST12000NT001,4x12TB,4030990,9몰,84원/1GB
18449912,Seagate IronWolf Pro 패키지 7200/256M ST10000NT001,2x10TB,1684000,8몰,84원/1GB
18449930,Seagate IronWolf Pro 패키지 7200/256M ST10000NT001,4x10TB,3333000,8몰,83원/1GB
18450128,Seagate IronWolf Pro 패키지 7200/256M ST8000NT001,2x8TB,1408990,7몰,88원/1GB
18450152,Seagate IronWolf Pro 패키지 7200/256M ST8000NT001,4x8TB,2790000,6몰,87원/1GB
18450329,Seagate IronWolf Pro 패키지 7200/256M ST6000NT001,2x6TB,1213000,7몰,101원/1GB
18450362,Seagate IronWolf Pro 패키지 7200/256M ST6000NT001,4x6TB,2402000,6몰,100원/1GB
18450467,Seagate IronWolf Pro 패키지 7200/256M ST4000NT001,2x4TB,880000,9몰,110원/1GB
18450506,Seagate IronWolf Pro 패키지 7200/256M ST4000NT001,4x4TB,1742000,8몰,109원/1GB
18477173,Seagate SkyHawk 5400/256M,"6TB, ST6000VX009",480000,86몰,80원/1GB
18477242,Seagate SkyHawk 5400/256M,"8TB, ST8000VX010",628000,94몰,79원/1GB
18477623,Seagate SkyHawk 5400/256M,"2TB, ST2000VX017",318690,122몰,159원/1GB
18477653,Seagate SkyHawk 5400/256M,"1TB, ST1000VX013",257990,49몰,258원/1GB
18486122,Seagate IronWolf 5400/256M,"8TB, ST8000VN002",564900,237몰,71원/1GB
18486368,Seagate IronWolf 5400/256M,"6TB, ST6000VN006",473300,162몰,79원/1GB
18486584,Seagate IronWolf 5400/256M,"2TB, ST2000VN003",328980,131몰,164원/1GB
18541712,Western Digital WD Purple 5400/256M,"4TB, WD42PURZ",370000,13몰,93원/1GB
18637436,도시바 N300 7200/256M,"8TB, HDWG480",648000,7몰,81원/1GB
18638732,Seagate SkyHawk 5400/256M/해외구매,"4TB, ST4000VX013",258240,4몰,65원/1GB
18678632,Seagate Exos 7E10 SAS/7200/256M,"2TB, ST2000NM018B",417570,39몰,209원/1GB
18679376,Seagate Exos 7E10 SAS/7200/256M,"4TB, ST4000NM025B",478940,32몰,120원/1GB
18680411,Seagate Exos 7E10 SAS/7200/256M,"8TB, ST8000NM018B",757990,36몰,95원/1GB
18680582,Seagate Exos 7E10 SAS/7200/256M,"6TB, ST6000NM020B",629000,45몰,105원/1GB
18680978,Seagate Exos X18 7200/256M,"14TB, ST14000NM000J",1314000,6몰,94원/1GB
18737864,Seagate Exos X18 7200/256M/해외구매,"12TB, ST12000NM000J",792260,2몰,66원/1GB
18739145,Seagate IronWolf Pro 7200/256M/해외구매,"20TB, ST20000NE000",1409460,3몰,70원/1GB
19618481,Western Digital WD RED Plus 5400/256M,"6TB, WD60EFPX",440100,189몰,73원/1GB
19790105,Seagate IronWolf Pro 7200/512M,"22TB, ST22000NT001",1673140,13몰,84원/1GB
19830551,Seagate IronWolf Pro 7200/256M/해외구매,"20TB, ST20000NT001",1400000,1몰,70원/1GB
19834277,Seagate Exos X22 7200/512M,"22TB, ST22000NM001E",1749000,4몰,80원/1GB
19834310,Seagate Exos X22 SAS/7200/512M,"22TB, ST22000NM000E",1843000,2몰,84원/1GB
19948346,Western Digital WD Blue 5400/256M/해외구매,"4TB, WD40EZAX",270630,5몰,68원/1GB
19948424,Western Digital WD Blue 5400/256M/해외구매,"6TB, WD60EZAX",410690,6몰,68원/1GB
19948454,Western Digital WD Blue 5400/256M/해외구매,"3TB, WD30EZAX",299000,1몰,100원/1GB
19948601,Seagate IronWolf Pro 7200/512M/해외구매,"22TB, ST22000NT001",1642850,3몰,82원/1GB
19963682,Seagate IronWolf Pro 7200/256M/해외구매,"16TB, ST16000NT001",1133600,4몰,71원/1GB
20033990,Western Digital WD Blue 5400/256M,"6TB, WD60EZAX",398580,136몰,66원/1GB
20036969,Western Digital WD RED Pro 7200/512M/해외구매,"20TB, WD201KFGX",455530,4몰,23원/1GB
20055920,Western Digital WD Purple 5400/64M,"1TB, WD11PURZ",259990,29몰,260원/1GB
20056088,Western Digital WD Purple 5400/256M,"2TB, WD22PURZ",280530,18몰,140원/1GB
20056172,Western Digital WD Purple 5400/64M,"2TB, WD23PURZ",300000,39몰,150원/1GB
20056277,Western Digital WD Purple 5400/256M,"3TB, WD33PURZ",339990,29몰,113원/1GB
20056325,Western Digital WD Purple 5400/256M,"4TB, WD43PURZ",369990,31몰,92원/1GB
20056361,Western Digital WD Purple 5400/256M,"6TB, WD64PURZ",593990,35몰,99원/1GB
20191796,Seagate IronWolf Pro 7200/256M/해외구매,"18TB, ST18000NT001",1560000,2몰,87원/1GB
20191877,Seagate IronWolf Pro 7200/256M/해외구매,"12TB, ST12000NE0007",790000,1몰,66원/1GB
20191886,Seagate IronWolf Pro 7200/256M/해외구매,"12TB, ST12000NT001",629450,2몰,52원/1GB
20441291,Synology Plus Series 5400/256M,"4TB, HAT3300-4T",343980,131몰,86원/1GB
20441432,Synology Plus Series 5400/256M,"6TB, HAT3300-6T",488990,129몰,81원/1GB
20441486,Synology Plus Series 5400/256M,"8TB, HAT3300-8T",669990,35몰,84원/1GB
20540660,Seagate SkyHawk AI 7200/256M/해외구매,"10TB, ST10000VE001",796000,1몰,80원/1GB
20540768,Seagate SkyHawk 5400/256M/해외구매,"4TB, ST4000VX016",347360,3몰,87원/1GB
20674841,Sebap BUSCAR CCTV 5400/64M/리퍼비시,"5TB, SVP1500RS",184500,1몰,37원/1GB
20674850,Sebap BUSCAR CCTV 5400/64M/리퍼비시,"6TB, SVP1600RS",310320,51몰,52원/1GB
21588758,Western Digital WD RED Pro 7200/512M,"22TB, WD221KFGX",1804990,136몰,82원/1GB
21589067,Western Digital WD RED Pro 7200/512M/해외구매,"22TB, WD221KFGX",1859000,2몰,85원/1GB
25936832,Western Digital WD Blue 5400/256M,"3TB, WD30EZAX",307990,18몰,103원/1GB
27734816,Seagate IronWolf Pro 패키지 7200/512M ST22000NT001,2x22TB,3599700,3몰,82원/1GB
27735518,Seagate IronWolf Pro 패키지 7200/512M ST22000NT001,4x22TB,7160000,3몰,81원/1GB
27919571,Seagate Exos 7E8 7200/256M,"2TB, ST2000NM001A",366000,2몰,183원/1GB
27921536,Seagate Exos 7E10 SAS/7200/256M,"2TB, ST2000NM001B",386000,2몰,193원/1GB
27922619,Seagate Exos 7E10 SAS/7200/256M,"6TB, ST6000NM001B",649000,1몰,108원/1GB
28021712,Western Digital WD RED Plus 5400/64M,"2TB, WD20EFPX",242090,163몰,121원/1GB
28064063,Seagate Exos 7E10 SAS/7200/256M,"6TB, ST6000NM005B",649000,1몰,108원/1GB
29931239,Seagate Exos X18 7200/256M/해외구매,"16TB, ST16000NM000J",888400,6몰,56원/1GB
31477805,Western Digital WD Blue 5400/64M,"2TB, WD20EARZ",181080,141몰,91원/1GB
32849114,Seagate IronWolf Pro 7200/256M/해외구매,"10TB, ST10000NT001",507410,5몰,51원/1GB
33421079,Synology Plus Series 7200/512M,"12TB, HAT3310-12T",852990,82몰,71원/1GB
33443276,Seagate BarraCuda 7200/256M,"1TB, ST1000DM014",228990,61몰,229원/1GB
33802007,Seagate Exos X24 7200/512M,"24TB, ST24000NM002H",1886960,56몰,79원/1GB
33823007,Seagate Exos X24 SAS/7200/512M,"24TB, ST24000NM007H",1886960,49몰,79원/1GB
36645527,Seagate IronWolf Pro 7200/512M,"24TB, ST24000NT002",1857590,217몰,77원/1GB
36793505,Seagate SkyHawk AI 7200/512M,"24TB, ST24000VE002",1699000,84몰,71원/1GB
37827968,Western Digital WD RED Pro 7200/512M,"14TB, WD142KFGX",1112630,146몰,79원/1GB
38345558,Synology Plus Series 7200/512M,"16TB, HAT3310-16T",1017980,127몰,64원/1GB
42286460,Western Digital WD Blue 5640/256M,"8TB, WD80EAAZ",398980,212몰,50원/1GB
42286526,Western Digital WD Blue 5640/256M/해외구매,"8TB, WD80EAAZ",451080,12몰,56원/1GB
43923137,Western Digital Ultrastar DC HC580 7200/512M,"24TB, WUH722424ALE6L4",1987580,42몰,83원/1GB
53782220,Seagate IronWolf Pro 7200/512M/해외구매,"24TB, ST24000NT002",1259300,4몰,52원/1GB
54962708,Seagate IronWolf 7200/256M/해외구매,"18TB, ST18000VN000",1330000,1몰,74원/1GB
54966698,Seagate IronWolf Pro 7200/512M 패키지 ST24000NT002,2x24TB,3977000,8몰,83원/1GB
54966704,Seagate IronWolf Pro 7200/512M 패키지 ST24000NT002,4x24TB,7873000,7몰,82원/1GB
57295163,Western Digital WD RED Pro 7200/256M,"6TB, WD6005FFBX",597980,127몰,100원/1GB
59928887,Western Digital WD RED Plus 5640/256M,"8TB, WD80EFPX",512100,173몰,64원/1GB
60309929,도시바 N300 7200/512M/해외구매,"18TB, HDWG51J",1280000,1몰,71원/1GB
61769660,Seagate IronWolf Pro 7200/256M/해외구매,"8TB, ST8000NT001",729000,2몰,91원/1GB
62565236,Western Digital WD Purple 5640/256M,"8TB, WD85PURZ",660000,29몰,83원/1TB
62652551,Seagate IronWolf 패키지 7200/256M ST10000VN000,2x10TB,1546000,13몰,77원/1GB
62652566,Seagate IronWolf 패키지 7200/256M ST10000VN000,4x10TB,3061000,14몰,77원/1GB
62652617,Seagate IronWolf 패키지 5400/256M ST4000VN006,2x4TB,684000,6몰,86원/1GB
62652629,Seagate IronWolf 패키지 5400/256M ST4000VN006,4x4TB,1354000,5몰,85원/1GB
62653481,Seagate IronWolf 패키지 5400/256M ST8000VN002,2x8TB,1060000,9몰,66원/1GB
62793665,Seagate SkyHawk 5400/256M/해외구매,"8TB, ST8000VX010",534490,2몰,67원/1GB
63087995,Seagate IronWolf 패키지 5400/256M ST6000VN006,2x6TB,977990,6몰,81원/1GB
63088004,Seagate IronWolf 패키지 5400/256M ST6000VN006,4x6TB,1935990,6몰,81원/1GB
63809528,Seagate IronWolf 7200/256M/해외구매,"10TB, ST10000VN000",759000,2몰,76원/1GB
64380278,Synology Plus Series 5400/256M,"2TB, HAT3300-2T",370000,6몰,185원/1GB
65431049,Western Digital WD RED Pro 7200/256M,"8TB, WD8005FFBX",654290,131몰,82원/1GB
67371185,Seagate BarraCuda 7200/256M/해외구매,"1TB, ST1000DM014",98550,13몰,99원/1GB
67371260,Seagate BarraCuda Pro 7200/256M/해외구매,"14TB, ST14000DM001",1401850,1몰,100원/1GB
68534528,Western Digital WD BLACK 7200/256M/해외구매,"8TB, WD8002FZBX",865000,1몰,108원/1GB
68575247,Seagate IronWolf 패키지 5400/256M ST8000VN002,4x8TB,2323990,8몰,73원/1GB
68575934,Seagate SkyHawk 5400/256M/해외구매,"6TB, ST6000VX009",483830,3몰,81원/1GB
68917079,Western Digital WD Purple Pro 7200/512M/해외구매,"22TB, WD221PURP",1104000,1몰,50원/1GB
68918435,Western Digital WD Purple Pro 7200/512M/해외구매,"18TB, WD181PURP",1780000,4몰,99원/1GB
69470549,Western Digital Ultrastar DC HC560 7200/512M,"20TB, WUH722020BLE6L4",1767000,15몰,88원/1GB
70336745,Western Digital WD Purple Pro 7200/512M/해외구매,"14TB, WD142PURP",1850800,2몰,132원/1GB
70770140,도시바 X300 Refresh 7200/512M,"10TB, HDWR71A",774630,4몰,77원/1TB
70770143,도시바 X300 Refresh 7200/512M,"8TB, HDWR780",604980,69몰,76원/1TB
70770152,도시바 X300 Refresh 7200/512M,"6TB, HDWR760",489250,17몰,82원/1TB
70770158,도시바 X300 Refresh 7200/512M,"4TB, HDWR740",434000,12몰,109원/1TB
71161862,도시바 N300 PRO 7200/512M/해외구매,"22TB, HDWG62CXZSTB",1592000,1몰,72원/1GB
71902622,Western Digital WD RED Pro 7200/256M,"4TB, WD4005FFBX",423990,38몰,106원/1GB
72006833,Western Digital WD RED Pro 7200/512M,"24TB, WD240KFGX",2027990,14몰,84원/1GB
72590651,Western Digital WD Blue 5400/64M/해외구매,"2TB, WD20EARZ",161230,10몰,81원/1GB
72979229,도시바 MG10ADA Enterprise 7200/512M,"2TB, MG10ADA200",295000,3몰,148원/1GB
72979271,도시바 MG10ADA Enterprise 7200/512M,"8TB, MG10ADA800",735000,30몰,92원/1GB
73074497,도시바 MG10ADA Enterprise 7200/512M,"10TB, MG10ADA10T",869000,5몰,87원/1GB
73074581,도시바 MG09ACA Enterprise 7200/512M,"12TB, MG09ACA12T",971890,87몰,81원/1GB
73560314,Western Digital Ultrastar DC HA340 7200/256M,"4TB, WUS721204BLE6L4",458990,123몰,115원/1GB
73561364,Western Digital Ultrastar DC HC550 7200/512M,"14TB, WUH721814ALE6L4",1089000,92몰,78원/1GB
73948616,Western Digital Ultrastar DC HC555 7200/512M,"18TB, WUH722018CLE6L4",1443360,131몰,80원/1GB
74971682,도시바 N300 7200/512M,"22TB, HDWG62C",1776650,72몰,81원/1GB
74971805,도시바 N300 7200/512M,"16TB, HDWG51G",1265000,8몰,79원/1GB
74971820,도시바 N300 7200/512M,"14TB, HDWG51E",1061990,59몰,76원/1GB
74971826,도시바 N300 7200/512M,"12TB, HDWG51C",926480,71몰,77원/1GB
74971835,도시바 N300 7200/512M,"10TB, HDWG71A",766220,12몰,77원/1GB
74971853,도시바 N300 7200/512M,"8TB, HDWG780",627980,70몰,78원/1GB
74971859,도시바 N300 7200/512M,"6TB, HDWG760",547990,85몰,91원/1GB
74971868,도시바 N300 7200/512M,"4TB, HDWG740",444610,94몰,111원/1GB
75465692,도시바 MG10ADA Enterprise 7200/512M,"1TB, MG10ADA100",297430,8몰,297원/1GB
75465731,도시바 MG10ADA Enterprise 7200/512M,"4TB, MG10ADA400",508980,17몰,127원/1GB
75465764,도시바 MG10ADA Enterprise 7200/512M,"6TB, MG10ADA600",608980,41몰,101원/1GB
75465788,도시바 MG09ACA Enterprise 7200/512M,"14TB, MG09ACA14T",1134580,49몰,81원/1GB
75465794,도시바 MG09ACA Enterprise 7200/512M,"16TB, MG09ACA16T",1344210,88몰,84원/1GB
75465824,도시바 MG10AFA Enterprise 7200/512M,"22TB, MG10AFA22T",1768000,14몰,80원/1GB
75857006,도시바 S300 PRO 7200/512M,"10TB, HDWTA1A",811300,2몰,81원/1GB
75857054,도시바 S300 PRO 7200/512M,"8TB, HDWTA80",654990,7몰,82원/1GB
75857093,도시바 S300 PRO 7200/512M,"6TB, HDWTA60",553320,5몰,92원/1GB
75857102,도시바 S300 PRO 7200/512M,"4TB, HDWTA40",463410,12몰,116원/1GB
76162442,Western Digital Ultrastar DC HC555 패키지 7200/512M WUH722018CLE6L4,2x18TB,2852500,37몰,79원/1GB
76162445,Western Digital Ultrastar DC HC555 패키지 7200/512M WUH722018CLE6L4,4x18TB,5854920,39몰,81원/1GB
76162451,Western Digital Ultrastar DC HC555 패키지 7200/512M WUH722018CLE6L4,8x18TB,11971520,35몰,83원/1GB
76402004,Western Digital Ultrastar DC HC580 SAS/7200/512M,"24TB, WUH722424AL5204",2038990,10몰,85원/1GB
76510955,Western Digital WD RED Pro 7200/256M/해외구매,"6TB, WD6005FFBX",725500,3몰,121원/1GB
76511003,Western Digital WD RED Pro 7200/256M/해외구매,"8TB, WD8005FFBX",874990,3몰,109원/1GB
76512770,Seagate Exos X24 7200/512M,"20TB, ST20000NM002H",1580070,42몰,79원/1GB
76875500,Western Digital Ultrastar DC HA340 패키지 7200/256M WUS721204BLE6L4,2x4TB,939340,43몰,117원/1GB
76875503,Western Digital Ultrastar DC HA340 패키지 7200/256M WUS721204BLE6L4,4x4TB,1763190,43몰,110원/1GB
76875509,Western Digital Ultrastar DC HA340 패키지 7200/256M WUS721204BLE6L4,8x4TB,3791730,30몰,118원/1GB
77788049,Seagate BarraCuda 7200/512M,"16TB, ST16000DM001",998750,92몰,62원/1GB
77788115,Seagate BarraCuda 7200/512M,"20TB, ST20000DM001",1208060,85몰,60원/1GB
77788166,Seagate BarraCuda 7200/512M,"24TB, ST24000DM001",1429640,90몰,60원/1GB
77788532,Western Digital Ultrastar DC HC590 7200/512M,"26TB, WUH722626ALE6L4",2036990,127몰,78원/1GB
77788715,Western Digital Ultrastar DC HC590 SAS/7200/512M,"26TB, WUH722626AL5204",2244020,32몰,86원/1GB
77861276,도시바 N300 PRO 7200/512M/해외구매,"20TB, HDWG62AXZSTB",780750,2몰,39원/1GB
77861426,도시바 N300 7200/512M/해외구매,"20TB, HDWG62AXZSTA",817200,4몰,41원/1GB
77962076,도시바 N300 7200/512M/해외구매,"16TB, HDWG51G",730200,2몰,46원/1GB
78096329,Western Digital WD RED Pro 7200/512M/해외구매,"26TB, WD260KFGX",323360,6몰,12원/1GB
78310841,Seagate Exos X24 SAS/7200/512M,"20TB, ST20000NM007H",1598670,27몰,80원/1GB
78385532,Western Digital WD Purple Pro 7200/512M/해외구매,"12TB, WD122PURP",478170,2몰,40원/1GB
78711398,Western Digital Ultrastar DC HC555 7200/512M,"16TB, WUH722016CLE6L4",1235300,130몰,77원/1GB
78999002,Seagate BarraCuda 7200/512M/해외구매,"24TB, ST24000DM001",936980,21몰,39원/1GB
78999047,Seagate BarraCuda 7200/512M/해외구매,"20TB, ST20000DM001",863720,20몰,43원/1GB
79556348,Western Digital WD Ultrastar DC HC555 SAS/7200/512M,"18TB, WUH722018CL5204",1528980,61몰,85원/1GB
79556381,Western Digital WD Ultrastar DC HC555 SAS/7200/512M,"16TB, WUH722016CL5204",1378980,61몰,86원/1GB
80151281,Seagate BarraCuda 7200/512M/해외구매,"16TB, ST16000DM001",932950,6몰,58원/1GB
80570033,Western Digital WD BLACK 7200/512M/해외구매,"10TB, WD102FZBX",426630,5몰,43원/1GB
80979842,Western Digital Ultrastar DC HA340 7200/256M,"8TB, WUS721208BLE6L4",687120,108몰,86원/1GB
81062234,Western Digital Ultrastar DC HA340 7200/256M,"6TB, WUS721206BLE6L4",568940,107몰,95원/1GB
88234007,Seagate Exos X24 SAS/7200/512M,"12TB, ST12000NM007H",984870,36몰,82원/1GB
89730467,Seagate Exos X24 7200/512M,"12TB, ST12000NM002H",966270,36몰,81원/1GB
89730497,Seagate Exos X24 7200/512M,"16TB, ST16000NM002H",1259000,41몰,79원/1GB
91351049,Western Digital WD Blue 7200/512M,"10TB, WD100EAGZ",707000,98몰,71원/1GB
91351064,Western Digital WD Blue 7200/512M,"12TB, WD120EAGZ",869060,105몰,72원/1GB
91495454,Western Digital WD Blue 7200/512M/해외구매,"12TB, WD120EAGZ",739300,2몰,62원/1GB
91867322,Seagate Exos X24 SAS/7200/512M,"16TB, ST16000NM007H",1291770,30몰,81원/1GB
91909769,Western Digital WD RED Plus 7200/512M,"10TB, WD100EFGX",786980,90몰,79원/1GB
91909778,Western Digital WD RED Plus 7200/512M,"12TB, WD120EFGX",876480,76몰,73원/1GB
91909982,Western Digital WD RED Pro 7200/512M,"10TB, WD103KFBX",866310,72몰,87원/1GB
91910000,Western Digital WD RED Pro 7200/512M,"26TB, WD260KFGX",2227980,37몰,86원/1GB
92149715,Western Digital WD Blue 7200/512M/해외구매,"10TB, WD100EAGZ",661390,2몰,66원/1GB
92237396,Western Digital WD Purple Pro 7200/512M/해외구매,"10TB, WD102PURP",1035340,4몰,104원/1GB
92237402,Western Digital WD RED Pro 7200/512M/해외구매,"10TB, WD103KFBX",893770,4몰,89원/1GB
92621669,도시바 MG11ACA Enterprise 7200/512M,"24TB, MG11ACA24T",2028970,78몰,113원/1GB
92687015,Western Digital Ultrastar DC HC590 패키지 7200/512M WUH722626ALE6L4,2x26TB,4111990,59몰,79원/1GB
92687075,Western Digital Ultrastar DC HC590 패키지 7200/512M WUH722626ALE6L4,4x26TB,8451140,56몰,81원/1GB
92687144,Western Digital Ultrastar DC HC590 패키지 7200/512M WUH722626ALE6L4,8x26TB,17270740,33몰,83원/1GB
93016847,Western Digital WD RED Plus 7200/512M/해외구매,"12TB, WD120EFGX",943900,4몰,79원/1GB
94089323,Seagate IronWolf Pro 7200/512M,"30TB, ST30000NT011",2398990,154몰,80원/1GB
94129154,Seagate Exos 7200/512M,"30TB, ST30000NM004K",2369000,56몰,79원/1GB
94129232,Seagate Exos 7200/512M,"28TB, ST28000NM003K",2184560,50몰,78원/1GB
94810856,Seagate SkyHawk AI 7200/512M,"16TB, ST16000VE004",1368000,21몰,86원/1GB
94811081,Seagate SkyHawk AI 7200/512M,"12TB, ST12000VE003",1038000,24몰,87원/1GB
94812245,Western Digital Ultrastar DC HA340 7200/512M,"12TB, WUS721212BLE6L4",965950,115몰,80원/1GB
94812674,Western Digital Ultrastar DC HC555 7200/512M,"14TB, WUH722014CLE6L4",1088920,98몰,78원/1GB
94815044,Western Digital Ultrastar DC HC555 7200/512M,"20TB, WUH722020CLE6L4",1624650,108몰,81원/1GB
94815338,Western Digital Ultrastar DC HC580 7200/512M,"22TB, WUH722422ALE6L4",1779920,93몰,81원/1GB
94815440,Western Digital Ultrastar DC HC590 7200/512M,"24TB, WUH722624ALE6L4",1906940,92몰,79원/1GB
94880960,Seagate SkyHawk AI 7200/256M/해외구매,"8TB, ST8000VE001",560000,1몰,70원/1GB
95343791,Synology Plus Series 7200/512M,"8TB, HAT3320-8T",669990,82몰,84원/1GB
95928110,Seagate SkyHawk AI 7200/512M,"20TB, ST20000VE003",1659000,23몰,83원/1GB
96986180,Western Digital WD RED Plus 7200/512M/해외구매,"10TB, WD100EFGX",284400,5몰,28원/1GB
98415116,Seagate IronWolf Pro 7200/512M,"28TB, ST28000NT000",2184560,162몰,78원/1GB
98415440,Seagate IronWolf Pro 패키지 7200/512M ST28000NT000,2x28TB,4506000,7몰,80원/1GB
98415446,Seagate IronWolf Pro 패키지 7200/512M ST28000NT000,4x28TB,9114000,7몰,81원/1GB
100326998,Western Digital WD Blue 5400/64M,"1TB, WD10EARZ",218890,126몰,219원/1GB
100618334,Western Digital WD RED Pro 7200/512M/해외구매,"24TB, WD241KFGX",1716700,1몰,72원/1GB
102005171,Western Digital Ultrastar DC HC580 SAS/7200/512M,"22TB, WUH722422AL5204",1868980,54몰,85원/1GB
102005369,Western Digital WD Ultrastar DC HC555 SAS/7200/512M,"14TB, WUH722014CL5204",1115060,62몰,80원/1GB
102550253,Western Digital WD RED Plus 5400/128M,"4TB, WD40EFZZ",305090,138몰,76원/1GB
103808015,Western Digital WD Purple 5640/256M/해외구매,"8TB, WD85PURZ",569640,10몰,71원/1TB
103811198,Seagate IronWolf Pro 7200/512M,"32TB, ST32000NT000",2603070,151몰,81원/1GB
103811207,Seagate SkyHawk AI 7200/512M,"32TB, ST32000VE000",2797990,75몰,87원/1GB
103811504,Seagate Exos 7200/512M,"32TB, ST32000NM004K",2603070,54몰,81원/1GB
104374406,Western Digital WD Blue 5400/128M,"4TB, WD40EZZX",286640,154몰,72원/1GB
104939345,Seagate IronWolf Pro 7200/512M 패키지 ST32000NT000,2x32TB,5299990,13몰,83원/1GB
104939354,Seagate IronWolf Pro 7200/512M 패키지 ST32000NT000,4x32TB,10860000,7몰,85원/1GB
104966987,Seagate SkyHawk AI 패키지 7200/512M ST32000VE000,2x32TB,5486000,2몰,86원/1GB
104966996,Seagate SkyHawk AI 패키지 7200/512M ST32000VE000,4x32TB,10860000,2몰,85원/1GB
107769839,Western Digital WD RED Pro 7200/512M,"24TB, WD241KFGX",2018980,19몰,84원/1GB
122657735,Western Digital WD Ultrastar DC HC555 SAS/7200/512M,"12TB, WUH722012CL5204",1032290,36몰,86원/1GB
122658228,Western Digital WD Ultrastar DC HC555 SAS/7200/512M,"20TB, WUH722020CL5204",1768990,50몰,88원/1GB
122658235,Western Digital Ultrastar DC HC590 SAS/7200/512M,"24TB, WUH722624AL5204",2038980,52몰,85원/1GB
122708926,Western Digital WD RED Plus 5400/128M/중고,"4TB, WD40EFZX",137400,1몰,34원/1GB
122724372,Seagate IronWolf Pro 7200/512M/해외구매,"32TB, ST32000NT000",1661200,10몰,52원/1GB
122725610,Seagate BarraCuda 5400/128M/노트북용,"5TB, ST5000LM000",395250,48몰,79원/1GB
123669765,Synology Plus Series 7200/1000M,"20TB, HAT3320-20T",1214990,35몰,61원/1GB
123845369,Western Digital WD Blue 7200/64M/중고,"1TB, WD10EZEX",39900,3몰,40원/1GB
123971862,Seagate BarraCuda Green 5900/64M/중고,"2TB, ST2000DL003",73700,2몰,37원/1GB
124011294,Seagate BarraCuda 7200/64M/중고,"1TB, ST1000DM010",44100,7몰,44원/1GB
124011305,Seagate Exos X18 SAS/7200/256M/중고,"18TB, ST18000NM004J",589280,4몰,33원/1GB
124011314,Seagate IronWolf 7200/256M/중고,"8TB, ST8000VN004",399000,1몰,50원/1GB
124021936,도시바 MG08ACA Enterprise 7200/512M/중고,"16TB, MG08ACA16T",499000,1몰,31원/1GB
124021944,도시바 MG09ACA Enterprise 7200/512M/중고,"18TB, MG09ACA18T",529000,1몰,29원/1GB
124033225,Seagate Constellation ES.3 SAS/7200/128M/중고,"4TB, ST4000NM0023",98800,10몰,25원/1GB
124217622,Western Digital Ultrastar DC HC590 패키지 7200/512M WUH722624ALE6L4,2x24TB,3782500,45몰,79원/1GB
124217624,Western Digital Ultrastar DC HC590 패키지 7200/512M WUH722624ALE6L4,4x24TB,7854870,41몰,82원/1GB
124225798,Western Digital Ultrastar DC HA340 패키지 7200/256M WUS721208BLE6L4,2x8TB,1368310,45몰,86원/1GB
124225812,Western Digital Ultrastar DC HA340 패키지 7200/256M WUS721208BLE6L4,4x8TB,2737910,46몰,86원/1GB
124237544,Western Digital Ultrastar DC HA340 패키지 7200/256M WUS721206BLE6L4,4x6TB,2436580,45몰,102원/1GB
124237549,Western Digital Ultrastar DC HA340 패키지 7200/256M WUS721206BLE6L4,2x6TB,1234790,45몰,103원/1GB
124237580,Western Digital Ultrastar DC HA340 패키지 7200/512M WUS721212BLE6L4,4x12TB,3786220,41몰,79원/1GB
124237586,Western Digital Ultrastar DC HA340 패키지 7200/512M WUS721212BLE6L4,2x12TB,1866710,45몰,78원/1GB
124237718,Western Digital Ultrastar DC HC555 패키지 7200/512M WUH722014CLE6L4,4x14TB,4375990,44몰,78원/1GB
124237736,Western Digital Ultrastar DC HC555 패키지 7200/512M WUH722014CLE6L4,2x14TB,2217020,45몰,79원/1GB
124237756,Western Digital Ultrastar DC HC555 패키지 7200/512M WUH722014CLE6L4,8x14TB,9111120,40몰,81원/1GB
124238042,Western Digital Ultrastar DC HC580 패키지 7200/512M WUH722422ALE6L4,2x22TB,3528610,44몰,80원/1GB
124238058,Western Digital Ultrastar DC HC580 패키지 7200/512M WUH722422ALE6L4,4x22TB,7254690,37몰,82원/1GB
124238090,Western Digital Ultrastar DC HC590 패키지 7200/512M WUH722624ALE6L4,8x24TB,15811460,34몰,82원/1GB
124238150,Western Digital Ultrastar DC HC555 패키지 7200/512M WUH722016CLE6L4,8x16TB,10435440,41몰,82원/1GB
124238163,Western Digital Ultrastar DC HC555 패키지 7200/512M WUH722016CLE6L4,4x16TB,5055990,49몰,79원/1GB
124238182,Western Digital Ultrastar DC HC555 패키지 7200/512M WUH722016CLE6L4,2x16TB,2480520,50몰,78원/1GB
124238223,Western Digital Ultrastar DC HC555 패키지 7200/512M WUH722020CLE6L4,2x20TB,3449910,43몰,86원/1GB
124238229,Western Digital Ultrastar DC HC555 패키지 7200/512M WUH722020CLE6L4,4x20TB,6654860,45몰,83원/1GB
124238235,Western Digital Ultrastar DC HC555 패키지 7200/512M WUH722020CLE6L4,8x20TB,13132400,41몰,82원/1GB
124238253,Western Digital Ultrastar DC HC580 패키지 7200/512M WUH722422ALE6L4,8x22TB,14659560,33몰,83원/1GB
124238293,Western Digital Ultrastar DC HA340 패키지 7200/512M WUS721212BLE6L4,8x12TB,7830730,33몰,82원/1GB
124278335,Western Digital Ultrastar DC HA340 패키지 7200/256M WUS721206BLE6L4,8x6TB,4991570,38몰,104원/1GB
124278339,Western Digital Ultrastar DC HA340 패키지 7200/256M WUS721208BLE6L4,8x8TB,5470930,46몰,85원/1GB
124278364,Western Digital Ultrastar DC HA340 7200/512M,"10TB, WUS721210BLE6L4",838980,57몰,70원/1GB
124278365,Western Digital Ultrastar DC HA340 패키지 7200/512M WUS721210BLE6L4,2x10TB,1733560,45몰,72원/1GB
124278366,Western Digital Ultrastar DC HA340 패키지 7200/512M WUS721210BLE6L4,4x10TB,3459740,40몰,72원/1GB
124278367,Western Digital Ultrastar DC HA340 패키지 7200/512M WUS721210BLE6L4,8x10TB,6719990,42몰,70원/1GB
