Id,Name,Type,Price,Mall,2026-10-05 01:32:23
3548546,ASUS H110M-K STCOM,,123140,110몰,
5997948,GIGABYTE GA-A320M-S2H 듀러블에디션 피씨디렉트,,110000,1몰,
6017713,ASRock B360M PRO4 디앤디컴,,146000,1몰,
6145321,ASUS H97-PLUS (중고),,96000,1몰,
6494014,ASRock B450 PRO4 디앤디컴,,166000,1몰,
6508375,GIGABYTE Z390 AORUS ULTRA 제이씨현,,350000,1몰,
7097008,ASRock B450M 스틸레전드 디앤디컴,,157000,1몰,
7452148,ASUS EX A320M-GAMING 대원씨티에스,,116000,1몰,
9500100,MSI MPG X470 게이밍 플러스 맥스,,186990,4몰,
10525329,ECS DURATHON2 GLKD-I-J4005 코잇 (벌크),기본,475990,3몰,
10525335,ECS DURATHON2 GLKD-I-J4005 코잇 (벌크),65W 어댑터,470580,2몰,
11571368,ASUS TUF Gaming B550M-PLUS STCOM,,154930,194몰,
11574458,ASUS PRIME B550M-A 대원씨티에스,,123380,113몰,
11684576,GIGABYTE B550M AORUS ELITE 제이씨현,,117680,187몰,
11751599,GIGABYTE B550M AORUS ELITE 피씨디렉트,,117330,149몰,
12060293,ASUS PRIME A520M-K STCOM,,64710,147몰,
12067598,MSI A520M-A PRO,,69640,223몰,
12069566,ASUS PRIME A520M-K 대원씨티에스,,60300,224몰,
12092663,ASRock A520M-HDV 디앤디컴,,66850,154몰,
12121013,ASRock A520M-ITX/ac 디앤디컴,,173420,112몰,
12130286,ASRock A520M-HDV 에즈윈,,65870,152몰,
12464213,ASRock B550M Phantom Gaming 4 에즈윈,,110750,119몰,
12487823,ASRock B550M Phantom Gaming 4 디앤디컴,,110740,146몰,
12701975,ASUS ROG CROSSHAIR VIII DARK HERO STCOM,,750000,1몰,
12761789,ASUS ROG ZENITH EXTREME ALPHA 대원씨티에스,,741930,88몰,
13164092,MSI 프레스티지 X570 크리에이션 (해외구매),,600000,1몰,
13289171,ASRock B560M PRO4 에즈윈,,226000,1몰,
13561976,ASUS TUF Gaming B560M-PLUS WIFI 인텍앤컴퍼니,,330000,1몰,
13628021,MSI H510M-A PRO,,150000,1몰,
13875599,ASUS ROG MAXIMUS XIII APEX 인텍앤컴퍼니,,650000,1몰,
15932150,GIGABYTE Z690 AORUS XTREME WATERFORCE 피씨디렉트,,1080000,1몰,
16083650,ASUS PRIME H610M-K D4 인텍앤컴퍼니,,76590,184몰,
16085327,ASUS TUF Gaming B660M-E D4 인텍앤컴퍼니,,226900,1몰,
16089002,MSI MAG B660M 박격포 DDR4,,196000,1몰,
16089554,ASRock B660M Pro RS D4 에즈윈,,196000,1몰,
16103177,ASUS PRIME H610M-A D4 STCOM,,104430,144몰,
16260506,ASUS EX H610M-V3 D4 STCOM,,97890,100몰,
16275566,H510 (중고),,47740,86몰,
16284179,ASUS PRIME A520M-A II 대원씨티에스,,79770,161몰,
16285538,ASUS ROG MAXIMUS Z690 EXTREME GLACIAL STCOM,,3500000,1몰,
16313690,ECS DURATHON2 GLKD-I-N4020 코잇 (벌크),기본,475990,3몰,
16388984,ECS DURATHON2 GLKD-I-N4020 코잇 (벌크),65W 어댑터,495990,2몰,
16637543,MSI PRO H610M-C EX,,109990,101몰,
16971290,ASUS PRIME H410M-A STCOM,,120000,1몰,
17192960,ASUS Pro H610T/CSM D4 코잇 (벌크),기본,175760,4몰,
17193002,ASUS Pro H610T/CSM D4 코잇 (벌크),120W 어댑터,203020,4몰,
17395088,ECS DURATHON2 H610H7-M2 코잇,,103220,4몰,
17697992,GIGABYTE H610I D4 듀러블에디션 피씨디렉트,,161960,94몰,
17792948,ASRock H610M-HDV/M.2 R2.0 D4 디앤디컴,,88800,122몰,
17793371,ASRock H610M-HVS/M.2 R2.0 D4 디앤디컴,,84610,109몰,
17847224,ASRock H610M-HDV/M.2 R2.0 D4 에즈윈,,91710,24몰,
17847233,ASRock H610M-HDV/M.2 R2.0 D4 에즈윈 (벌크),,87890,102몰,
17970338,GIGABYTE B650M AORUS ELITE 제이씨현,,173230,8몰,
17971181,MSI MAG B650 토마호크 WIFI,,249200,207몰,
17971184,MSI PRO B650M-A WIFI,,165370,243몰,
17971187,MSI MAG B650M 박격포 WIFI,,205050,253몰,
17971604,ASRock B650M PG Riptide 대원씨티에스,,177600,21몰,
18021842,ASUS ROG STRIX B650-A GAMING WIFI 대원씨티에스,,302150,4몰,
18044522,ASUS TUF Gaming B650M-PLUS WIFI STCOM,,249100,106몰,
18044582,ASUS ROG STRIX B650E-E GAMING WIFI STCOM,,476500,1몰,
18054803,ASUS PRIME Z790-P-CSM 코잇,,340180,129몰,
18054881,ASUS PRIME Z790-P WIFI-CSM 코잇,,374020,98몰,
18109313,MSI PRO H610M-E DDR4,,86900,190몰,
18112316,GIGABYTE Z790 AORUS ELITE 제이씨현,,253670,3몰,
18113015,GIGABYTE B650M AORUS ELITE AX 피씨디렉트,,198910,70몰,
18189497,GIGABYTE B650 AORUS ELITE 피씨디렉트,,212500,2몰,
18254819,ASUS ROG MAXIMUS Z790 HERO 코잇,,1038490,82몰,
18261176,GIGABYTE Z790 AORUS ELITE AX 피씨디렉트,,450000,1몰,
18261245,GIGABYTE Z790 UD 피씨디렉트,,301970,141몰,
18646154,ASRock B760M PG SONIC WiFi D5 에즈윈,,180000,1몰,
18650483,GIGABYTE B760M DS3H D4 제이씨현,,123180,143몰,
18651545,GIGABYTE B760M AORUS ELITE D4 피씨디렉트,,197330,2몰,
18651560,GIGABYTE B760M DS3H D4 피씨디렉트,,122270,174몰,
18652442,ASUS PRIME B760M-K D4 코잇,,123470,123몰,
18652511,ASUS EX B760M-V5 D4 코잇,,121990,89몰,
18652865,MSI MAG B760 토마호크 WIFI,,227600,191몰,
18652889,MSI PRO B760M-P DDR4,,125090,148몰,
18652895,ASUS PRIME B760M-K D4 STCOM,,124010,117몰,
18652898,ASUS PRIME B760M-A D4 STCOM,,128660,125몰,
18663455,GIGABYTE H610M K D4 피씨디렉트,,67870,182몰,
18670778,GIGABYTE H610M K D4 제이씨현,,64000,213몰,
18716924,ASUS ROG STRIX B760-I GAMING WIFI 코잇,,376990,88몰,
19240112,ECS H610H7-TI5 코잇,기본,165000,1몰,
19241759,MSI PRO B760M-A WIFI,,154950,210몰,
19242146,GIGABYTE H610M S2H V2 D4 듀러블에디션 제이씨현,,107080,184몰,
19431530,GIGABYTE A520M K V2 피씨디렉트,,55990,201몰,
19498640,ASRock B760M Pro RS D5 디앤디컴,,152090,130몰,
19523846,COLORFUL H610M-E M.2 V20 D4 STCOM,,77740,80몰,
19536062,ASRock B760M Pro RS D5 에즈윈,,148500,170몰,
19556732,ASUS PRO WS W680-ACE IPMI STCOM,,721440,99몰,
19556996,ASUS PRO WS W680-ACE STCOM,,608980,98몰,
19605602,ASUS PRIME B760M-A STCOM,,154290,122몰,
19627397,ASRock B550M Phantom Gaming 4 대원씨티에스,,109700,124몰,
19628207,ASUS TUF Gaming B760M-PLUS 코잇,,190890,81몰,
19673975,ECS DURATHON2 B760H7-M8 코잇 (벌크),,142140,77몰,
19691519,ASUS PRIME B650M-A II 대원씨티에스,,134000,5몰,
19704527,ASUS PRIME B760M-A 코잇,,141000,132몰,
19705316,MSI PRO A620M-E,,109000,4몰,
19753526,ECS DURATHON2 B760H7-M8 코잇,,142580,17몰,
19756130,ASUS PRIME B760-PLUS 코잇,,250250,120몰,
19756199,ASUS TUF Gaming B760-PLUS WIFI 코잇,,281560,121몰,
19772375,ASUS PRIME B760M-A 인텍앤컴퍼니,,149000,118몰,
19903481,ASUS ROG STRIX B760-G GAMING WIFI 코잇,,219230,138몰,
19927871,ASUS P12R-I STCOM,,358770,122몰,
20108249,MSI PRO B650M-P,,124800,204몰,
20119583,GIGABYTE H610M H V2 D4 피씨디렉트,,78350,178몰,
20171636,MSI PRO B760M-P,,134500,196몰,
20226770,Supermicro X13SAZ-Q STCOM,,703790,89몰,
20318291,ASUS TUF Gaming A620-PRO WIFI STCOM,,276770,121몰,
20324882,GIGABYTE B650M K 제이씨현,,112980,248몰,
20344700,ASUS PRIME H610M-CS D4 코잇,,75080,130몰,
20459081,GIGABYTE A520M K V2 제이씨현,,55990,244몰,
20536331,ASRock B760M-HDVP D5 에즈윈 (벌크),,121320,124몰,
20710217,ASUS PRIME B760M-K 인텍앤컴퍼니,,130890,140몰,
21627827,ASRock B650M Pro RS 대원씨티에스,,165000,1몰,
21727307,GIGABYTE B650M K 피씨디렉트,,115910,239몰,
25208807,ASUS PRO WS W790-ACE STCOM,,1539960,117몰,
25866491,ASRock H610M-HDV/M.2+ D5 에즈윈,,80850,140몰,
25869083,ASRock H610M-HDV/M.2+ D5 에즈윈 (벌크),,83690,92몰,
27409910,ASRock H610M-HDV/M.2+ D5 디앤디컴,,88790,138몰,
27474755,MSI PRO B760M-A DDR4 II,,141480,28몰,
27475169,MSI PRO Z790-P WIFI,,283270,5몰,
27546074,ASRock H610M-HDV/M.2+ D5 대원씨티에스,,89810,124몰,
28029617,ASRock H610M-H2/M.2 D5 에즈윈 (벌크),,68460,137몰,
28183691,ASRock H610M-H2/M.2 D5 디앤디컴,,77230,164몰,
28183721,ASRock H610M-H2/M.2 D5 디앤디컴 (벌크),,76210,121몰,
28248743,BIOSTAR H610MHD D5 제이씨현,,84980,141몰,
28248950,BIOSTAR H610MS 제이씨현,,65000,72몰,
28511822,ASUS PRIME H510M-K R2.0 STCOM,,117930,57몰,
28603964,ASRock B650M PG Lightning 에즈윈,,129000,5몰,
28803482,ASUS ROG MAXIMUS Z790 APEX ENCORE STCOM,,897980,109몰,
29393921,ASUS PRIME H610I-PLUS 코잇,,190470,86몰,
29759561,BIOSTAR B650MT-E PRO 제이씨현,,118810,127몰,
29863127,GIGABYTE B650M AORUS ELITE AX ICE 제이씨현,,291400,3몰,
29908775,ASRock B650M PG Lightning 디앤디컴,,111480,126몰,
30070400,GIGABYTE B650 AORUS ELITE AX ICE 제이씨현,,262000,1몰,
30167879,ASRock B650M PG Lightning + WiFi6E 모듈 패키지 디앤디컴,,136830,100몰,
30300260,ASRock B650M PG Lightning 대원씨티에스,,117410,161몰,
31472456,GIGABYTE TRX50 AERO D 피씨디렉트,,1039690,84몰,
32078006,GIGABYTE B650 AORUS ELITE V2 제이씨현,,200000,1몰,
32126690,ASUS PRO WS TRX50-SAGE WiFi STCOM,,1465970,89몰,
32487287,ASUS PRO WS TRX50-SAGE WiFi 대원씨티에스,,1396980,121몰,
34739282,ASUS PRIME H610M-CS 2.5G 코잇,,112990,109몰,
34741730,GIGABYTE B650E AORUS ELITE X AX ICE 제이씨현,,251690,1몰,
34815659,ASUS TUF Gaming B760M-PLUS II 코잇,,161960,143몰,
37226114,MSI MAG B760M 박격포 II,,175600,237몰,
38347157,ASUS PRO WS WRX90E-SAGE SE STCOM,,2199930,98몰,
39249221,MSI PRO A620M-C EX,,118500,120몰,
45257993,ASUS PRO WS WRX90E-SAGE SE 대원씨티에스,,2081280,106몰,
48647831,ASRock WRX90 WS EVO 대원씨티에스,,1861730,15몰,
49162646,ASRock B550M Pro RS 디앤디컴,,120130,138몰,
49538822,ASRock B550M Pro RS + WiFi6E 랜카드 패키지 디앤디컴,,158820,85몰,
49740182,ASRock B550M Pro RS 에즈윈,,123000,134몰,
49995851,ASRock B550M Pro RS 대원씨티에스,,121330,149몰,
53418977,MSI B650M 프로젝트 제로,,223230,186몰,
53419463,MSI B760M 프로젝트 제로,,233700,70몰,
54326606,GIGABYTE Z790 AORUS XTREME X ICE + AORUS 지포스 RTX 4080 SUPER XTREME ICE 패키지 피씨디렉트,,3115260,54몰,
57295043,MSI PRO B650M-B,,111130,174몰,
58432343,ASRock H610M-H2/M.2 D4 에즈윈,,73230,102몰,
58837484,MAXSUN 챌린저 H610ITX 2LAN 디앤디컴,,141450,104몰,
59826524,ASRock H610M-H2/M.2 D4 디앤디컴,,74170,161몰,
60151763,COLORFUL BATTLE-AX B650M-PLUS V14 STCOM,,138270,3몰,
62568890,MSI PRO B650M-A,,148720,214몰,
62791640,ASRock B650M PG Riptide WiFi White 에즈윈,,218430,139몰,
63938699,GIGABYTE TRX50 AI TOP 제이씨현,,1403130,133몰,
64267934,GIGABYTE TRX50 AI TOP 피씨디렉트,,1384230,116몰,
64375265,GIGABYTE H610M H V2 피씨디렉트,,99500,140몰,
64394135,ASRock B650 스틸레전드 WiFi 디앤디컴,,207410,109몰,
65307479,GIGABYTE H610M S2H V2 피씨디렉트,,107320,134몰,
66046067,GIGABYTE H610M S2H V2 제이씨현,,112040,158몰,
66046259,GIGABYTE H610M H V2 제이씨현,,96420,158몰,
66046349,GIGABYTE H610M K V2 제이씨현,,74500,176몰,
67678283,GIGABYTE H610M K V2 피씨디렉트,,77110,146몰,
67693886,ASUS PRIME X870-P WIFI-CSM STCOM,,377930,138몰,
67693952,ASUS PRIME X870-P-CSM STCOM,,345990,142몰,
67694132,ASUS ProArt X870E-CREATOR WIFI STCOM,,767970,140몰,
67694456,ASUS ROG CROSSHAIR X870E HERO STCOM,,1028670,123몰,
67694840,ASUS ROG STRIX X870-A GAMING WIFI STCOM,,537990,109몰,
67695563,ASUS TUF Gaming X870-PLUS WIFI STCOM,,437000,9몰,
67845785,GIGABYTE X870E AORUS PRO ICE 제이씨현,,697490,5몰,
67845815,GIGABYTE X870 AORUS ELITE WIFI7 제이씨현,,334510,211몰,
67845863,GIGABYTE X870 AORUS ELITE WIFI7 ICE 제이씨현,,341320,216몰,
67846052,GIGABYTE X870 EAGLE WIFI7 제이씨현,,321990,21몰,
67847474,GIGABYTE X870 AORUS ELITE WIFI7 피씨디렉트,,340630,161몰,
67847492,GIGABYTE X870 AORUS ELITE WIFI7 ICE 피씨디렉트,,343510,188몰,
67847609,GIGABYTE X870E AORUS PRO ICE 피씨디렉트,,510080,10몰,
67850639,ASRock X870E Taichi 에즈윈,,753000,1몰,
67851653,ASUS PRIME X870-P WIFI-CSM 대원씨티에스,,327650,114몰,
67852106,ASUS ProArt X870E-CREATOR WIFI 대원씨티에스,,744020,111몰,
67852265,ASUS ROG STRIX X870-A GAMING WIFI 대원씨티에스,,716510,4몰,
67852370,MSI MAG X870 토마호크 WIFI,,418160,34몰,
67852652,MSI MPG X870E 카본 WIFI,,513450,119몰,
67852706,GIGABYTE X870 EAGLE WIFI7 피씨디렉트,,285380,148몰,
67852793,ASUS ROG STRIX X870-F GAMING WIFI 대원씨티에스,,647460,136몰,
67852946,ASUS ROG STRIX X870-I GAMING WIFI 대원씨티에스,,740000,98몰,
67852967,ASRock X870E Nova WiFi 에즈윈,,481940,135몰,
67976948,ASUS ROG STRIX X870-I GAMING WIFI STCOM,,746610,120몰,
68242061,ASRock X870 스틸레전드 WiFi 대원씨티에스,,319210,95몰,
68440085,ASRock X870E Taichi 디앤디컴,,798990,109몰,
68440103,ASRock X870 스틸레전드 WiFi 디앤디컴,,344790,147몰,
68687816,ASRock Z890 Pro RS WiFi White 에즈윈,,344930,117몰,
68776211,ASRock Z890 Taichi 에즈윈,,665500,134몰,
68919209,ASRock Z890 Pro-A 에즈윈,,310480,134몰,
69053765,ASRock Z890 Pro-A WiFi 에즈윈,,320730,151몰,
69468977,ASRock B760M Pro-A 인텍앤컴퍼니,,129000,119몰,
69471320,ASRock Z890 Nova WiFi 에즈윈,,529000,2몰,
69566399,ASUS ROG MAXIMUS Z890 APEX 인텍앤컴퍼니,,724350,63몰,
69566996,ASUS ROG MAXIMUS Z890 HERO 인텍앤컴퍼니,,935000,8몰,
69656168,ASUS ROG STRIX Z890-A GAMING WIFI 인텍앤컴퍼니,,518900,87몰,
69656858,ASUS PRIME Z890-P-CSM 인텍앤컴퍼니,,335990,15몰,
69661004,ASUS Z890 AYW GAMING WIFI W 인텍앤컴퍼니,,393630,105몰,
69661250,ASUS PRIME Z890-P WIFI-CSM STCOM,,406970,122몰,
69661643,ASUS ROG MAXIMUS Z890 APEX STCOM,,745990,120몰,
69662171,ASUS TUF Gaming Z890-PRO WIFI STCOM,,412770,138몰,
69662327,ASUS Z890 AYW GAMING WIFI W STCOM,,424890,142몰,
69696089,ASUS PRIME Z890-P WIFI-CSM 코잇,,375900,112몰,
69696269,ASUS PRIME Z890-P-CSM 코잇,,330220,137몰,
69696464,ASUS PRIME Z890M-PLUS WIFI-CSM 코잇,,365320,127몰,
69696563,ASUS ProArt Z890-CREATOR WIFI 코잇,,837620,78몰,
69696602,ASUS ROG MAXIMUS Z890 APEX 코잇,,729610,114몰,
69696641,ASUS ROG MAXIMUS Z890 EXTREME 코잇,,1760000,1몰,
69696719,ASUS ROG MAXIMUS Z890 HERO 코잇,,905500,118몰,
69696863,ASUS ROG STRIX Z890-E GAMING WIFI 코잇,,814970,92몰,
69696959,ASUS ROG STRIX Z890-F GAMING WIFI 코잇,,744500,93몰,
69697058,ASUS TUF Gaming Z890-PLUS WIFI 코잇,,395890,137몰,
69697280,ASUS Z890 AYW GAMING WIFI W 코잇,,392290,129몰,
69697592,MSI MEG Z890 에이스,,948960,103몰,
69697766,MSI MAG Z890 토마호크 WIFI,,458990,15몰,
69697916,MSI PRO Z890-A WIFI,,373900,183몰,
69698066,MSI MPG Z890 카본 WIFI,,595000,176몰,
69698492,MSI MPG Z890 엣지 TI WIFI,,545000,154몰,
69698594,MSI MEG Z890 유니파이-X,,690000,161몰,
69698870,GIGABYTE Z890 AORUS PRO ICE 제이씨현,,406490,154몰,
69699071,GIGABYTE Z890 AORUS ELITE WIFI7 ICE 제이씨현,,348030,173몰,
69699182,GIGABYTE Z890 AORUS ELITE WIFI7 제이씨현,,344050,142몰,
69699317,GIGABYTE Z890 UD 제이씨현,,287850,179몰,
69699389,GIGABYTE Z890I AORUS ULTRA 제이씨현,,486920,102몰,
69699425,GIGABYTE Z890 UD 피씨디렉트,,290520,148몰,
69699467,GIGABYTE Z890 AORUS MASTER 피씨디렉트,,633890,130몰,
69699584,GIGABYTE Z890 AORUS PRO ICE 피씨디렉트,,421790,140몰,
69699599,GIGABYTE Z890 AORUS ELITE WIFI7 ICE 피씨디렉트,,348490,152몰,
69699671,GIGABYTE Z890 AORUS ELITE WIFI7 피씨디렉트,,357000,18몰,
69699695,GIGABYTE Z890I AORUS ULTRA 피씨디렉트,,476520,121몰,
69867902,ASRock Z890 Taichi 인텍앤컴퍼니,,699000,95몰,
69868301,ASRock Z890 Nova WiFi 인텍앤컴퍼니,,490500,1몰,
69868478,ASRock Z890 Pro RS WiFi 인텍앤컴퍼니,,320000,103몰,
70000382,ASRock Z890 Taichi 디앤디컴,,677100,133몰,
70001147,ASUS ProArt Z890-CREATOR WIFI STCOM,,828790,35몰,
70002455,ASUS PRIME Z890M-PLUS WIFI-CSM STCOM,,375950,111몰,
70006610,ASRock Z890 Pro-A 디앤디컴,,308230,128몰,
70101260,ASRock X870 Pro RS WiFi 에즈윈,,322850,132몰,
70769987,ASRock X870E Nova WiFi 대원씨티에스,,455000,19몰,
71007920,ASRock Z890 Lightning WiFi 에즈윈,,403210,124몰,
71010251,ASRock Z890 Pro RS WiFi White 디앤디컴,,319000,133몰,
71502050,Supermicro H13SSL-NT R2.0 STCOM,,1404990,54몰,
72227675,GIGABYTE Z890 AORUS XTREME AI TOP 피씨디렉트,,1650240,2몰,
72304610,ASRock B650 스틸레전드 WiFi 대원씨티에스,,220490,103몰,
72757274,ASRock X870E Nova WiFi 디앤디컴,,482710,122몰,
73560548,GIGABYTE X870E AORUS PRO 피씨디렉트,,449990,12몰,
73763492,ASUS TUF Gaming B850-PLUS WIFI 대원씨티에스,,303450,165몰,
73763909,ASUS TUF Gaming B850M-PLUS WIFI 대원씨티에스,,233030,19몰,
73767836,ASUS ROG STRIX B850-E GAMING WIFI 대원씨티에스,,510350,146몰,
73769342,ASUS PRIME B840M-A-CSM 대원씨티에스,,223110,109몰,
73770854,GIGABYTE X870E AORUS XTREME AI TOP 피씨디렉트,,939000,1몰,
73883963,ASUS ROG STRIX B850-I GAMING WIFI STCOM,,439840,149몰,
73884041,ASUS TUF Gaming B850M-PLUS WIFI STCOM,,251000,1몰,
73884083,ASUS TUF Gaming B850-PLUS WIFI STCOM,,319680,209몰,
73884143,ASUS PRIME B840M-A WIFI-CSM STCOM,,239400,132몰,
73884173,ASUS PRIME B840M-A-CSM STCOM,,221350,132몰,
73891739,GIGABYTE B850 AORUS ELITE WIFI7 피씨디렉트,,279290,156몰,
73891778,GIGABYTE B850 AORUS ELITE WIFI7 ICE 피씨디렉트,,291490,161몰,
73892000,GIGABYTE B850M AORUS ELITE WIFI6E ICE 피씨디렉트,,221650,200몰,
73892084,GIGABYTE B850M DS3H 피씨디렉트,,154580,182몰,
73892279,GIGABYTE B850 AORUS ELITE WIFI7 ICE 제이씨현,,289030,199몰,
73892309,GIGABYTE B850 AORUS ELITE WIFI7 제이씨현,,260000,200몰,
73892354,GIGABYTE B850M DS3H 제이씨현,,158990,218몰,
73892423,GIGABYTE B850M AORUS ELITE WIFI6E ICE 제이씨현,,209000,252몰,
73948922,MSI PRO B840-P WIFI,,191490,144몰,
73952525,ASRock B850 Pro RS 에즈윈,,235400,147몰,
73952591,ASRock B850I Lightning WiFi 에즈윈,,338770,124몰,
73952600,ASRock B850 Pro RS WiFi 에즈윈,,240400,136몰,
73952729,ASRock B850M Pro RS 에즈윈,,196250,137몰,
73952732,ASRock B850M Pro RS WiFi 에즈윈,,208590,128몰,
74013710,ASRock B860M Pro RS 에즈윈,,202490,151몰,
74116181,ASRock B860 LiveMixer WiFi 인텍앤컴퍼니,,276490,104몰,
74116334,ASRock B860M LiveMixer WiFi 인텍앤컴퍼니,,203440,77몰,
74122352,ASRock B860M-X 인텍앤컴퍼니,,172380,74몰,
74250455,ASRock B850 Pro-A 대원씨티에스,,218310,111몰,
74250827,GIGABYTE B860 AORUS ELITE WIFI7 ICE 제이씨현,,279770,155몰,
74250974,GIGABYTE B860M AORUS ELITE WIFI6E ICE 제이씨현,,258470,196몰,
74251187,GIGABYTE B860M AORUS ELITE WIFI6E 제이씨현,,261100,154몰,
74251253,GIGABYTE B860M AORUS ELITE 제이씨현,,216980,203몰,
74251349,GIGABYTE B860M DS3H 제이씨현,,167460,200몰,
74253692,ASUS ROG STRIX B860-F GAMING WIFI STCOM,,439870,138몰,
74254724,ASUS TUF Gaming B860-PLUS WIFI STCOM,,282940,144몰,
74254814,ASUS TUF Gaming B860M-PLUS WIFI STCOM,,273970,163몰,
74254832,ASUS TUF Gaming B860M-PLUS STCOM,,241970,170몰,
74255033,ASUS PRIME B860M-A WIFI-CSM STCOM,,245970,132몰,
74255060,ASUS PRIME B860M-A-CSM STCOM,,226850,131몰,
74255084,ASUS PRIME B860M-K-CSM STCOM,,185870,63몰,
74255114,ASUS PRIME B860-PLUS-CSM STCOM,,289800,15몰,
74255120,ASUS PRIME B860-PLUS WIFI-CSM STCOM,,293850,121몰,
74255204,ASUS PRIME B860M-A WIFI-CSM 인텍앤컴퍼니,,207600,79몰,
74255321,ASUS PRIME B860M-A-CSM 인텍앤컴퍼니,,178990,142몰,
74255378,ASUS TUF Gaming B860-PLUS WIFI 인텍앤컴퍼니,,281270,13몰,
74255381,GIGABYTE B860 AORUS ELITE WIFI7 ICE 피씨디렉트,,276900,158몰,
74255384,GIGABYTE B860M AORUS ELITE 피씨디렉트,,215260,153몰,
74255387,GIGABYTE B860M AORUS ELITE WIFI6E ICE 피씨디렉트,,248100,179몰,
74255390,GIGABYTE B860M AORUS ELITE WIFI6E 피씨디렉트,,244430,136몰,
74255393,GIGABYTE B860M DS3H 피씨디렉트,,170220,168몰,
74336033,ASUS PRIME H810M-A STCOM,,125270,133몰,
74336102,ASUS PRIME H810M-A-CSM STCOM,,140180,128몰,
74336888,ASUS PRIME H810M-A WIFI STCOM,,153970,120몰,
74336894,ASUS PRIME H810M-A WIFI-CSM STCOM,,157970,131몰,
74337680,ASUS PRIME B860M-A-CSM 코잇,,178050,169몰,
74338115,ASUS ROG STRIX B860-G GAMING WIFI 코잇,,279990,181몰,
74339975,MSI PRO B860M-A WIFI,,208990,13몰,
74340266,MSI MAG B860M 박격포 WIFI,,265000,228몰,
74340455,MSI MAG B860 토마호크 WIFI,,285980,185몰,
74340596,ASRock B850 Pro RS WiFi 디앤디컴,,250790,110몰,
74340710,ASRock B850 스틸레전드 WiFi 디앤디컴,,278920,150몰,
74341163,ASRock B850M Pro-A 에즈윈,,165030,137몰,
74341325,ASRock B850M Pro-A WiFi 에즈윈,,191360,128몰,
74341418,ASRock B850M 스틸레전드 WiFi 에즈윈,,235400,136몰,
74341610,ASRock B850 Pro-A 디앤디컴,,211270,155몰,
74341787,ASRock B850M-X 디앤디컴,,147390,114몰,
74415038,ASRock B860M Pro RS WiFi 에즈윈,,211670,106몰,
74415482,ASRock B860 Pro RS 에즈윈,,251600,140몰,
74415509,ASRock B860 Pro RS WiFi 에즈윈,,261110,147몰,
74422025,ASRock B860M Pro RS 디앤디컴,,206860,106몰,
74491244,ASUS PRIME B840M-A-CSM 인텍앤컴퍼니,,144240,130몰,
74491250,ASUS TUF Gaming B850M-PLUS WIFI 인텍앤컴퍼니,,275650,7몰,
74491295,ASRock B860I WiFi 에즈윈,,282100,134몰,
74814188,ASUS TUF Gaming X870-PLUS WIFI 인텍앤컴퍼니,,334370,112몰,
74814341,MSI MAG B850 토마호크 맥스 WIFI,,325000,206몰,
74814380,MSI MPG B850 엣지 TI WIFI,,365000,176몰,
74885192,ASRock H810M-X 에즈윈,,128300,129몰,
74999933,ASRock B850 Pro-A 에즈윈,,220010,121몰,
75536555,ASUS B860M AYW GAMING WIFI 인텍앤컴퍼니,,174490,158몰,
75538394,ASRock B850M Pro RS 대원씨티에스,,196980,132몰,
75538472,MSI MPG X870E 엣지 TI WIFI,,495000,177몰,
75600170,GIGABYTE X870E AORUS PRO 제이씨현,,393900,3몰,
75600842,ASRock B850M Pro RS 디앤디컴,,198440,155몰,
75600851,ASRock B850M Pro RS WiFi 디앤디컴,,207990,27몰,
75724184,ASRock B850M Pro-A 디앤디컴,,159800,161몰,
75857021,MSI MAG X870E 토마호크 WIFI,,449730,215몰,
75935651,ASRock B860 Pro RS WiFi 디앤디컴,,236000,103몰,
75935675,ASRock B860M 스틸레전드 WiFi 디앤디컴,,262910,115몰,
75935729,ASRock B860I WiFi 디앤디컴,,267000,1몰,
75939005,ASRock B850 Pro RS WiFi 대원씨티에스,,251820,87몰,
76463696,ASUS H810M AYW GAMING WIFI STCOM,,155760,82몰,
76463777,ASUS H810M AYW GAMING WIFI-CSM STCOM,,160970,122몰,
76509641,ASRock B650M Pro X3D 에즈윈,,125080,177몰,
76941716,GIGABYTE H810M S2H 제이씨현,,118990,114몰,
76941815,GIGABYTE H810M H 제이씨현,,98220,163몰,
76941983,GIGABYTE H810M K 제이씨현,,106130,103몰,
76942061,GIGABYTE H810M H 피씨디렉트,,112480,144몰,
76942073,GIGABYTE H810M K 피씨디렉트,,102220,157몰,
76942094,GIGABYTE H810M S2H 피씨디렉트,,115920,145몰,
76946525,ASUS ROG STRIX B850-I GAMING WIFI 인텍앤컴퍼니,,376670,85몰,
76948292,MAXSUN e스포츠 B650ITX WIFI ICE 디앤디컴,,182830,112몰,
77083181,ASUS PRIME H810M-A 코잇,,120420,138몰,
77083265,ASUS H810M AYW GAMING WIFI 코잇,,153470,107몰,
77278676,ASRock B850I Lightning WiFi 대원씨티에스,,335210,104몰,
77278937,ASRock B850 스틸레전드 WiFi 에즈윈,,287770,66몰,
77283125,MAXSUN 아이크레프트 Z890 아크틱 디앤디컴,,445970,120몰,
77313929,MAXSUN 챌린저 B760ITX D5 디앤디컴,,184000,1몰,
77382695,ASUS PRO WS Z890-ACE SE STCOM,,857970,21몰,
77460638,NZXT N9 Z890 Black,,711450,67몰,
77460707,NZXT N9 Z890 White,,639900,68몰,
77460818,GIGABYTE B850M DS3H ICE 제이씨현,,164270,204몰,
77460890,ASUS ROG STRIX B850-E GAMING WIFI 인텍앤컴퍼니,,547290,9몰,
77460911,ASUS TUF Gaming B850-PLUS WIFI 인텍앤컴퍼니,,310070,108몰,
77460956,ASUS ROG CROSSHAIR X870E HERO 인텍앤컴퍼니,,953870,14몰,
77618858,ASUS ROG STRIX B850-E GAMING WIFI STCOM,,510840,145몰,
77620880,GIGABYTE B850M DS3H ICE 피씨디렉트,,154090,196몰,
77704688,ASRock B850M 스틸레전드 WiFi 대원씨티에스,,234990,114몰,
77705072,ASRock B850M Riptide WiFi 대원씨티에스,,247020,126몰,
77706647,ASRock B650M Pro X3D 대원씨티에스,,130740,157몰,
77706989,ASRock A520M-HVS 대원씨티에스,,52730,143몰,
77786621,ASRock B650M Pro X3D WiFi 디앤디컴,,173400,114몰,
77786816,ASRock B650M Pro X3D 디앤디컴,,133400,170몰,
77791190,GIGABYTE X870I AORUS PRO ICE 피씨디렉트,,460680,144몰,
77856971,GIGABYTE B850I AORUS PRO 피씨디렉트,,317750,104몰,
78102320,BIOSTAR B850MT-E PRO 제이씨현,,128990,103몰,
78102476,ASRock B850M 스틸레전드 WiFi 디앤디컴,,219420,163몰,
78307739,ASRock H810M-X 디앤디컴,,116450,141몰,
78312209,ASRock H810M-X 디앤디컴 (벌크),,114930,97몰,
78843671,GIGABYTE B850M AORUS ELITE WIFI6E 제이씨현,,214630,228몰,
78990293,ASRock B850 Pro-A WiFi 에즈윈,,233480,128몰,
79000790,GIGABYTE B850M AORUS ELITE WIFI6E 피씨디렉트,,222430,176몰,
79397648,MSI MAG B850M 박격포 WIFI,,264010,173몰,
79410761,ASRock B850 Pro-A WiFi 디앤디컴,,210930,122몰,
79553249,ASRock B850M Pro-A WiFi 디앤디컴,,178600,158몰,
79553456,ASRock B850M-X R2.0 디앤디컴,,146170,140몰,
79556738,ASRock B850M-X R2.0 대원씨티에스,,158530,111몰,
82093181,ASRock B850M-X R2.0 에즈윈,,155150,138몰,
82470941,ASRock B860 Pro-A WiFi 에즈윈,,240630,129몰,
89861528,COLORFUL CVN X870 ARK FROZEN V14 STCOM,,340360,49몰,
90271250,GIGABYTE B760M AORUS ELITE GEN5 제이씨현,,174450,150몰,
90502931,GIGABYTE B760M AORUS ELITE GEN5 피씨디렉트,,176230,150몰,
90957212,NZXT N9 X870E Black,,659000,55몰,
90957218,NZXT N9 X870E White,,659000,62몰,
91493696,MSI MAG B850M 박격포,,248940,71몰,
91871951,GIGABYTE B760M DS3H GEN5 제이씨현,,132990,117몰,
91872095,GIGABYTE B760M DS3H GEN5 피씨디렉트,,135840,145몰,
92043230,MAXSUN e스포츠 B850ITX WIFI ICE 디앤디컴,,210790,94몰,
92108180,ASRock A620AM-HVS 대원씨티에스,,100720,108몰,
92149667,ASRock A620AM-HVS 디앤디컴,,90330,140몰,
92360591,ASRock A620AM-HVS 에즈윈,,90740,128몰,
92678384,타무즈 H610M-ID4,,75750,72몰,
92678840,ASUS TUF Gaming B850-BTF WIFI W 인텍앤컴퍼니,,390140,95몰,
92687522,ASUS PRO WS W880-ACE SE STCOM,,795930,84몰,
92971469,ASUS ROG CROSSHAIR X870E APEX STCOM,,947470,126몰,
93018986,ASUS ROG CROSSHAIR X870E EXTREME STCOM,,1470000,108몰,
93019088,ASUS ROG CROSSHAIR X870E APEX 대원씨티에스,,958500,98몰,
93022430,ASUS ROG CROSSHAIR X870E EXTREME 대원씨티에스,,1474790,17몰,
93022751,ASUS PRIME B850M-A-CSM 대원씨티에스,,190680,102몰,
93071258,ASUS B850M MAX GAMING WIFI 대원씨티에스,,182560,123몰,
93073223,GIGABYTE X870 AORUS STEALTH ICE 제이씨현,,444790,96몰,
93073367,GIGABYTE X870 AORUS STEALTH ICE 피씨디렉트,,445650,121몰,
93382583,ASRock B550M Phantom Gaming 4 + WiFi6E 랜카드 패키지 디앤디컴,,136530,76몰,
93442604,GIGABYTE B850 AORUS STEALTH ICE 피씨디렉트,,378220,120몰,
93500939,GIGABYTE B850 AORUS STEALTH ICE 제이씨현,,379000,16몰,
93502442,MSI PRO B850M-A WIFI,,182800,193몰,
93703418,ASUS TUF Gaming B650EM-E WIFI 대원씨티에스,,200650,3몰,
93803822,ASRock B850M Pro RS WiFi WHITE 디앤디컴,,200580,128몰,
93804581,ASRock B850M Pro Plus WiFi 디앤디컴,,212110,138몰,
94028396,ASRock B850M Pro RS WiFi WHITE 대원씨티에스,,198030,106몰,
94129904,COLORFUL BATTLE-AX B850M-PLUS PRO WIFI V14 STCOM,,178580,53몰,
94815752,ASUS ROG STRIX B850-G GAMING WIFI 대원씨티에스,,349000,2몰,
94888226,GIGABYTE B760M D2HX LITE SI GEN5 피씨디렉트 (벌크),,98180,118몰,
95200499,GIGABYTE B850M FORCE 피씨디렉트,,150070,154몰,
95280263,GIGABYTE B850M FORCE 제이씨현,,147300,184몰,
95420366,ASUS B850M MAX GAMING WIFI STCOM,,187970,139몰,
95420465,ASUS ROG STRIX B850-G GAMING WIFI STCOM,,369820,108몰,
95421218,ASUS TUF Gaming B650EM-E WIFI STCOM,,207000,1몰,
95930900,BIOSTAR B850MT2-E DJ 제이씨현,,99000,121몰,
95988443,ASUS TUF Gaming B850M-E WIFI STCOM,,252980,140몰,
95988578,ASUS TUF Gaming B850M-PLUS II STCOM,,243620,176몰,
95988710,ASUS TUF Gaming B850M-PLUS WIFI7 STCOM,,260660,186몰,
95988944,ASUS TUF Gaming B850M-PLUS WIFI7 W STCOM,,268760,190몰,
96656717,ASUS TUF Gaming B850-BTF WIFI W STCOM,,401410,115몰,
96776582,ASRock H610M-H2/M.2 D5 에즈윈,,70020,140몰,
97118543,ASUS TUF Gaming B850M-PLUS WIFI7 대원씨티에스,,261100,167몰,
97119116,ASUS TUF Gaming B850M-PLUS II 대원씨티에스,,233490,155몰,
97119959,ASUS PRIME B650EM-A 대원씨티에스,,143990,5몰,
97120361,ASUS TUF Gaming B850M-PLUS WIFI7 W 대원씨티에스,,271820,162몰,
97121303,ASUS TUF Gaming B850M-E WIFI 대원씨티에스,,240360,137몰,
97121510,MSI MPG B850I 엣지 TI WIFI,,375000,153몰,
97121798,MSI PRO H810M-B,,126140,180몰,
97475957,ASUS TUF Gaming X870E-PLUS WIFI7 STCOM,,417880,130몰,
97476215,ASUS ROG STRIX X870E-H GAMING WIFI7 STCOM,,568970,109몰,
97476398,ASUS ROG CROSSHAIR X870E HERO BTF STCOM,,1097070,112몰,
97565858,ASRock A620AI WiFi 대원씨티에스,,226600,102몰,
97702355,ASRock B850 Challenger WiFi 7 White 대원씨티에스,,249350,95몰,
97837412,MSI PRO H610M-E DDR5,,90980,162몰,
97903310,BIOSTAR A620MS-E 제이씨현,,76000,106몰,
98227940,GIGABYTE X870E AORUS MASTER X3D ICE 제이씨현,,833430,77몰,
98229074,GIGABYTE X870E AORUS PRO X3D ICE 제이씨현,,599860,135몰,
98415419,ASRock B860M Pro-A 에즈윈,,171550,107몰,
98543660,GIGABYTE X870E AORUS PRO X3D ICE 피씨디렉트,,594950,152몰,
98544692,MSI PRO B850M-P,,176340,175몰,
98613731,GIGABYTE X870E AORUS MASTER X3D ICE 피씨디렉트,,792310,78몰,
98925365,ASRock X870 Pro-A WiFi 대원씨티에스,,296790,101몰,
99054896,ASRock B850 Challenger WiFi 7 White 디앤디컴,,241530,110몰,
99288923,ASUS TUF Gaming X870E-PLUS WIFI7 대원씨티에스,,402230,88몰,
99714806,ASRock B760M-X Gen5 에즈윈 (벌크),,123900,92몰,
99714851,ASRock H610M-HDV/M.2 D5 Gen5 에즈윈,,98590,122몰,
99746582,GIGABYTE B850 EAGLE ICE 제이씨현,,224890,123몰,
99746822,GIGABYTE B850M AORUS ELITE WIFI7 ICE-P 제이씨현,,315000,4몰,
99893756,ASUS TUF Gaming B650EM-E WIFI 인텍앤컴퍼니,,199000,2몰,
99894263,ASUS TUF Gaming B850M-PLUS WIFI7 인텍앤컴퍼니,,265880,111몰,
99913676,ASUS PRO WS B850M-ACE SE STCOM,,620830,86몰,
99945386,GIGABYTE B850M AORUS ELITE WIFI7 ICE-P 피씨디렉트,,236500,3몰,
100192175,MSI PRO A620AM-B EVO,,98000,166몰,
100192475,GIGABYTE B850 EAGLE ICE 피씨디렉트,,220090,118몰,
100383200,ASRock B850 Challenger WiFi 7 White 에즈윈,,266650,120몰,
100691990,ASUS PRIME H810M-E 코잇,,113170,107몰,
101069660,ASRock H610M-X D5 Gen5 디앤디컴,,112170,125몰,
101069831,ASRock H610M-HDV/M.2 D5 Gen5 디앤디컴,,95440,126몰,
101184890,ASUS PRIME B850M-A-CSM 인텍앤컴퍼니,,194060,85몰,
101184935,ASUS TUF Gaming B850M-PLUS WIFI7 W 인텍앤컴퍼니,,269950,112몰,
101956625,액슬 MBAIH310 R2 에즈윈,,96260,2몰,
102004853,ASUS PRIME B650EM-A 인텍앤컴퍼니,,158990,4몰,
102004859,MAXSUN 챌린저 H810M 2.5G 디앤디컴,,125370,95몰,
102004862,MAXSUN 챌린저 H810ITX WIFI 디앤디컴,,197880,84몰,
102412694,ASRock B860M-X Gen5 디앤디컴,,161330,113몰,
102412697,ASRock B860M Pro-A 디앤디컴,,169230,106몰,
102553601,GIGABYTE B650EM DS3H WIFI6E 피씨디렉트,,160380,1몰,
103130498,MAXSUN 챌린저 H810M-F 디앤디컴,,93310,78몰,
103183034,ASUS TUF Gaming X870E-PLUS WIFI7 인텍앤컴퍼니,,418990,9몰,
103187819,ASRock H610TM-ITX 에즈윈 (벌크),,167830,91몰,
103188215,ASUS TUF Gaming B850M-PLUS II 인텍앤컴퍼니,,240370,113몰,
103188218,ASUS B850M MAX GAMING WIFI 인텍앤컴퍼니,,180030,111몰,
103415765,ASRock B860M-X Gen5 에즈윈 (벌크),,144270,93몰,
103452395,MAXSUN e스포츠 B850M WIFI ICE 디앤디컴,,138640,85몰,
103694657,BIOSTAR H610MT-E D5 제이씨현,,82730,107몰,
103750595,ASRock X870 Taichi Creator 대원씨티에스,,597000,11몰,
103877579,ASRock H810TM-ITX 에즈윈 (벌크),어댑터 미포함,178610,48몰,
104325440,MSI MAG X870E 토마호크 맥스 WIFI PZ,,526480,139몰,
104554913,ASUS ROG CROSSHAIR X870E DARK HERO STCOM,,1151060,88몰,
104616128,ASUS PRIME H810M-K 인텍앤컴퍼니,,94330,111몰,
104966219,ASRock H810M-X Gen5 에즈윈,,131000,108몰,
104966246,ASRock B860M-X Gen5 에즈윈,,164780,105몰,
104966306,GIGABYTE X870 AORUS STEALTH 피씨디렉트,,447180,111몰,
104966336,GIGABYTE B850 AORUS STEALTH 피씨디렉트,,378180,101몰,
104989463,ASUS ROG CROSSHAIR X870E DARK HERO 대원씨티에스,,1062420,111몰,
104989499,ASUS PRIME H810M-K STCOM,,123870,103몰,
105184787,ASRock H810M-X Gen5 인텍앤컴퍼니,,133990,72몰,
105813494,GIGABYTE B760M AORUS ELITE D4 GEN5 피씨디렉트,,172910,110몰,
105817802,GIGABYTE B760M AORUS ELITE D4 GEN5 제이씨현,,177480,115몰,
105968849,ASUS PRIME B550M-K ARGB 대원씨티에스,,108170,84몰,
105968858,ASUS PRIME B550M-K ARGB STCOM,,114380,111몰,
105968915,GIGABYTE B760M DS3H WIFI6E D4 GEN5 피씨디렉트,,145220,135몰,
105969083,ASRock H810M-HDVP 디앤디컴,,130000,111몰,
106044725,GIGABYTE B760M DS3H D4 GEN5 제이씨현,,130620,137몰,
106045001,GIGABYTE H810M H GEN5 피씨디렉트,,112740,104몰,
106045718,GIGABYTE H810M K GEN5 피씨디렉트,,102210,127몰,
106047329,GIGABYTE B760M DS3H WIFI6E D4 GEN5 제이씨현,,155120,128몰,
106220351,ASRock H810M-P Gen5 에즈윈,,94050,109몰,
106454201,GIGABYTE H810M D2HX SI GEN5 제이씨현,,115530,125몰,
106465508,GIGABYTE A620M H 피씨디렉트,,96110,99몰,
106689341,ASRock H810M-P Gen5 디앤디컴,,98980,114몰,
106689353,ASRock H810M-X Gen5 디앤디컴,,129690,107몰,
106695713,GIGABYTE B850M AORUS PRO WIFI7 피씨디렉트,,252800,124몰,
106703318,ASUS PRIME A620AM-K 대원씨티에스,,109750,98몰,
106703432,ASUS PRIME A620AM-A 대원씨티에스,,109000,81몰,
106704263,GIGABYTE B850M FORCE V2 피씨디렉트,,150570,97몰,
106709246,ASRock H810M-P Gen5 + WiFi6E 랜카드 패키지 디앤디컴,,128750,88몰,
106710032,ASRock H810M-X Gen5 + WiFi6E 랜카드 패키지 디앤디컴,,156690,86몰,
106717493,ASRock B850 Rock WiFi 7 에즈윈,,228750,99몰,
106717577,ASRock B850M Rock WiFi 에즈윈,,189050,103몰,
106727312,GIGABYTE B850M AORUS PRO WIFI7 제이씨현,,250870,128몰,
106728191,ASRock B860M Rock WiFi 에즈윈,,190620,99몰,
106729391,ASRock H810M-X Gen5 + WiFi7 랜카드 패키지 디앤디컴,,177490,89몰,
106729403,ASRock H810M-P Gen5 + WiFi7 랜카드 패키지 디앤디컴,,149410,89몰,
106735550,GIGABYTE H810M D2HX SI GEN5 피씨디렉트,,115330,94몰,
106746452,ASUS TUF Gaming X870-PRO WIFI7 W NEO 대원씨티에스,,391700,79몰,
106749107,ASRock B760M Pro-A/D4 디앤디컴,,128900,108몰,
106764977,GIGABYTE X870E AORUS ELITE X3D 피씨디렉트,,416850,121몰,
106765016,GIGABYTE X870E AORUS ELITE X3D ICE 피씨디렉트,,416870,132몰,
106767464,GIGABYTE X870E AORUS ELITE X3D ICE 제이씨현,,418960,159몰,
106784549,COLORFUL BATTLE-AX B850M-T WIFI V14 도우정보,,165000,92몰,
106784699,COLORFUL BATTLE-AX B650M-E PRO V14 도우정보,,116000,101몰,
106785044,COLORFUL BATTLE-AX A520M-K M.2 V14 도우정보,,68000,99몰,
106785122,COLORFUL BATTLE-AX B760M-D PRO D4 V20 도우정보,,125000,101몰,
106785227,COLORFUL H610M-D V20A 도우정보,,75000,89몰,
107768525,ASRock B850M Challenger WiFi 7 White 디앤디컴,,224640,110몰,
107956478,ASRock B850M Challenger WiFi 7 White 대원씨티에스,,239330,100몰,
107958404,ASRock B850 Rock WiFi 7 대원씨티에스,,230390,93몰,
107960645,ASRock B850M Rock WiFi 대원씨티에스,,178230,99몰,
107989658,GIGABYTE X870E AORUS ELITE X3D 제이씨현,,419150,148몰,
108167225,ASUS PRIME H810M-X 2.5G Gen5 코잇,,118340,82몰,
108227489,GIGABYTE B850 AORUS STEALTH 제이씨현,,378990,16몰,
108227564,GIGABYTE X870 AORUS STEALTH 제이씨현,,444570,83몰,
108352127,ASRock H810TM-ITX 에즈윈 (벌크),120W 어댑터 포함,218990,3몰,
108352133,ASRock H810TM-ITX 에즈윈 (벌크),180W 어댑터 포함,228990,3몰,
108398135,ASRock B550M Pro-A 대원씨티에스,,107900,55몰,
108401528,GIGABYTE H810M K GEN5 제이씨현,,101030,147몰,
108411866,BIOSTAR A520MSP 제이씨현,,61980,32몰,
109483313,ASRock B760M Pro-A/D4 에즈윈,,129200,70몰,
109597367,GIGABYTE B760M DS3H D4 GEN5 피씨디렉트,,131630,99몰,
109680482,GIGABYTE Z890 AORUS ELITE DUO X 피씨디렉트,,423100,112몰,
122616566,MAXSUN 아이크레프트 Z890 퍼시픽 디앤디컴,,449990,62몰,
122617802,GIGABYTE Z890 AORUS ELITE WIFI7 PLUS 피씨디렉트,,342670,111몰,
122617854,GIGABYTE Z890M AORUS ELITE WIFI7 ICE 피씨디렉트,,319670,109몰,
122617914,GIGABYTE Z890M AORUS ELITE WIFI7 피씨디렉트,,300920,111몰,
122618006,GIGABYTE Z890 AORUS ELITE DUO X 제이씨현,,445900,109몰,
122618538,ASRock B550M Pro RS + WiFi7 랜카드 패키지 디앤디컴,,173430,73몰,
122618900,GIGABYTE Z890 AORUS ELITE WIFI7 PLUS 제이씨현,,341710,122몰,
122621357,ASUS TUF Gaming X870-PRO WIFI7 W NEO STCOM,,406390,113몰,
122621970,ASUS PRO WS W890E-SAGE SE STCOM,,2430000,80몰,
122636609,MSI MAG B860M 박격포,,243020,138몰,
122637313,MSI PRO B760M-E DDR4,,117490,133몰,
122637941,ASUS ROG STRIX B850-F GAMING WIFI7 NEO STCOM,,432370,85몰,
122639563,MSI B850M 게이밍 플러스 WIFI6E,,204400,150몰,
122641599,ASUS ProArt B850-CREATOR WIFI NEO 대원씨티에스,,367230,62몰,
122642236,ASUS ROG STRIX B850-F GAMING WIFI7 NEO 대원씨티에스,,425320,89몰,
122642347,ASRock B860 Rock WiFi7 인텍앤컴퍼니,,221520,66몰,
122643555,ASUS PRIME A520M-K 인텍앤컴퍼니,,60350,89몰,
122662050,GIGABYTE X870E AERO X3D DARK WOOD 제이씨현,,559870,104몰,
122663533,ASUS ProArt B850-CREATOR WIFI NEO 인텍앤컴퍼니,,368610,18몰,
122663559,ASUS ROG STRIX B850-F GAMING WIFI7 NEO 인텍앤컴퍼니,,446130,7몰,
122663659,ASUS ROG STRIX X870E-A GAMING WIFI7 NEO 인텍앤컴퍼니,,663140,61몰,
122663671,ASUS TUF Gaming B850-PRO WIFI7 W NEO 인텍앤컴퍼니,,328400,68몰,
122663744,ASRock H810M-X Gen5 에즈윈 (벌크),,128660,64몰,
122669173,GIGABYTE B860M GAMING X 피씨디렉트,,180740,108몰,
122670765,ASUS ROG STRIX B850-A GAMING WIFI7 NEO STCOM,,399140,90몰,
122670803,ASUS ProArt B850-CREATOR WIFI NEO STCOM,,379000,11몰,
122670820,ASUS TUF Gaming B850-PRO WIFI7 W NEO STCOM,,337570,98몰,
122675438,MSI PRO H810M-E,,116570,119몰,
122676874,GIGABYTE B860M GAMING X 제이씨현,,181590,117몰,
122676913,ASUS ROG STRIX X870E-A GAMING WIFI7 NEO STCOM,,687270,97몰,
122681102,GIGABYTE X870E AERO X3D DARK WOOD 피씨디렉트,,562110,109몰,
122684807,ASUS ROG STRIX X870E-E GAMING WIFI7 NEO STCOM,,910980,97몰,
122687782,GIGABYTE H810M S2H GEN5 제이씨현,,114850,106몰,
122690875,ASUS ROG CROSSHAIR 2006 STCOM,,1244960,80몰,
122694530,GIGABYTE B850M GAMING X WIFI6E 피씨디렉트,,190160,93몰,
122694851,ASRock Z890 Pro RS WiFi 디앤디컴,,308180,87몰,
122694855,ASRock B860M Rock WiFi 디앤디컴,,180300,88몰,
122694865,ASRock B850M Rock WiFi 디앤디컴,,190780,61몰,
122694871,ASRock B850 Rock WiFi 7 디앤디컴,,231890,74몰,
122697197,GIGABYTE B850M GAMING X WIFI6E 제이씨현,,188070,148몰,
122697250,ASRock B650M PRO-A Gen5 디앤디컴,,128900,85몰,
122699665,GIGABYTE B850M FORCE V2 제이씨현,,139000,121몰,
122705643,ASUS ROG CROSSHAIR 2006 인텍앤컴퍼니,,1189050,55몰,
122710775,GIGABYTE B850M AORUS STEALTH ICE 피씨디렉트,,280970,92몰,
122710792,GIGABYTE B850M AORUS STEALTH 피씨디렉트,,281000,91몰,
122711070,GIGABYTE B850M AORUS STEALTH ICE 제이씨현,,298790,90몰,
122711072,GIGABYTE B850M AORUS STEALTH 제이씨현,,278750,102몰,
122718466,GIGABYTE B850 AORUS ELITE X3D 피씨디렉트,,310280,104몰,
122721897,ASUS PRIME A520M-K ARGB 대원씨티에스,,66400,71몰,
122726156,GIGABYTE B850 AORUS ELITE X3D 제이씨현,,317980,90몰,
122726205,ASRock B860M Challenger WiFi 7 White 디앤디컴,,250780,72몰,
122726258,ASRock B550M Pro-A 디앤디컴,,115930,69몰,
122726583,GIGABYTE X870 AORUS INFINITY 피씨디렉트,,1022690,99몰,
122728388,GIGABYTE X870 AORUS INFINITY 제이씨현,,1064510,60몰,
122829100,ASRock B550M Pro-A + WiFi6E 랜카드 패키지 디앤디컴,,142070,55몰,
122829806,GIGABYTE X870E AERO X3D WOOD 피씨디렉트,,562080,100몰,
122930700,ASUS ROG STRIX X870-I GAMING WIFI 인텍앤컴퍼니,,520000,1몰,
123668879,MSI PRO B860M-A WIFI6E,,204400,125몰,
124011856,MSI MAG X870E 토마호크 맥스 WIFI,,472990,100몰,
124011866,MSI MAG Z890 토마호크 WIFI II,,472990,97몰,
124056572,ASRock X870E Taichi WHITE 디앤디컴,,802450,67몰,
124075601,COLORFUL BATTLE-AX B850M-PLUS S WIFI7 V14 도우정보,,191020,81몰,
124076275,COLORFUL CVN X870E ARK FROZEN V14 도우정보,,355530,82몰,
124087254,MAXSUN 챌린저 B460M-D 디앤디컴,,101360,50몰,
124088229,GIGABYTE B850 AORUS ELITE-P ICE 제이씨현,,319020,103몰,
124130429,GIGABYTE B850 AORUS ELITE-P ICE 피씨디렉트,,319700,64몰,
124183390,ASRock B650M PRO-A Gen5 + WiFi7 모듈 패키지 디앤디컴,,182790,42몰,
124183411,ASRock B650M PRO-A Gen5 + WiFi6E 모듈 패키지 디앤디컴,,164010,42몰,
124298817,GIGABYTE B550M X AORUS ELITE 피씨디렉트,,143990,50몰,
124335598,MSI MPG X870E 카본 맥스 WIFI,,691490,62몰,
124335753,MSI MEG X870E 에이스 맥스,,868980,34몰,
