Id,Name,Type,Price,Mall,2026-10-01 13:34:41
1928673,마이크로닉스 Classic II 500W 80PLUS 230V EU,,59000,2몰,
1928750,마이크로닉스 Classic II 600W 80PLUS 230V EU,,61840,6몰,
1966330,마이크로닉스 Classic II 700W 80PLUS 230V EU,,81750,10몰,
2310854,AONE TFX 450P,,23680,23몰,
2451400,AONE 태왕 EP600L KC,,22050,70몰,
2459011,AONE 500P KC,,23490,112몰,
2509283,AONE 태왕 EP600 KC,,26490,61몰,
2511691,AONE 태왕 TFX-450T KC,,21500,64몰,
2615457,AONE Micro 450P-KC,,21500,43몰,
2716389,마이크로닉스 Compact SFX 300W 80PLUS브론즈,,62500,145몰,
2717067,마이크로닉스 Compact SFX 350W 80PLUS브론즈,,73000,144몰,
2932261,AONE 600T KC,,32260,97몰,
2935745,AONE MICRO 500P KC,,23990,118몰,
2944698,AONE TFX-500P KC,,29750,110몰,
2950192,AONE Micro 450P-KC 벌크,,19000,40몰,
3099460,AONE TFX-450P KC,,23630,113몰,
3182134,에너지옵티머스 Mach III 500K v2.3,,32990,87몰,
3188023,에너지옵티머스 Mach III 600K v2.3,,37940,97몰,
3353742,SuperFlower SF-2000F14HP LEADEX PLATINUM,,665000,139몰,
4186794,마이크로닉스 ZERO POWER 500W,,45900,95몰,
4801762,AONE STORM 500LF 더블포워드 V2.3,,30990,113몰,
4879239,AONE STORM 500LF 더블포워드 V2.3 벌크,,30490,91몰,
4909686,잘만 ZM750-ARX 80PLUS플래티넘,,179000,8몰,
4909709,잘만 ZM850-ARX 80PLUS플래티넘,,189100,126몰,
5045425,마이크로닉스 Performance II PV 600W 80PLUS브론즈 Surge 4K,,98000,24몰,
5405967,마이크로닉스 ZERO PLUS 600W Active PFC,,58470,113몰,
5467243,마이크로닉스 ZERO PLUS 500W Active PFC,,48270,113몰,
5518039,마이크로닉스 ZERO POWER 600W 벌크,,16000,1몰,
5524355,CORSAIR RM850x 화이트 80PLUS골드,,197000,1몰,
5973034,EVGA 750 GQ 80PLUS골드,,102000,8몰,
6216861,잘만 EcoMax 500W,,35830,181몰,
6216877,잘만 EcoMax 600W,,41200,190몰,
6324846,마이크로닉스 Compact SFX 450W 80PLUS브론즈,,97900,145몰,
6426892,마이크로닉스 Compact SFX 400W 80PLUS브론즈,,85000,171몰,
6461849,마이크로닉스 ASTRO PLATINUM 850W 풀모듈러,,165000,141몰,
6461871,마이크로닉스 ASTRO PLATINUM 1050W 풀모듈러,,232860,123몰,
6537151,마이크로닉스 Performance II PV RGB Sync 600W 80PLUS브론즈,,98000,148몰,
7110289,CORSAIR SF750 80PLUS플래티넘,,239000,1몰,
7259221,쿨러마스터 GOLD V650 풀모듈러,,128990,82몰,
7259731,쿨러마스터 PLATINUM V850 풀모듈러,,272090,60몰,
7259851,쿨러마스터 PLATINUM V1000 풀모듈러,,324560,61몰,
7259989,쿨러마스터 PLATINUM V1300 풀모듈러,,392450,67몰,
8431077,마이크로닉스 Classic II 800W 80PLUS 230V EU,,59000,11몰,
9343239,SuperFlower SF-750F14HT LEADEX TITANIUM,,328150,134몰,
9343278,SuperFlower SF-850F14HT LEADEX TITANIUM,,376010,149몰,
9431322,AONE STORM 500W 80PLUS브론즈,,47490,108몰,
9431340,AONE STORM 500W 80PLUS브론즈 벌크,,41000,103몰,
9431433,AONE STORM 600W 80PLUS브론즈,,48000,116몰,
9431529,AONE STORM 700W 80PLUS브론즈,,55490,120몰,
9431586,AONE STORM 700K 80PLUS브론즈 벌크,,53990,104몰,
9431634,AONE STORM 800W 80PLUS브론즈,,63490,88몰,
9515844,시소닉 FOCUS GOLD GX-850 풀모듈러,,248000,1몰,
9782097,시소닉 FOCUS GOLD GM-750 모듈러,,200000,1몰,
9789456,AONE STORM 600LF 벌크,,34990,124몰,
9839922,에너지옵티머스 EXTREME 700W 벌크,,44920,70몰,
9978645,AONE STORM 500LF 벌크,,30990,113몰,
10054539,마이크로닉스 Performance II HV 850W 80PLUS브론즈 FDB,,155800,149몰,
10054617,마이크로닉스 Performance II HV 1000W 80PLUS브론즈 FDB,,199000,146몰,
10174137,잘만 MegaMax 500W 80PLUS스탠다드,,44830,146몰,
10174200,잘만 MegaMax 600W 80PLUS스탠다드,,49840,240몰,
10174248,잘만 MegaMax 700W 80PLUS스탠다드,,58390,197몰,
10373682,AONE STORM 500LF,,33000,104몰,
10373727,AONE STORM 600LF,,37000,128몰,
10448835,시소닉 FOCUS GOLD GM-850 모듈러,,300000,1몰,
10557825,마이크로닉스 Performance II PV 500W 80PLUS브론즈 FDB,,89000,130몰,
10557888,마이크로닉스 Performance II PV 600W 80PLUS브론즈 FDB,,114000,139몰,
10557909,마이크로닉스 Performance II PV 700W 80PLUS브론즈 FDB,,135000,143몰,
10901664,마이크로닉스 Classic II 650W 80PLUS브론즈 230V EU HDB 핑크,,79570,3몰,
10901742,마이크로닉스 Classic II 750W 80PLUS브론즈 230V EU HDB 핑크,,77000,65몰,
11412288,AONE STORM 600W 80PLUS브론즈 벌크,,45990,94몰,
12023939,잘만 Wattbit II 500W,,37140,125몰,
12023981,잘만 Wattbit II 600W,,43290,120몰,
12235604,쿨러마스터 GOLD V750 V2 화이트 풀모듈러,,150650,68몰,
12461447,잘만 Tager GAMING 600W 벌크,,42490,6몰,
12583295,AONE STORM 700W 80PLUS브론즈 벌크,,50980,100몰,
12690218,3RSYS AK 500S 80PLUS스탠다드 230V EU,,45000,29몰,
12690239,3RSYS AK 600S 80PLUS스탠다드 230V EU,,52000,26몰,
12690251,3RSYS AK 700S 80PLUS스탠다드 230V EU,,59000,21몰,
12838997,3RSYS AK 800S 80PLUS스탠다드 230V EU,,67000,33몰,
13168653,MSI MPG A1000G 80PLUS골드 풀모듈러 ATX3.1,,199000,22몰,
13934357,마이크로닉스 Classic II 풀체인지 700W 80PLUS브론즈 230V EU,,81740,13몰,
14209529,쿨러마스터 G800 GOLD,,94000,5몰,
14757272,EVGA SUPERNOVA 2000G+ 80PLUS골드,,564720,1몰,
14759639,AONE 500S KC (벌크),,14890,107몰,
14998259,잘만 EcoMax 700W,,46900,182몰,
15429287,Antec NeoECO 850W 화이트 80PLUS골드 풀모듈러,,217000,2몰,
15779807,에너지옵티머스 Mach III 500K v2.3 벌크,,33000,83몰,
15779888,에너지옵티머스 Mach III 600K v2.3 벌크,,38490,98몰,
15786305,잘만 MegaMax 800W 80PLUS스탠다드,,63590,204몰,
16000562,마이크로닉스 ASTRO GD 650W 80PLUS골드 풀모듈러 FDB 화이트,,114430,6몰,
16014875,ASUS ROG THOR 1000P2,,468030,100몰,
16142033,에너지옵티머스 EOP-1800,,116200,3몰,
16142261,에너지옵티머스 Mach III 350K 벌크,,25880,79몰,
16142312,에너지옵티머스 S500 PRO 벌크,,15790,86몰,
16505159,에너지옵티머스 EOP-2400,,170050,4몰,
16566995,마이크로닉스 COOLMAX VISION II 500W,,39590,193몰,
16567067,마이크로닉스 COOLMAX VISION II 600W,,49900,174몰,
16567166,마이크로닉스 COOLMAX VISION II 700W,,60000,172몰,
16567229,마이크로닉스 COOLMAX VISION II 800W,,56640,49몰,
17052830,마이크로닉스 COOLMAX FOCUS II 700W ETA BRONZE,,72500,13몰,
17052878,마이크로닉스 COOLMAX FOCUS II 800W ETA BRONZE,,82700,19몰,
17121881,잘만 MegaMax ET 500W 80PLUS스탠다드,,47000,7몰,
17122130,잘만 MegaMax ET 600W 80PLUS스탠다드,,49200,27몰,
17122220,잘만 MegaMax ET 700W 80PLUS스탠다드,,53680,202몰,
17337491,앱코 XPERT XP-600N,,34500,98몰,
17337602,앱코 XPERT XP-700N,,38900,99몰,
17455022,CORSAIR HX1500i 2022 80PLUS플래티넘,,686000,2몰,
17499473,COX SECURE SC-600N,,35970,71몰,
17515637,앱코 XPERT XP-500N,,29900,25몰,
17764373,AONE STORM 1000W 80PLUS브론즈 벌크,,74680,78몰,
18087920,시소닉 B12 BRONZE BC-850,,130560,2몰,
18087923,시소닉 B12 BRONZE BM-750 모듈러,,153440,2몰,
18087932,시소닉 B12 BRONZE BM-850 모듈러,,148800,2몰,
18146243,MSI MEG Ai1300P 80PLUS플래티넘 풀모듈러 ATX3.0,,369000,2몰,
18213719,AONE STORM 1000W 80PLUS브론즈,,75990,128몰,
18307220,에너지옵티머스 EXCEL CLASSIC 600W 80PLUS브론즈 230V EU,,48360,90몰,
18307241,에너지옵티머스 EXCEL CLASSIC 700W 80PLUS브론즈 230V EU,,51610,104몰,
18307490,에너지옵티머스 EXCEL CLASSIC 800W 80PLUS브론즈 230V EU,,63820,83몰,
18307766,에너지옵티머스 EXCEL CLASSIC 700W 80PLUS브론즈 230V EU 풀모듈러,,56270,70몰,
18392996,이엠텍 레드빗 CRPS-2000W-1U 80PLUS플래티넘,,683550,79몰,
18429605,쿨러마스터 MWE GOLD 1250-V2 ATX3.0,,195310,91몰,
18442058,MSI MPG A850G 80PLUS골드 풀모듈러 ATX3.1,,149000,19몰,
18503351,맥스엘리트 MAXWELL PRIMO 500W 80PLUS스탠다드 플랫,,44990,16몰,
18503426,맥스엘리트 MAXWELL PRIMO 600W 80PLUS스탠다드 플랫,,48690,89몰,
18503468,맥스엘리트 MAXWELL PRIMO 700W 80PLUS스탠다드 플랫,,54050,101몰,
18564248,잘만 ZM400-TFX 80PLUS스탠다드 230V EU,,53520,109몰,
18579509,이엠텍 레드빗 CRPS BPL,,341310,54몰,
18698087,시소닉 VERTEX GX-1200 GOLD 풀모듈러 ATX3.1,,398490,37몰,
18698168,3RSYS FORCE 600W,,43500,10몰,
18851423,에너지옵티머스 EXCEL II 500W 80PLUS스탠다드 230V EU 벌크,,33950,96몰,
18872015,앱코 SETTLER-II ST-700S 80PLUS스탠다드,,48000,1몰,
18936689,ASUS TUF Gaming 1000W GOLD,,265380,92몰,
18939278,GIGABYTE UD1000GM PG5 80PLUS골드 풀모듈러 ATX3.0 피씨디렉트,,126450,35몰,
19043699,CORSAIR RM1200x SHIFT 80PLUS골드 ATX3.0,,361570,92몰,
19227146,SuperFlower SF-850F14PE LEADEX VI PRO PLATINUM PCIE5,,182490,4몰,
19266176,에너지옵티머스 EXCEL II 700W 80PLUS스탠다드 230V EU,,48080,108몰,
19266209,에너지옵티머스 EXCEL II 700W 80PLUS스탠다드 230V EU 벌크,,46030,97몰,
19281344,에너지옵티머스 EXCEL II 500W 80PLUS스탠다드 230V EU,,36280,111몰,
19529672,CORSAIR RM850x SHIFT 80PLUS골드 ATX3.0,,194360,109몰,
19727942,CORSAIR RM850e ATX3.0,,230130,2몰,
19743569,CORSAIR RM1000x SHIFT 80PLUS골드 ATX3.1,,249690,105몰,
19814000,darkFlash UPMOST 850W 80PLUS골드 풀모듈러 블랙,,145000,83몰,
19814027,darkFlash UPMOST 850W 80PLUS골드 풀모듈러 화이트,,146400,86몰,
19883954,CORSAIR HX1000i ATX3.0,,361570,93몰,
19961018,마이크로닉스 COOLMAX P-850W 80PLUS플래티넘 ATX3.0,,175770,138몰,
19961321,마이크로닉스 COOLMAX P-1050W 80PLUS플래티넘 ATX3.0,,192640,139몰,
19974908,CORSAIR SF1000L ATX3.0,,349000,10몰,
20009693,마이크로닉스 COOLMAX FOCUS II 900W ETA SILVER PCIE5,,92900,18몰,
20010086,마이크로닉스 COOLMAX FOCUS II 700W ETA BRONZE PCIE5.1,,68000,18몰,
20049668,ASUS ROG STRIX 750W GOLD Aura Edition,,186910,108몰,
20057756,SuperFlower SF-1000F14XG LEADEX VII GOLD ATX3.1,,219150,153몰,
20057990,SuperFlower SF-850F14XG LEADEX VII GOLD ATX3.1,,192000,184몰,
20237495,SuperFlower SF-1000F14XG LEADEX VII GOLD 화이트 ATX3.1,,228780,140몰,
20237516,SuperFlower SF-850F14XG LEADEX VII GOLD 화이트 ATX3.1,,201370,149몰,
20275859,SuperFlower SF-1300F14XG LEADEX VII GOLD ATX3.1,,255490,146몰,
20315651,SuperFlower SF-850F14HG LEADEX III GOLD 블랙 PCIE5,,199780,2몰,
20507534,NEWZEN SKULL 1000XM ATX3.0 80PLUS골드,,188990,103몰,
20569127,DEEPCOOL PX1200G 80PLUS골드 풀모듈러 ATX3.0,,318760,96몰,
20615300,SuperFlower SF-1300F14XG LEADEX VII GOLD 화이트 ATX3.1,,263000,163몰,
20628080,마이크로닉스 WIZMAX 750W 80PLUS실버 ATX3.0,,89900,110몰,
20628194,마이크로닉스 WIZMAX 850W 80PLUS실버 ATX3.0,,106400,35몰,
20635220,AONE STORM 700LF,,47470,131몰,
20662217,잘만 TeraMax II 750W 80PLUS골드 풀모듈러 ATX3.1 블랙,,132540,42몰,
20662292,잘만 TeraMax II 750W 80PLUS골드 풀모듈러 ATX3.1 화이트,,146290,94몰,
20663186,잘만 TeraMax II 1200W 80PLUS골드 풀모듈러 ATX3.1 블랙,,173130,65몰,
21193484,시소닉 PRIME TITANIUM TX-1300 풀모듈러 ATX3.0,,957600,2몰,
21206702,MSI MAG A850GL 80PLUS골드 풀모듈러 ATX3.1,,186200,8몰,
21547862,darkFlash UPMOST 1050W 80PLUS골드 풀모듈러 ATX3.0 블랙,,185000,9몰,
21547892,darkFlash UPMOST 1050W 80PLUS골드 풀모듈러 ATX3.0 화이트,,179080,109몰,
21587054,Antec NeoECO 1000W 80PLUS골드 풀모듈러 ATX3.1,,237000,54몰,
21587153,Antec NeoECO 1300W 80PLUS골드 풀모듈러 ATX3.0,,289000,6몰,
21651302,darkFlash SAVEMOST 500W 블랙,,37300,138몰,
21651443,darkFlash SAVEMOST 600W 블랙,,42040,133몰,
21651530,darkFlash SAVEMOST 700W 블랙,,46200,135몰,
21688382,GIGABYTE UD1300GM PG5 80PLUS골드 풀모듈러 ATX3.0 피씨디렉트,,257050,64몰,
23575055,앱코 ULTIMATE GX850 80PLUS골드 풀모듈러 ATX3.0 화이트,,95000,78몰,
23785619,쿨러마스터 V1100 SFX PLATINUM ATX3.0,,344100,84몰,
23792255,쿨러마스터 V1300 SFX PLATINUM ATX3.0,,412700,83몰,
24713456,NEWZEN SKULL 850SM 모듈러 ATX3.0 80PLUS골드,,105720,33몰,
24713753,NEWZEN SKULL 850SM 모듈러 ATX3.0 80PLUS골드 화이트,,115420,33몰,
27527396,Antec NeoECO 1000W 화이트 80PLUS골드 풀모듈러 ATX3.1,,241500,88몰,
27661976,ASUS PRIME 850W GOLD 대원씨티에스,,121100,19몰,
27942059,마이크로닉스 ASTRO II PT 850W 80PLUS플래티넘 풀모듈러 ATX3.0,,189000,152몰,
27942170,마이크로닉스 ASTRO II PT 1000W 80PLUS플래티넘 풀모듈러 ATX3.0,,208050,161몰,
28245617,쿨러마스터 GX III GOLD 850 ATX3.0,,165900,83몰,
28246559,쿨러마스터 MWE GOLD 1050 V2 ATX3.0,,175480,94몰,
28549583,마이크로닉스 COOLMAX FOCUS II 500W ETA BRONZE,,47220,178몰,
28607840,MSI MAG A850GL 화이트 80PLUS골드 풀모듈러 ATX3.1,,146000,146몰,
28803080,be quiet DARK POWER PRO 13 1600W 80PLUS티타늄,,837000,44몰,
29084696,마이크로닉스 CASLON M 850W 80PLUS실버 모듈러 ATX3.0,,116900,13몰,
29340092,darkFlash UPMOST 1250W 80PLUS골드 풀모듈러 ATX3.0 화이트,,204780,110몰,
29615753,잘만 GigaMax III 750W 80PLUS브론즈 모듈러 ATX3.1,,77180,162몰,
29615807,잘만 GigaMax III 850W 80PLUS브론즈 모듈러 ATX3.1,,88340,180몰,
30121301,CORSAIR CX Series CX750,,75220,117몰,
30121373,CORSAIR CX Series CX650,,66850,107몰,
30230108,에너지옵티머스 EXTREME 500W 벌크,,33980,92몰,
30273785,몬스타 가츠 ExtremeX FX800 80PLUS스탠다드,,47980,128몰,
30349685,맥스엘리트 MAXWELL COUNT 850W 80PLUS골드 풀모듈러 ATX3.1,,152070,113몰,
30611999,MSI MAG A600DN 80PLUS스탠다드,,45980,172몰,
30612056,MSI MAG A500DN 80PLUS스탠다드,,43500,39몰,
31262567,쿨러마스터 GX III GOLD 1050 풀모듈러 ATX3.0,,220020,89몰,
31285949,맥스엘리트 MAXWELL DUKE 1000W 80PLUS플래티넘 풀모듈러 ATX3.1,,235000,141몰,
31459229,AcBEL R1CA2801A 800W 80PLUS플래티넘,,273420,53몰,
31996193,잘만 GigaMax III 650W 80PLUS브론즈 모듈러 ATX3.1,,67420,149몰,
32036993,AONE STORM SFX 300LF,,32170,105몰,
32037200,AONE MICRO 600P,,31940,124몰,
32037836,SuperFlower SF-850F14XP LEADEX VII PRO PLATINUM 블랙 ATX3.1,,213890,146몰,
32037950,SuperFlower SF-1000F14XP LEADEX VII PRO PLATINUM 블랙 ATX3.1,,253190,158몰,
32038043,SuperFlower SF-1200F14XP LEADEX VII PRO PLATINUM 블랙 ATX3.1,,283060,170몰,
33059297,GIGABYTE P650G 80PLUS골드 피씨디렉트,,57770,1몰,
33386042,마이크로닉스 ASTRO II PT 1300W 80PLUS플래티넘 풀모듈러 ATX3.1,,293550,8몰,
36835277,CORSAIR HX1200i ATX3.0,,392060,26몰,
39912734,AONE 시그니처 750W 80PLUS브론즈 풀모듈러 베이직 ATX3.1,,65090,134몰,
39912767,AONE 시그니처 850W 80PLUS브론즈 풀모듈러 베이직 ATX3.1,,78000,124몰,
39912800,AONE 시그니처 1000W 80PLUS브론즈 풀모듈러 ATX3.1,,90540,27몰,
39912806,AONE 시그니처 1000W 80PLUS브론즈 풀모듈러 베이직 ATX3.1,,88970,136몰,
42390740,CORSAIR RM1200x SHIFT 80PLUS골드 ATX3.0 화이트,,370960,119몰,
42390800,CORSAIR RM1000x SHIFT 80PLUS골드 ATX3.0 화이트,,277460,117몰,
42861392,MSI MAG A750BN 80PLUS브론즈 PCIE5,,79200,21몰,
42861437,MSI MAG A650BNL 80PLUS브론즈,,59800,165몰,
44906339,마이크로닉스 Classic II 풀체인지 700W 80PLUS브론즈 ATX3.1 화이트,,88900,213몰,
44906423,SilverStone HELA 2050R Platinum ATX3.1 마이크로닉스,,773240,99몰,
46888478,마이크로닉스 Classic II 풀체인지 600W 80PLUS브론즈 ATX3.1 화이트,,68000,210몰,
47487848,마이크로닉스 Classic II 850W 80PLUS골드 풀모듈러 ATX3.1 화이트,,154830,256몰,
47843792,Segotep GM750W 80PLUS골드 풀모듈러 ATX3.1 블랙,,101850,151몰,
47843813,Segotep GM750W 80PLUS골드 풀모듈러 ATX3.1 화이트,,116400,155몰,
47843861,Segotep GM850W 80PLUS골드 풀모듈러 ATX3.1 블랙,,111550,172몰,
47843882,Segotep GM850W 80PLUS골드 풀모듈러 ATX3.1 화이트,,126100,148몰,
47843912,Segotep GM1000W 80PLUS골드 풀모듈러 ATX3.1 블랙,,155000,20몰,
47843963,Segotep GM1000W 80PLUS골드 풀모듈러 ATX3.1 화이트,,169810,138몰,
47844002,Segotep GM1250W 80PLUS골드 풀모듈러 ATX3.1 블랙,,154230,133몰,
47844026,Segotep GM1250W 80PLUS골드 풀모듈러 ATX3.1 화이트,,168780,158몰,
49081385,SuperFlower SF-1000F14XP LEADEX VII PRO PLATINUM 화이트 ATX3.1,,262240,145몰,
49091162,SuperFlower SF-1200F14XP LEADEX VII PRO PLATINUM 화이트 ATX3.1,,294000,162몰,
49601795,잘만 DecaMax 500W 80PLUS스탠다드,,42350,144몰,
49609028,잘만 DecaMax 600W 80PLUS스탠다드,,47490,153몰,
49617173,잘만 DecaMax 700W 80PLUS스탠다드,,51400,164몰,
49642352,마이크로닉스 Classic II 풀체인지 500W 80PLUS브론즈 ATX3.1,,54400,45몰,
49642652,마이크로닉스 Classic II 풀체인지 600W 80PLUS브론즈 ATX3.1,,65500,43몰,
49642700,마이크로닉스 Classic II 풀체인지 700W 80PLUS브론즈 ATX3.1,,86900,64몰,
49642751,마이크로닉스 Classic II 풀체인지 800W 80PLUS브론즈 ATX3.1,,91040,245몰,
49741892,앱코 SETTLER 하이브리드 PCIE5.1 STH-700B ETA BRONZE 블랙,,60000,80몰,
49742012,앱코 SETTLER 하이브리드 PCIE5.1 STH-700B ETA BRONZE 화이트,,65000,75몰,
49742117,앱코 SETTLER 하이브리드 PCIE5.1 STH-800B ETA BRONZE 블랙,,69000,69몰,
49742132,앱코 SETTLER 하이브리드 PCIE5.1 STH-800B ETA BRONZE 화이트,,75000,73몰,
50124029,마이크로닉스 Classic II 풀체인지 800W 80PLUS브론즈 ATX3.1 화이트,,99000,56몰,
51815078,마이크로닉스 Classic II 850W 80PLUS골드 풀모듈러 ATX3.1,,145160,273몰,
51817283,마이크로닉스 COOLMAX FOCUS II 600W ETA BRONZE,,53840,185몰,
54314609,마이크로닉스 Classic II 750W 80PLUS골드 풀모듈러 ATX3.1 화이트,,135900,241몰,
54814346,쿨러마스터 MWE 브론즈 650 V3 230V ATX3.1,,57600,94몰,
54814436,쿨러마스터 MWE 브론즈 550 V3 230V ATX3.1,,50740,92몰,
55457975,에너지옵티머스 EXCEL II 700W 80PLUS스탠다드 230V EU 화이트,,57660,107몰,
55795079,SuperFlower SF-850F14XP LEADEX VII PRO PLATINUM 화이트 ATX3.1,,223900,152몰,
58026038,에너지옵티머스 EXCEL II 700W 80PLUS스탠다드 230V EU 화이트 벌크,,52490,103몰,
58113215,맥스엘리트 MAXWELL DUKE 1000W 80PLUS플래티넘 풀모듈러 ATX3.1 화이트,,233620,92몰,
58113260,맥스엘리트 MAXWELL DUKE 1300W 80PLUS플래티넘 풀모듈러 ATX3.1 화이트,,306030,118몰,
58913891,마이크로닉스 Classic II 750W 80PLUS골드 풀모듈러 ATX3.1,,126110,248몰,
58938893,MSI MAG A1250GL 80PLUS골드 풀모듈러 ATX3.1,,227900,160몰,
59465297,NEWZEN SKULL 750SM 모듈러 ATX3.1 80PLUS골드,,94990,81몰,
59466356,NEWZEN SKULL 750SM 모듈러 ATX3.1 80PLUS골드 화이트,,105720,82몰,
59929793,CORSAIR SF750 ATX3.1,,221510,114몰,
59929925,CORSAIR SF1000 ATX3.1,,318960,116몰,
59930681,CORSAIR SF850 ATX3.1,,261890,99몰,
60148454,SuperFlower SF-750C12FG COMBAT FG 80PLUS골드 ATX3.1,,132390,103몰,
60148511,SuperFlower SF-850C12FG COMBAT FG 80PLUS골드 ATX3.1,,139000,14몰,
60424808,Antec HCG PRO 850W 80PLUS플래티넘 풀모듈러 ATX3.1,,249000,98몰,
60424865,Antec HCG PRO 1000W 80PLUS플래티넘 풀모듈러 ATX3.1,,291880,96몰,
60424910,Antec HCG PRO 1200W 80PLUS플래티넘 풀모듈러 ATX3.1,,339000,3몰,
61842290,몬스타 가츠 MASTERX X850W 80PLUS브론즈 ATX3.1,,62990,87몰,
62174960,시소닉 PRIME PLATINUM PX-2200 풀모듈러 ATX3,,947490,98몰,
62175968,리안리 EDGE 850 80PLUS플래티넘 블랙,,198780,120몰,
62176049,리안리 EDGE 1000 80PLUS플래티넘 화이트,,320290,2몰,
62635214,Antec SF850X 80PLUS골드 SFX 풀모듈러 ATX3.1,,227900,89몰,
62649467,맥스엘리트 MAXWELL COUNT 750W 80PLUS골드 풀모듈러 ATX3.1,,128000,29몰,
62649599,CORSAIR RMx Series RM850x ATX3.1,,172620,103몰,
62649707,CORSAIR RMx Series RM1000x ATX3.1,,223100,109몰,
63029591,마이크로닉스 Classic II 1050W 80PLUS골드 풀모듈러 ATX3.1,,181090,240몰,
63030596,DEEPCOOL PN850M 80PLUS골드 풀모듈러 ATX3.1,,143500,83몰,
63035603,DEEPCOOL PN750M 80PLUS골드 풀모듈러 ATX3.1,,130760,88몰,
63035666,시소닉 VERTEX GX-1200 GOLD 풀모듈러 화이트 ATX3.1,,408700,94몰,
63482117,마이크로닉스 Classic II 풀체인지 900W 80PLUS실버 ATX3.1,,105090,252몰,
65920853,쿨러마스터 MWE Gold 1050 V2 풀모듈러 ATX3.0 SF6 Blanka,,244490,64몰,
65920958,쿨러마스터 MWE 브론즈 750 V3 230V ATX3.1 화이트,,86120,62몰,
65921183,쿨러마스터 MWE 브론즈 650 V3 230V ATX3.1 화이트,,64960,77몰,
65921402,잘만 DecaMax ET 600W 80PLUS스탠다드,,44210,107몰,
65921480,잘만 DecaMax ET 700W 80PLUS스탠다드,,48810,100몰,
65921978,엔티스 EG 750W 80PLUS골드 풀모듈러 ATX3.1,,83900,9몰,
65922035,엔티스 EG 750W 80PLUS골드 풀모듈러 ATX3.1 화이트,,81290,82몰,
65924891,엔티스 EG 850W 80PLUS골드 풀모듈러 ATX3.1,,92060,92몰,
65924927,엔티스 EG 850W 80PLUS골드 풀모듈러 ATX3.1 화이트,,96120,90몰,
65925125,엔티스 EG 1000W 80PLUS골드 풀모듈러 ATX3.1,,100750,101몰,
65925170,엔티스 EG 1000W 80PLUS골드 풀모듈러 ATX3.1 화이트,,107310,97몰,
66051566,AONE Micro 450P,,21270,65몰,
66051584,AONE Micro 450P 벌크,,18960,47몰,
67403255,NEWZEN SKULL 850SM 모듈러 ATX3.1 80PLUS골드,,105720,90몰,
67406777,NEWZEN SKULL 750XM 풀모듈러 ATX3.1 80PLUS골드 화이트,,123828,92몰,
67576934,시소닉 NEW FOCUS V4 GX-750 GOLD 풀모듈러 ATX3.1,,198780,141몰,
67577021,시소닉 NEW FOCUS V4 GX-850 GOLD 풀모듈러 ATX3.1,,208750,165몰,
67577099,시소닉 NEW FOCUS V4 GX-1000 GOLD 풀모듈러 ATX3.1,,255250,166몰,
67577330,시소닉 NEW FOCUS V4 GX-850 GOLD 풀모듈러 ATX3.1 화이트,,231990,150몰,
67577342,시소닉 NEW FOCUS V4 GX-1000 GOLD 풀모듈러 ATX3.1 화이트,,273850,164몰,
68247431,DEEPCOOL PL800D 80PLUS브론즈 ATX3.1,,81960,89몰,
68247452,DEEPCOOL PL750D 80PLUS브론즈 ATX3.1,,76100,80몰,
68247491,DEEPCOOL PL650D 80PLUS브론즈 ATX3.1,,61440,76몰,
68578502,쿨러마스터 V SFX Gold 850 ATX3.1,,234000,83몰,
68789177,맥스엘리트 MAXWELL DUO 700W 80PLUS브론즈 PCIE5 플랫,,68000,23몰,
68789255,맥스엘리트 MAXWELL DUO 800W 80PLUS브론즈 PCIE5 플랫,,81000,5몰,
69468659,SuperFlower SF-750F14GE LEADEX III GOLD UP ATX3.1,,146290,140몰,
69468698,SuperFlower SF-850F14GE LEADEX III GOLD UP ATX3.1,,160800,155몰,
69468725,SuperFlower SF-1000F14GE LEADEX III GOLD UP ATX3.1,,186000,180몰,
69468953,마이크로닉스 Classic II 1050W 80PLUS골드 풀모듈러 ATX3.1 화이트,,194820,253몰,
70533359,MSI MAG A650BNL 80PLUS브론즈 화이트,,61070,142몰,
71066633,Antec GSK 850W 화이트 80PLUS골드 풀모듈러 ATX3.1,,151620,12몰,
71066699,Antec GSK 750W 80PLUS골드 풀모듈러 ATX3.1,,135390,5몰,
71161970,3RSYS AK 1000W 80PLUS브론즈 모듈러 ATX3.1,,99500,37몰,
71162030,3RSYS AK 850W 80PLUS브론즈 모듈러 ATX3.1,,85000,31몰,
71162267,3RSYS AK 750W 80PLUS브론즈 모듈러 ATX3.1,,75000,30몰,
72475946,AONE 시그니처 750W 80PLUS브론즈 풀모듈러 베이직 ATX3.1 화이트,,69320,124몰,
72476015,AONE STORM 600W 80PLUS브론즈 화이트,,52210,112몰,
72476114,AONE STORM 700W 80PLUS브론즈 화이트,,61390,114몰,
72975059,Antec CSK PRO 1000W 80PLUS브론즈 230V EU 모듈러 ATX3.1,,118990,85몰,
72975086,Antec CSK PRO 850W 80PLUS브론즈 230V EU 모듈러 ATX3.1,,103890,84몰,
72979838,마이크로닉스 Classic II 풀체인지 750W 80PLUS스탠다드 ATX3.1,,82900,236몰,
72979889,마이크로닉스 Classic II 풀체인지 650W 80PLUS스탠다드 ATX3.1,,64090,231몰,
72979961,마이크로닉스 Classic II 풀체인지 550W 80PLUS스탠다드 ATX3.1,,53500,217몰,
73121675,AONE STORM 700LF 벌크,,41700,97몰,
73951985,앱코 코어맥스 CM-500B ETA브론즈,,40900,77몰,
73952099,앱코 코어맥스 CM-600B ETA브론즈,,38900,78몰,
73952144,앱코 코어맥스 CM-700B ETA브론즈,,48900,97몰,
74052779,NEWZEN SKULL 750XM 풀모듈러 ATX3.1 80PLUS골드 블랙,,123820,84몰,
74052926,NEWZEN SKULL 850XM 풀모듈러 ATX3.1 80PLUS골드 블랙,,138220,84몰,
74056904,잘만 MegaMax II 600W 80PLUS브론즈 ATX3.1,,56020,207몰,
74056925,잘만 MegaMax II 700W 80PLUS브론즈 ATX3.1,,67040,218몰,
74056946,잘만 MegaMax II 800W 80PLUS브론즈 ATX3.1,,78100,187몰,
74484749,마이크로닉스 WIZMAX 750W 80PLUS실버 ATX3.1,,88540,164몰,
74484791,마이크로닉스 WIZMAX 850W 80PLUS실버 ATX3.1,,108640,167몰,
74813765,CORSAIR RM1000e ATX3.1,,217330,111몰,
74813786,CORSAIR RM850e ATX3.1,,137900,118몰,
74813801,CORSAIR RM750e ATX3.1,,134740,116몰,
74895005,시소닉 PRIME TITANIUM TX-1600 풀모듈러 ATX3.1,,1020000,13몰,
74895068,시소닉 PRIME PLATINUM PX-1600 풀모듈러 ATX3.1,,736500,115몰,
74895119,시소닉 PRIME TITANIUM TX-1300 풀모듈러 ATX3.1,,827490,123몰,
75071786,MSI MEG Ai1300P 80PLUS플래티넘 풀모듈러 ATX3.1,,369000,29몰,
75536243,쿨러마스터 V SFX Gold 850 ATX3.1 화이트,,239720,76몰,
75719750,쿨러마스터 MWE GOLD 850 V3 ATX3.1 블랙,,88400,102몰,
75719774,쿨러마스터 MWE GOLD 850 V3 ATX3.1 화이트,,101650,81몰,
75719807,쿨러마스터 MWE GOLD 750 V3 ATX3.1 블랙,,84790,81몰,
75719810,쿨러마스터 MWE GOLD 750 V3 ATX3.1 화이트,,92040,80몰,
75938597,darkFlash 퍼펙트모스트 750W 80PLUS골드 풀모듈러 ATX3.1 블랙,,102450,142몰,
75938603,darkFlash 퍼펙트모스트 750W 80PLUS골드 풀모듈러 ATX3.1 화이트,,107970,142몰,
75938642,darkFlash 퍼펙트모스트 850W 80PLUS골드 풀모듈러 ATX3.1 블랙,,114260,137몰,
75938654,darkFlash 퍼펙트모스트 850W 80PLUS골드 풀모듈러 ATX3.1 화이트,,118120,159몰,
75939377,마이크로닉스 Classic II 1000W 80PLUS플래티넘 ATX3.1,,243530,211몰,
76550060,리안리 EDGE GOLD 750 블랙,,149000,9몰,
76550333,리안리 EDGE GOLD 1000 화이트,,279000,1몰,
76550438,리안리 EDGE GOLD 1200 블랙,,259000,8몰,
76550468,리안리 EDGE GOLD 1200 화이트,,256720,120몰,
76551290,NEWZEN SKULL 650EM 80PLUS브론즈 ATX3.1,,57230,29몰,
76551317,NEWZEN SKULL 650EM 80PLUS브론즈 ATX3.1 화이트,,61420,89몰,
76551389,NEWZEN SKULL 750EM 80PLUS브론즈 ATX3.1,,71770,105몰,
76551404,NEWZEN SKULL 750EM 80PLUS브론즈 ATX3.1 화이트,,75830,100몰,
76551458,NEWZEN SKULL 850EM 80PLUS브론즈 ATX3.1,,80630,130몰,
76551476,NEWZEN SKULL 850EM 80PLUS브론즈 ATX3.1 화이트,,85420,104몰,
77085227,NZXT C850 80PLUS골드 풀모듈러 ATX3.1 블랙,,231000,24몰,
77085878,NZXT C850 80PLUS골드 풀모듈러 ATX3.1 화이트,,188810,108몰,
77086049,NZXT C1000 80PLUS골드 풀모듈러 ATX3.1 블랙,,266720,114몰,
77086067,NZXT C1000 80PLUS골드 풀모듈러 ATX3.1 화이트,,282000,23몰,
77314157,NZXT C1200 80PLUS골드 풀모듈러 ATX3.1 블랙,,292250,93몰,
77314178,NZXT C1200 80PLUS골드 풀모듈러 ATX3.1 화이트,,297980,117몰,
77318288,쿨러마스터 MWE GOLD 650 V3 ATX3.1 화이트,,79460,87몰,
77318324,쿨러마스터 MWE GOLD 550 V3 ATX3.1 블랙,,67400,85몰,
77318342,쿨러마스터 MWE GOLD 550 V3 ATX3.1 화이트,,72350,86몰,
77380859,ASUS PRIME 750W Bronze,,82560,71몰,
77381093,ASUS ROG STRIX 1000W Platinum,,328000,2몰,
77381150,ASUS ROG STRIX 1200W Platinum,,339990,100몰,
77460794,ASUS TUF Gaming 1200W GOLD,,332050,16몰,
78174245,마이크로닉스 Classic II 1300W 80PLUS플래티넘 ATX3.1,,292450,234몰,
78843782,시소닉 CORE V2 GX-650 GOLD 풀모듈러 ATX3.1,,127700,114몰,
78843821,시소닉 CORE V2 GX-750 GOLD 풀모듈러 ATX3.1,,154980,127몰,
78843848,시소닉 CORE V2 GX-750 GOLD 풀모듈러 ATX3.1 화이트,,150950,135몰,
78844112,시소닉 CORE V2 GX-850 GOLD 풀모듈러 ATX3.1,,167400,157몰,
78844340,시소닉 CORE V2 GX-850 GOLD 풀모듈러 ATX3.1 화이트,,194990,156몰,
79558487,NZXT C1500 80PLUS플래티넘 풀모듈러 ATX3.1 블랙,,517080,56몰,
86079881,CORSAIR HX1200i 80PLUS플래티넘 ATX3.1,,370960,94몰,
86092226,CORSAIR HX1500i 80PLUS플래티넘 ATX3.1,,491120,14몰,
88209140,GIGABYTE P650SS 80PLUS실버 FDB ATX3.0 피씨디렉트,,49840,47몰,
88211402,GIGABYTE P650SS ICE 80PLUS실버 FDB ATX3.0 피씨디렉트,,53990,52몰,
88232360,마이크로닉스 Classic II 750W 80PLUS실버 모듈러 ATX3.1,,123500,3몰,
88232459,마이크로닉스 Classic II 850W 80PLUS실버 모듈러 ATX3.1,,114900,3몰,
89529350,잘만 TeraMax II SE 750W 80PLUS골드 풀모듈러 ATX3.1 블랙,,116240,126몰,
89529503,잘만 TeraMax II SE 850W 80PLUS골드 풀모듈러 ATX3.1 블랙,,125540,116몰,
89529575,잘만 TeraMax II SE 1000W 80PLUS골드 풀모듈러 ATX3.1 블랙,,143210,109몰,
89862101,마이크로닉스 WIZMAX P-2500W 80PLUS플래티넘 ATX3.1,,788900,191몰,
90156104,SuperFlower SF-750Z12DB Zillion DB ETA실버 ATX3.1,,80680,192몰,
90156149,SuperFlower SF-850Z12DB Zillion DB ETA실버 ATX3.1,,89560,127몰,
90500312,맥스엘리트 STARS CYGNUS 850W 80PLUS골드 풀모듈러 ATX3.1,,113290,117몰,
90500384,맥스엘리트 STARS CYGNUS 1000W 80PLUS골드 풀모듈러 ATX3.1,,154550,98몰,
90500444,맥스엘리트 STARS CYGNUS 1200W 80PLUS골드 풀모듈러 ATX3.1,,189000,103몰,
90500468,맥스엘리트 STARS CYGNUS 850W 80PLUS골드 풀모듈러 ATX3.1 화이트,,115500,107몰,
90500489,맥스엘리트 STARS CYGNUS 1000W 80PLUS골드 풀모듈러 ATX3.1 화이트,,156620,102몰,
90500513,맥스엘리트 STARS CYGNUS 1200W 80PLUS골드 풀모듈러 ATX3.1 화이트,,189680,96몰,
90576764,CORSAIR RM750e ETA플래티넘 ATX3.1 화이트,,138930,93몰,
90576899,CORSAIR RM850e ETA골드 ATX3.1 화이트,,145930,92몰,
90576938,CORSAIR RM1000e ETA플래티넘 ATX3.1 화이트,,223900,99몰,
90643544,마이크로닉스 WIZMAX G-850W 80PLUS골드 ATX3.1,,156920,157몰,
90643607,마이크로닉스 WIZMAX G-1000W 80PLUS골드 ATX3.1,,196550,191몰,
90703364,써멀테이크 터프파워 GT Snow 850W GOLD 풀모듈러 ATX3.1,,123820,70몰,
91493066,MONTECH TITAN PLA 1000W 플래티넘 ATX3.1 화이트,,229410,73몰,
91493102,MONTECH TITAN PLA 1200W 플래티넘 ATX3.1 화이트,,267760,75몰,
91562072,SuperFlower SF-2800F14HP LEADEX TITANIUM ATX3.1,,984000,172몰,
92041931,MSI MPG A850GS 80PLUS골드 풀모듈러 ATX3.1,,164360,143몰,
92105339,잘만 ZM500W-XEII,,36740,116몰,
92105393,잘만 ZM600W-XEII,,41360,114몰,
92105531,잘만 ZM700W-XEII,,47100,108몰,
92482040,마이크로닉스 WIZMAX G-1200W 80PLUS골드 ATX3.1,,241970,185몰,
92623463,Antec CSK 550W DC 80PLUS브론즈,,59900,80몰,
92623559,Antec CSK 650W DC 80PLUS브론즈,,68900,82몰,
92623646,Antec CSK 750W DC 80PLUS브론즈 PCIE5.1,,79490,78몰,
92623691,Antec CSK 750W DC 80PLUS브론즈 PCIE5.1 화이트,,83900,77몰,
92687294,GIGABYTE UD750GM PG5 80PLUS골드 풀모듈러 ATX3.0 피씨디렉트,,87000,1몰,
93630830,MSI MEG Ai1600T 80PLUS티타늄 풀모듈러 ATX3.1,,1119710,7몰,
93864431,Segotep BN750W KR 80PLUS브론즈 ATX3.1 블랙,,70810,119몰,
93864464,Segotep BN850W KR 80PLUS브론즈 ATX3.1 블랙,,80510,117몰,
93913646,MSI MAG A750GN 80PLUS골드 ATX3.1,,82720,107몰,
93913679,MSI MAG A850GN 80PLUS골드 ATX3.1,,95160,101몰,
94085267,GIGABYTE UD850GM PG5 V2 ICE 80PLUS골드 풀모듈러 ATX3.1 피씨디렉트,,109710,53몰,
94085393,GIGABYTE UD1000GM PG5 V2 ICE 80PLUS골드 풀모듈러 ATX3.1 피씨디렉트,,142880,71몰,
94445237,SuperFlower SF-850F14GE LEADEX III GOLD UP ATX3.1 화이트,,166460,115몰,
94445258,SuperFlower SF-1000F14GE LEADEX III GOLD UP ATX3.1 화이트,,194140,121몰,
94566323,잘만 GigaMax III 750W 80PLUS브론즈 모듈러 ATX3.1 화이트,,76650,118몰,
94566329,잘만 GigaMax III 850W 80PLUS브론즈 모듈러 ATX3.1 화이트,,90760,124몰,
94566416,잘만 TeraMax II VIEW 1000W 80PLUS골드 풀모듈러 ATX3.1 블랙,,166460,107몰,
94566452,잘만 TeraMax II VIEW 1200W 80PLUS골드 풀모듈러 ATX3.1 블랙,,185060,116몰,
95845724,쿨러마스터 X Mighty Platinum 2000W ATX3.1,,683040,69몰,
96059045,MSI MPG A1000GS II 80PLUS골드 풀모듈러 ATX3.1,,185250,141몰,
96059108,MSI MPG A1250GS II 80PLUS골드 풀모듈러 ATX3.1,,231380,130몰,
96059372,MSI MAG A650GLS 80PLUS골드 풀모듈러 ATX3.1,,84300,112몰,
96059435,MSI MAG A750GLS 80PLUS골드 풀모듈러 ATX3.1,,124490,127몰,
96059471,MSI MAG A850GLS 80PLUS골드 풀모듈러 ATX3.1,,144490,131몰,
96059492,MSI MAG A1000GLS 80PLUS골드 풀모듈러 ATX3.1,,173490,146몰,
96651776,GIGABYTE UD1000GM PG5 V2 80PLUS골드 풀모듈러 ATX3.1 피씨디렉트,,142890,71몰,
96707108,SuperFlower SF-650Z12DB Zillion DB ETA실버 ATX3.1,,64790,115몰,
96772910,마이크로닉스 Classic II 1200W 80PLUS골드 풀모듈러 ATX3.1,,204390,205몰,
96986219,마이크로닉스 Classic II 풀체인지 500W 80PLUS실버 ATX3.1,,54400,236몰,
96986270,마이크로닉스 Classic II 풀체인지 600W 80PLUS실버 ATX3.1,,61840,251몰,
96986309,마이크로닉스 Classic II 풀체인지 700W 80PLUS실버 ATX3.1,,86890,250몰,
96986339,마이크로닉스 Classic II 풀체인지 800W 80PLUS실버 ATX3.1,,95900,233몰,
97121099,CORSAIR WS3000 ATX3.1,,817180,96몰,
97227107,SuperFlower SF-1300F14GE LEADEX III GOLD UP ATX3.1,,224600,122몰,
97227119,SuperFlower SF-1300F14GE LEADEX III GOLD UP ATX3.1 화이트,,234050,117몰,
97310339,Antec GSK 850W V2 80PLUS골드 풀모듈러 ATX3.1,,135490,81몰,
97356671,darkFlash 퍼펙트모스트 700W 80PLUS브론즈 ATX3.1 블랙,,65320,101몰,
97356686,darkFlash 퍼펙트모스트 700W 80PLUS브론즈 ATX3.1 화이트,,71110,102몰,
97356731,darkFlash 퍼펙트모스트 800W 80PLUS브론즈 ATX3.1 블랙,,73620,108몰,
97356740,darkFlash 퍼펙트모스트 800W 80PLUS브론즈 ATX3.1 화이트,,77300,109몰,
97361954,Antec GSK 750W V2 80PLUS골드 풀모듈러 ATX3.1,,120970,87몰,
97362872,맥스엘리트 STARS GEMINI 650W 80PLUS브론즈 ATX3.1,,51480,109몰,
97362884,맥스엘리트 STARS GEMINI 650W 80PLUS브론즈 ATX3.1 화이트,,53990,105몰,
97362920,맥스엘리트 STARS GEMINI 750W 80PLUS브론즈 ATX3.1,,62000,110몰,
97362938,맥스엘리트 STARS GEMINI 750W 80PLUS브론즈 ATX3.1 화이트,,62610,105몰,
97363004,맥스엘리트 STARS GEMINI 850W 80PLUS브론즈 ATX3.1,,73990,111몰,
97363016,맥스엘리트 STARS GEMINI 850W 80PLUS브론즈 ATX3.1 화이트,,73990,100몰,
97363169,앱코 SETTLER 하이브리드 PCIE5.1 STH-1000B ETA SILVER 블랙,,81000,49몰,
97566449,마이크로닉스 MTFX400STE08S 벌크,,49000,86몰,
97954838,마이크로닉스 Classic II 1200W 80PLUS골드 풀모듈러 화이트 ATX3.1,,214410,183몰,
98085083,스카이디지탈 파워스테이션7 PS7-CSZ1000V5 풀모듈러,,105000,79몰,
98242712,마이크로닉스 WIZMAX G-1650W 80PLUS골드 ATX3.1,,492730,155몰,
98244365,FSP VITA GD 750W 80PLUS골드 ATX3.1,,91480,146몰,
98410055,FSP HYDRO G PRO 850W 80PLUS골드 풀모듈러 ATX3.1,,187000,100몰,
98760509,MONTECH CENTURY II 850 80PLUS골드 풀모듈러 ATX3.1,,120270,104몰,
98760545,MONTECH CENTURY II 1050 80PLUS골드 풀모듈러 ATX3.1,,153900,85몰,
98760665,GIGABYTE UD850GM PG5 V2 80PLUS골드 풀모듈러 ATX3.1 제이씨현,,110990,11몰,
98760803,마이크로닉스 COOLMAX ELITE II 500W,,38900,127몰,
98760842,마이크로닉스 COOLMAX ELITE II 600W,,44890,129몰,
98923187,CORSAIR HX1000i SHIFT,,388730,88몰,
98923208,CORSAIR HX1200i SHIFT,,455000,2몰,
99641303,Antec GSK 850W V2 화이트 80PLUS골드 풀모듈러 ATX3.1,,140000,80몰,
99732404,마이크로닉스 COOLMAX FOCUS II 700W ETA브론즈 ATX3.1,,71820,136몰,
99732446,마이크로닉스 COOLMAX FOCUS II 800W ETA실버 ATX3.1,,80950,146몰,
99732509,마이크로닉스 COOLMAX FOCUS II 900W ETA실버 ATX3.1,,91210,143몰,
99889640,맥스엘리트 MAXWELL DUKE 1300W 80PLUS플래티넘 풀모듈러 ATX3.1,,295890,91몰,
99894578,GIGABYTE UD850GM PG5 V2 80PLUS골드 풀모듈러 ATX3.1 피씨디렉트,,106940,68몰,
99916703,MSI MAG A750BN III 80PLUS브론즈 ATX3.1,,83000,127몰,
99916766,MSI MAG A650BN III 80PLUS브론즈 ATX3.1,,63920,126몰,
100695689,리안리 SP750 V2 80PLUS골드 블랙,,198990,94몰,
100695704,리안리 SP750 V2 80PLUS골드 화이트,,204810,95몰,
100695725,리안리 SP850 V2 80PLUS골드 블랙,,231990,91몰,
100695731,리안리 SP850 V2 80PLUS골드 화이트,,227680,93몰,
101011316,앱코 코어맥스 CM-850G ETA골드 ATX3.1,,97000,69몰,
101011325,앱코 코어맥스 CM-1050G ETA골드 ATX3.1,,119000,70몰,
101079341,맥스엘리트 MAXWELL RENAS 500W 80PLUS스탠다드,,44380,97몰,
101079365,맥스엘리트 MAXWELL RENAS 600W 80PLUS스탠다드,,49490,104몰,
101079392,맥스엘리트 MAXWELL RENAS 700W 80PLUS스탠다드,,59820,102몰,
101184998,Fractal Design Ion 3 850W 80PLUS골드,,224600,76몰,
101185070,Fractal Design Ion 3 1000W 80PLUS골드 블랙,,295990,78몰,
101185088,Fractal Design Ion 3 1000W 80PLUS골드 화이트,,286380,85몰,
101188547,마이크로닉스 COOLMAX P-1050W 80PLUS플래티넘 ATX3.1,,183490,89몰,
101544143,SuperFlower SF-1700F14HT LEADEX ETA티타늄 ATX3.1,,714640,108몰,
101628794,리안리 SP850 80PLUS플래티넘 블랙,,278700,94몰,
101628830,리안리 SP850 80PLUS플래티넘 화이트,,278700,98몰,
101628842,리안리 SP1000 80PLUS플래티넘 블랙,,338640,103몰,
101628857,리안리 SP1000 80PLUS플래티넘 화이트,,338640,99몰,
101690942,잘만 ACRUX II 850W 80PLUS플래티넘 풀모듈러 ATX3.1,,190000,98몰,
101696540,잘만 ACRUX II 1000W 80PLUS플래티넘 풀모듈러 ATX3.1,,212000,96몰,
101720138,잘만 ACRUX II 1200W 80PLUS플래티넘 풀모듈러 ATX3.1,,234000,96몰,
101725352,앱코 코어맥스 CM-1200P ETA플래티넘 ATX3.1 블랙,,189000,69몰,
102124958,엔티스 ES 500W 80PLUS스탠다드 ATX3.1,,40450,79몰,
102125018,엔티스 ES 600W 80PLUS스탠다드 ATX3.1,,46500,81몰,
102125108,엔티스 ES 700W 80PLUS스탠다드 ATX3.1,,53940,78몰,
102125198,엔티스 ES 800W 80PLUS스탠다드 ATX3.1,,62310,79몰,
102125246,엔티스 ES 800W 80PLUS스탠다드 ATX3.1 벌크,,60060,57몰,
102125267,엔티스 ES 700W 80PLUS스탠다드 ATX3.1 벌크,,54090,65몰,
102125282,엔티스 ES 600W 80PLUS스탠다드 ATX3.1 벌크,,46160,64몰,
102125291,엔티스 ES 500W 80PLUS스탠다드 ATX3.1 벌크,,39900,72몰,
102492254,리안리 SX850 80PLUS플래티넘 블랙,,182150,51몰,
102492269,리안리 SX850 80PLUS플래티넘 화이트,,184150,73몰,
102550139,리안리 SX1000 80PLUS플래티넘 블랙,,249000,11몰,
102550202,리안리 SX1000 80PLUS플래티넘 화이트,,245350,93몰,
102550214,리안리 SX1200 80PLUS플래티넘 블랙,,281580,101몰,
102550220,리안리 SX1200 80PLUS플래티넘 화이트,,281580,97몰,
103449605,리안리 RS1000 80PLUS골드 블랙,,192790,99몰,
103449815,리안리 RS1000 80PLUS골드 화이트,,192790,96몰,
103449938,리안리 RS1000 80PLUS골드 with hub 블랙,,188690,96몰,
103449986,리안리 RS1000 80PLUS골드 with hub 화이트,,192990,90몰,
103450049,리안리 RS1200 80PLUS골드 with hub 블랙,,228760,98몰,
103450091,리안리 RS1200 80PLUS골드 with hub 화이트,,228760,99몰,
103480535,마이크로닉스 COOLMAX ELITE II 700W,,53380,121몰,
103599545,Segotep GM2000W 80PLUS골드 풀모듈러 ATX3.1 블랙,,378300,105몰,
103750379,AONE 시그니처 750W 80PLUS골드 풀모듈러 ATX3.1 블랙,,81380,100몰,
103750445,AONE 시그니처 750W 80PLUS골드 풀모듈러 ATX3.1 화이트,,86480,99몰,
103750481,AONE 시그니처 850W 80PLUS골드 풀모듈러 ATX3.1 블랙,,88340,95몰,
103750493,AONE 시그니처 850W 80PLUS골드 풀모듈러 ATX3.1 화이트,,93920,94몰,
103750571,AONE 시그니처 1000W 80PLUS골드 풀모듈러 ATX3.1 블랙,,100260,86몰,
103750586,AONE 시그니처 1000W 80PLUS골드 풀모듈러 ATX3.1 화이트,,106300,94몰,
103750694,AONE 시그니처 1300W 80PLUS골드 풀모듈러 ATX3.1 블랙,,126470,106몰,
103750733,AONE 시그니처 1300W 80PLUS골드 풀모듈러 ATX3.1 화이트,,132040,102몰,
104594006,MONTECH CENTURY II 1200 80PLUS골드 풀모듈러 ATX3.1,,210210,65몰,
104939303,마이크로닉스 Classic II 풀체인지 800W 80PLUS실버 ATX3.1 화이트,,98800,175몰,
104988710,AcBEL CRPS 2000W 1U 80PLUS플래티넘,,641070,46몰,
104988737,AcBEL CRPS 800W 1U 80PLUS플래티넘,,281430,43몰,
104989034,AcBEL CRPS 3200W 1U 80PLUS티타늄,,1215790,29몰,
105551618,쿨러마스터 MWE 브론즈 750 V3 230V ATX3.1 Rev.2 블랙,,82070,64몰,
105551648,쿨러마스터 MWE 브론즈 750 V3 230V ATX3.1 Rev.2 화이트,,88030,64몰,
105554264,GIGABYTE UD1000GM PG5 V2 80PLUS골드 풀모듈러 ATX 3.1 제이씨현,,149760,1몰,
105679316,마이크로닉스 Compact SFX 700W 80PLUS플래티넘 풀모듈러 ATX 3.1,,196430,114몰,
106726658,Antec GSK 1000W 80PLUS골드 풀모듈러 ATX3.1,,174800,78몰,
106726721,Antec GSK 1200W 80PLUS골드 풀모듈러 ATX3.1,,194000,75몰,
106727048,ASUS TUF Gaming 850W GOLD EVO 풀모듈러 ATX3.1,,142290,63몰,
106748498,ASUS ROG STRIX 1200W Platinum 인텍앤컴퍼니,,320000,64몰,
106748699,ASUS ROG STRIX 850W Platinum 인텍앤컴퍼니,,320870,40몰,
106748978,에디 REACTOR 700W 80PLUS브론즈 ATX3.1,,48000,72몰,
106778225,ASUS ROG THOR3 1000W Platinum 인텍앤컴퍼니,,599000,1몰,
106780103,ASRock 스틸레전드 SL-850G 80PLUS골드 풀모듈러 ATX3.1,,166460,95몰,
106780475,ASRock 스틸레전드 SL-1000G 80PLUS골드 풀모듈러 ATX3.1,,189050,105몰,
106780541,ASRock 스틸레전드 SL-1200G 80PLUS골드 풀모듈러 ATX3.1,,229000,101몰,
106780760,ASRock 스틸레전드 SL-850GW 80PLUS골드 풀모듈러 ATX3.1 화이트,,175760,96몰,
106780781,ASRock 스틸레전드 SL-1000GW 80PLUS골드 풀모듈러 ATX3.1 화이트,,212700,99몰,
106780784,ASRock 스틸레전드 SL-1200GW 80PLUS골드 풀모듈러 ATX3.1 화이트,,248730,98몰,
106780994,ASRock TAICHI TC-1650T 80PLUS티타늄 풀모듈러 ATX3.1,,641010,100몰,
107989337,AONE STORM 500W 80PLUS스탠다드,,38110,70몰,
107989670,AONE STORM 500W 80PLUS스탠다드 벌크,,37090,68몰,
107990141,AONE STORM 600W 80PLUS스탠다드,,42860,79몰,
107990642,AONE STORM 600W 80PLUS스탠다드 벌크,,39990,79몰,
107990732,AONE STORM 700W 80PLUS스탠다드,,45990,96몰,
107990744,AONE STORM 700W 80PLUS스탠다드 벌크,,44690,80몰,
107990771,AONE STORM 800W 80PLUS스탠다드,,49000,73몰,
107990783,AONE STORM 800W 80PLUS스탠다드 벌크,,49520,74몰,
108353834,FSP HYPER 600W 80PLUS스탠다드 230V EU ATX3.1,,54990,91몰,
108418214,ASUS ROG THOR 1200W Platinum III,,638580,9몰,
122616922,SuperFlower SF-2200F14HP LEADEX TITANIUM ATX3.1,,724000,116몰,
122617074,SuperFlower SF-1000C12DG COMBAT DG ETA골드 ATX3.1,,133430,83몰,
122618019,쿨러마스터 ELITE GOLD 1000 ATX 3.1 풀모듈러,,158990,104몰,
122618046,쿨러마스터 ELITE GOLD 1000 ATX 3.1 풀모듈러 화이트,,165000,103몰,
122618169,쿨러마스터 ELITE GOLD 650 ATX 3.1 풀모듈러,,107480,75몰,
122618184,쿨러마스터 ELITE GOLD 650 ATX 3.1 풀모듈러 화이트,,117540,75몰,
122618215,쿨러마스터 ELITE GOLD 750 ATX 3.1 풀모듈러,,114470,67몰,
122618226,쿨러마스터 ELITE GOLD 750 ATX 3.1 풀모듈러 화이트,,127070,71몰,
122618376,쿨러마스터 ELITE GOLD 850 ATX 3.1 풀모듈러,,124450,72몰,
122618383,쿨러마스터 ELITE GOLD 850 ATX 3.1 풀모듈러 화이트,,137660,68몰,
122624395,GIGABYTE UD750GM PG5 V2 80PLUS골드 풀모듈러 ATX3.1 피씨디렉트,,85740,25몰,
122634611,마이크로닉스 ASTRO II PT 850W 80PLUS플래티넘 풀모듈러 ATX3.1,,180030,152몰,
122634894,마이크로닉스 ASTRO II PT 1000W 80PLUS플래티넘 풀모듈러 ATX3.1,,213040,156몰,
122639254,마이크로닉스 WIZMAX S-EVO 700W ETA실버 풀모듈러 ATX 3.1,,87700,137몰,
122667385,맥스엘리트 STARS ARIES 550W 80PLUS스탠다드,,43670,85몰,
122667428,맥스엘리트 STARS ARIES 650W 80PLUS스탠다드,,48990,83몰,
122667496,맥스엘리트 STARS ARIES 750W 80PLUS스탠다드,,56770,84몰,
122684358,쿨러마스터 ELITE GOLD 1200 ATX 3.1 풀모듈러,,185000,54몰,
122684371,쿨러마스터 ELITE GOLD 1200 ATX 3.1 풀모듈러 화이트,,191410,61몰,
122691742,DEEPCOOL GAMER STORM PQ850G 80PLUS골드 풀모듈러 ATX3.1,,115530,66몰,
122691781,DEEPCOOL GAMER STORM PQ1000G 80PLUS골드 풀모듈러 ATX3.1,,143930,66몰,
122693350,마이크로닉스 Classic II 풀체인지 700W 80PLUS실버 ATX3.1 화이트,,88000,162몰,
122693435,쿨러마스터 Elite Platinum 750W ATX 3.1 풀모듈러 블랙,,160880,42몰,
122693465,쿨러마스터 Elite Platinum 750W ATX 3.1 풀모듈러 화이트,,171490,47몰,
122693493,쿨러마스터 Elite Platinum 850W ATX 3.1 풀모듈러 블랙,,185290,42몰,
122693505,쿨러마스터 Elite Platinum 850W ATX 3.1 풀모듈러 화이트,,195890,46몰,
122693539,쿨러마스터 Elite Platinum 1000W ATX 3.1 풀모듈러 블랙,,214890,71몰,
122693544,쿨러마스터 Elite Platinum 1000W ATX 3.1 풀모듈러 화이트,,226590,73몰,
122693553,쿨러마스터 Elite Platinum 1300W ATX 3.1 풀모듈러 블랙,,264690,43몰,
122693557,쿨러마스터 Elite Platinum 1300W ATX 3.1 풀모듈러 화이트,,283810,50몰,
122702056,엔티스 EA 700W 80PLUS스탠다드 230V EU 벌크,,46060,41몰,
122706001,GreatWall CRPS 3200T 80PLUS티타늄,,1230000,1몰,
122712502,MSI MPG Ai1600TS 80PLUS티타늄 풀모듈러 ATX 3.1,,649000,6몰,
122712536,MSI MPG Ai1300TS 80PLUS티타늄 풀모듈러 ATX 3.1,,361170,68몰,
122712597,MSI PRO A850PL 80PLUS플래티넘 풀모듈러 ATX 3.1,,156160,114몰,
122712608,MSI PRO A1000PL 80PLUS플래티넘 풀모듈러 ATX 3.1,,187850,114몰,
122719184,MSI MAG A1200PLS 80PLUS플래티넘 풀모듈러 ATX 3.1,,203990,106몰,
122720233,마이크로닉스 WIZMAX 750W 80PLUS골드 ATX 3.1,,93820,107몰,
122720249,마이크로닉스 WIZMAX 850W 80PLUS골드 ATX 3.1,,113580,113몰,
122728285,쿨러마스터 MWE Gold V4 1000 ATX3.1 블랙,,209180,78몰,
122728300,쿨러마스터 MWE Gold V4 850 ATX3.1 블랙,,179990,53몰,
123031851,엔티스 EN 500W 벌크,,32280,34몰,
123031879,엔티스 EN 600W 벌크,,36490,29몰,
123436358,GreatWall CRPS 백플레인 GW-BKPV2CBM,,256000,1몰,
123436729,엔티스 EA 600W 80PLUS스탠다드 230V EU 벌크,,42090,31몰,
123436755,엔티스 EA 500W 80PLUS스탠다드 230V EU 벌크,,36490,33몰,
123537805,Antec NeoECO 850W 80PLUS플래티넘 풀모듈러 ATX 3.1,,174600,54몰,
123537826,Antec NeoECO 1000W 80PLUS플래티넘 풀모듈러 ATX 3.1,,203690,59몰,
123537842,Antec NeoECO 1200W 80PLUS플래티넘 풀모듈러 ATX 3.1,,232680,63몰,
123539013,쿨러마스터 V PLATINUM 3000 Workstation ATX3.1,,825910,67몰,
123798448,오쓰 X 쿨러마스터 BRONZE 550 ATX3.1 블랙,,50060,43몰,
123798474,오쓰 X 쿨러마스터 BRONZE 650 ATX3.1 블랙,,53520,49몰,
123798482,오쓰 X 쿨러마스터 BRONZE 650 ATX3.1 화이트,,57520,40몰,
123798485,오쓰 X 쿨러마스터 BRONZE 650 ATX3.1 블랙 벌크,,55390,40몰,
123798520,오쓰 X 쿨러마스터 BRONZE 750 ATX3.1 블랙,,69990,64몰,
123798533,오쓰 X 쿨러마스터 BRONZE 750 ATX3.1 화이트,,71890,40몰,
123798538,오쓰 X 쿨러마스터 BRONZE 750 ATX3.1 블랙 벌크,,69240,39몰,
123799477,오쓰 X 쿨러마스터 BRONZE 550 ATX3.1 블랙 벌크,,48990,40몰,
123994433,잘만 GV2SE 800W 80PLUS브론즈,,81500,1몰,
124198894,엔티스 EA 750W 80PLUS골드 벌크,,45460,23몰,
124225035,GIGABYTE UD750GM PG5 V2 ICE 80PLUS골드 풀모듈러 ATX3.1 피씨디렉트,,84630,20몰,
