Id,Name,Type,Price,Mall,2026-09-27 13:00:45
3439724,G.SKILL DDR4-3200 CL16 TRIDENT Z 패키지,16GB(8Gx2),214970,80몰,"13,436원/1GB"
3717286,G.SKILL DDR4-3200 CL16 TRIDENT Z 패키지,32GB(16Gx2),376200,4몰,"11,756원/1GB"
4343051,삼성전자 DDR4-2400,8GB,57730,69몰,"7,216원/1GB"
4519874,삼성전자 DDR4-2400,16GB,125450,83몰,"7,841원/1GB"
4525099,타무즈 DDR4-2133 CL15,8GB,85550,70몰,"10,694원/1GB"
4545912,타무즈 노트북 DDR3-1333 CL9,4GB,10530,4몰,"2,633원/1GB"
4545965,타무즈 노트북 DDR3L-1600 CL11 1.35V,4GB,25190,50몰,"6,298원/1GB"
4546000,타무즈 DDR3-1600 CL11,4GB,23000,55몰,"5,750원/1GB"
4546081,타무즈 노트북 DDR4-2133 CL15,8GB,84980,66몰,"10,623원/1GB"
4571593,G.SKILL DDR4-3200 CL16 RIPJAWS V VK,16GB,206230,1몰,"12,889원/1GB"
4589107,G.SKILL DDR4-3200 CL16 TRIDENT ZKW 패키지,16GB(8Gx2),215000,75몰,"13,438원/1GB"
4838666,타무즈 DDR3-1600 CL11,8GB,37790,52몰,"4,724원/1GB"
4905041,G.SKILL DDR4-3200 CL14 TRIDENT Z RGB 패키지,16GB(8Gx2),228010,4몰,"14,251원/1GB"
4905070,G.SKILL DDR4-3200 CL16 TRIDENT Z RGB 패키지,16GB(8Gx2),224090,77몰,"14,006원/1GB"
5040061,삼성전자 DDR4-2400,4GB,28670,39몰,"7,168원/1GB"
5093440,타무즈 DDR4-2400 CL17,8GB,84980,66몰,"10,623원/1GB"
5215088,타무즈 노트북 DDR3L-1600 CL11 1.35V,8GB,40980,49몰,"5,123원/1GB"
5514214,V-Color 컬러풀 DDR3-1600,8GB,28000,1몰,"3,500원/1GB"
5528713,CORSAIR DDR4-3000 CL16 Dominator Platinum 패키지,128GB(16Gx8),4250000,1몰,"33,203원/1GB"
5528834,GeIL DDR4-2400 CL17 PRISTINE,8GB,90000,82몰,"11,250원/1GB"
5545241,삼성전자 DDR3-1600 중고,4GB,7840,137몰,"1,960원/1GB"
5546469,삼성전자 노트북 DDR3-1333 중고,4GB,8820,77몰,"2,205원/1GB"
5547675,SK하이닉스 DDR3-1600 중고,4GB,9980,1몰,"2,495원/1GB"
5547988,SK하이닉스 DDR3-1600 중고,8GB,26000,2몰,"3,250원/1GB"
5548947,삼성전자 노트북 DDR3-1600 중고,4GB,8820,121몰,"2,205원/1GB"
5549011,삼성전자 노트북 DDR3-1600 중고,8GB,22880,97몰,"2,860원/1GB"
5549101,삼성전자 DDR3-1600 중고,8GB,21290,163몰,"2,661원/1GB"
5550381,삼성전자 DDR3-1600 중고,2GB,4000,24몰,"2,000원/1GB"
5579526,삼성전자 노트북 DDR3-1333 중고,1GB,1490,22몰,"1,490원/1GB"
5579705,삼성전자 노트북 DDR3-1333 중고,2GB,3880,36몰,"1,940원/1GB"
5580475,삼성전자 노트북 DDR3-1600 중고,2GB,2490,48몰,"1,245원/1GB"
5580555,삼성전자 노트북 DDR3-1333 중고,8GB,42900,3몰,"5,363원/1GB"
5676841,삼성전자 DDR4-2133 중고,8GB,53590,138몰,"6,699원/1GB"
5937666,삼성전자 DDR4-2666,8GB,67590,43몰,"8,449원/1GB"
5941995,삼성전자 DDR4-2666,16GB,147560,42몰,"9,223원/1GB"
5971453,타무즈 노트북 DDR4-2400 CL17,8GB,84620,65몰,"10,578원/1GB"
6002268,G.SKILL DDR4-2666 CL19 AEGIS,8GB,96950,81몰,"12,119원/1GB"
6018766,타무즈 DDR4-2666 CL19,8GB,85290,90몰,"10,661원/1GB"
6018770,타무즈 DDR4-2666 CL19,16GB,157980,96몰,"9,874원/1GB"
6168338,GeIL DDR4-2666 CL19 PRISTINE,8GB,84000,74몰,"10,500원/1GB"
6168351,GeIL DDR4-2666 CL19 PRISTINE,16GB,163720,91몰,"10,233원/1GB"
6259453,CORSAIR DDR4-2666 CL16 VENGEANCE PRO RGB BLACK 패키지,64GB(8Gx8),683000,1몰,"10,672원/1GB"
6274195,삼성전자 노트북 DDR4-2666,8GB,63390,51몰,"7,924원/1GB"
6393068,삼성전자 노트북 DDR4-2666,16GB,113390,82몰,"7,087원/1GB"
6488716,삼성전자 노트북 DDR4-2666,4GB,36350,65몰,"9,088원/1GB"
6540147,G.SKILL DDR4-2666 CL19 AEGIS,16GB,161500,87몰,"10,094원/1GB"
6925651,타무즈 DDR4-2666 CL19,4GB,48790,101몰,"12,198원/1GB"
7004512,타무즈 노트북 DDR4-2666 CL19,16GB,149990,77몰,"9,374원/1GB"
7151392,타무즈 노트북 DDR4-2666 CL19,8GB,76600,81몰,"9,575원/1GB"
7320400,TeamGroup T-Force DDR4-3200 CL16 Delta RGB 패키지 서린,16GB(8Gx2),223880,76몰,"13,993원/1GB"
7320475,TeamGroup T-Force DDR4-3200 CL16 Delta RGB 화이트 패키지 서린,16GB(8Gx2),229990,89몰,"14,374원/1GB"
7320805,TeamGroup T-Force DDR4-3200 CL16 Delta RGB 패키지 서린,32GB(16Gx2),440000,1몰,"13,750원/1GB"
7320865,TeamGroup T-Force DDR4-3200 CL16 Delta RGB 화이트 패키지 서린,32GB(16Gx2),440000,13몰,"13,750원/1GB"
7954897,G.SKILL 노트북 DDR4-2666 CL19 RIPJAWS,8GB,89110,87몰,"11,139원/1GB"
7954927,G.SKILL 노트북 DDR4-2666 CL19 RIPJAWS,16GB,179100,85몰,"11,194원/1GB"
8158972,삼성전자 DDR4-2666 중고,8GB,58550,252몰,"7,319원/1GB"
8160427,PATRIOT 노트북 DDR4-2666 CL19 SIGNATURE,16GB,150000,3몰,"9,375원/1GB"
8165329,삼성전자 DDR4-2666 중고,16GB,137990,155몰,"8,624원/1GB"
8165383,삼성전자 DDR4-2133 중고,4GB,25340,103몰,"6,335원/1GB"
8607056,PATRIOT DDR4-2666 CL19 SIGNATURE,4GB,39000,1몰,"9,750원/1GB"
8607236,PATRIOT DDR4-2666 CL19 SIGNATURE,16GB,150000,1몰,"9,375원/1GB"
8714552,TeamGroup T-Force DDR4-2666 CL18 T1 GAMING,4GB,36000,1몰,"9,000원/1GB"
9239391,삼성전자 DDR4-2666,32GB,320570,8몰,"10,018원/1GB"
9390900,ESSENCORE KLEVV DDR4-2666 CL19 파인인포,4GB,46000,1몰,"11,500원/1GB"
9390978,ESSENCORE KLEVV DDR4-2666 CL19 파인인포,16GB,181000,1몰,"11,313원/1GB"
9470838,G.SKILL DDR4-3600 CL16 TRIDENT Z NEO C 패키지,16GB(8Gx2),240000,10몰,"15,000원/1GB"
9480405,G.SKILL DDR4-3600 CL16 TRIDENT Z NEO C 패키지,32GB(16Gx2),462660,3몰,"14,458원/1GB"
9593730,G.SKILL DDR4-3200 CL16 AEGIS,8GB,99000,51몰,"12,375원/1GB"
9593742,G.SKILL DDR4-3200 CL16 AEGIS,16GB,196000,102몰,"12,250원/1GB"
10019382,G.SKILL DDR4-3200 CL16 RIPJAWS V VK 패키지,64GB(32Gx2),599500,2몰,"9,367원/1GB"
10294017,마이크론 Crucial DDR4-3200 CL22,8GB,108890,7몰,"13,611원/1GB"
10294092,마이크론 Crucial DDR4-3200 CL22,16GB,179990,21몰,"11,249원/1GB"
10389006,TeamGroup T-Force DDR4-3200 CL16 DARK Z RED 패키지,16GB(8Gx2),215060,1몰,"13,441원/1GB"
10450266,타무즈 DDR4-3200 CL16,8GB,88980,4몰,"11,123원/1GB"
10450275,타무즈 노트북 DDR4-3200 CL16,8GB,81550,22몰,"10,194원/1GB"
10742970,삼성전자 노트북 DDR4-2666,32GB,327000,9몰,"10,219원/1GB"
10853625,삼성전자 노트북 DDR4-3200,8GB,70000,129몰,"8,750원/1GB"
10859073,GeIL DDR4-3200 CL22 PRISTINE,8GB,110490,100몰,"13,811원/1GB"
10859097,GeIL DDR4-3200 CL22 PRISTINE,16GB,197500,103몰,"12,344원/1GB"
10881360,삼성전자 노트북 DDR4-3200,32GB,319980,98몰,"9,999원/1GB"
11028636,삼성전자 DDR4-3200,32GB,488230,101몰,"15,257원/1GB"
11044452,G.SKILL DDR4-3600 CL18 TRIDENT Z NEO 패키지,64GB(32Gx2),770000,10몰,"12,031원/1GB"
11196246,ADATA 노트북 DDR4-3200 CL22,8GB,90760,42몰,"11,345원/1GB"
11196249,ADATA 노트북 DDR4-3200 CL22,16GB,180550,48몰,"11,284원/1GB"
11236449,삼성전자 DDR4-2400 중고,8GB,52060,113몰,"6,508원/1GB"
11298180,삼성전자 DDR4-2400 중고,16GB,123000,89몰,"7,688원/1GB"
11380119,TeamGroup T-Force DDR4-3600 CL18 Delta RGB 패키지 서린,16GB(8Gx2),227040,83몰,"14,190원/1GB"
11380332,TeamGroup T-Force DDR4-3600 CL18 Delta RGB 패키지 서린,32GB(16Gx2),445000,77몰,"13,906원/1GB"
11380437,TeamGroup T-Force DDR4-3600 CL18 Delta RGB 화이트 패키지 서린,16GB(8Gx2),232990,90몰,"14,562원/1GB"
11380467,TeamGroup T-Force DDR4-3600 CL18 Delta RGB 화이트 패키지 서린,32GB(16Gx2),445000,67몰,"13,906원/1GB"
11397141,삼성전자 노트북 DDR4-3200,16GB,157980,148몰,"9,874원/1GB"
11431059,G.SKILL DDR4-3600 CL18 TRIDENT Z RGB 패키지,16GB(8Gx2),227040,78몰,"14,190원/1GB"
11431083,G.SKILL DDR4-3600 CL18 TRIDENT Z RGB 패키지,32GB(16Gx2),429430,11몰,"13,420원/1GB"
11445204,PATRIOT DDR4-3200 CL22 SIGNATURE,8GB,90990,70몰,"11,374원/1GB"
11445216,PATRIOT DDR4-3200 CL22 SIGNATURE,16GB,167280,72몰,"10,455원/1GB"
11445219,PATRIOT DDR4-3200 CL22 SIGNATURE,32GB,391980,17몰,"12,249원/1GB"
11445372,PATRIOT 노트북 DDR4-3200 CL22 SIGNATURE,8GB,91900,76몰,"11,488원/1GB"
11445393,PATRIOT 노트북 DDR4-3200 CL22 SIGNATURE,16GB,151490,53몰,"9,468원/1GB"
11541857,삼성전자 DDR4-3200,8GB,80290,173몰,"10,036원/1GB"
11587076,V-Color DDR4-4000 CL19 PRISM PRO RGB SILVER 패키지,16GB(8Gx2),280000,1몰,"17,500원/1GB"
11644949,삼성전자 DDR4-2400 중고,4GB,23250,73몰,"5,813원/1GB"
11655968,타무즈 노트북 DDR4-2666 CL19,4GB,48800,90몰,"12,200원/1GB"
11682743,GeIL 노트북 DDR4-3200 CL22,8GB,89590,87몰,"11,199원/1GB"
11682767,GeIL 노트북 DDR4-3200 CL22,16GB,178980,86몰,"11,186원/1GB"
11787049,ESSENCORE KLEVV DDR4-3200 CL22 파인인포,8GB,86500,90몰,"10,813원/1GB"
11787091,ESSENCORE KLEVV DDR4-3200 CL22 파인인포,16GB,171670,126몰,"10,729원/1GB"
11787154,ESSENCORE KLEVV 노트북 DDR4-3200 CL22 파인인포,8GB,90080,71몰,"11,260원/1GB"
11787178,ESSENCORE KLEVV 노트북 DDR4-3200 CL22 파인인포,16GB,209890,69몰,"13,118원/1GB"
11790199,삼성전자 DDR4-3200,16GB,193980,201몰,"12,124원/1GB"
12247244,G.SKILL 노트북 DDR4-3200 CL22 RIPJAWS,8GB,94980,83몰,"11,873원/1GB"
12247271,G.SKILL 노트북 DDR4-3200 CL22 RIPJAWS,16GB,191500,1몰,"11,969원/1GB"
12247292,G.SKILL 노트북 DDR4-3200 CL22 RIPJAWS,32GB,399000,10몰,"12,469원/1GB"
12744536,삼성전자 DDR4-2666 중고,4GB,25340,135몰,"6,335원/1GB"
12823709,삼성전자 DDR4-2133 중고,16GB,120000,116몰,"7,500원/1GB"
12876455,TeamGroup T-Force DDR4-3200 CL16-20-20 Delta RGB 패키지 서린,32GB(16Gx2),426170,76몰,"13,318원/1GB"
12876503,TeamGroup T-Force DDR4-3200 CL16-20-20 Delta RGB 화이트 패키지 서린,32GB(16Gx2),433550,56몰,"13,548원/1GB"
12920054,삼성전자 노트북 DDR4-2666 중고,4GB,29940,65몰,"7,485원/1GB"
12970748,삼성전자 노트북 DDR4-2133 중고,8GB,50500,80몰,"6,313원/1GB"
13122602,삼성전자 DDR4-3200,4GB,42800,60몰,"10,700원/1GB"
13137278,타무즈 DDR4-3200 CL22,8GB,87740,104몰,"10,968원/1GB"
13137290,타무즈 DDR4-3200 CL22,16GB,159290,121몰,"9,956원/1GB"
13137302,타무즈 DDR4-3200 CL22,32GB,380010,83몰,"11,875원/1GB"
13137344,타무즈 노트북 DDR4-3200 CL22,8GB,79960,95몰,"9,995원/1GB"
13137365,타무즈 노트북 DDR4-3200 CL22,16GB,151100,99몰,"9,444원/1GB"
13137374,타무즈 노트북 DDR4-3200 CL22,32GB,389980,81몰,"12,187원/1GB"
13244855,CORSAIR DDR4-3200 CL16 VENGEANCE RGB PRO SL WHITE 패키지,16GB(8Gx2),215060,1몰,"13,441원/1GB"
13723196,OLOy DDR4-3600 CL18 BLADE RGB Black 패키지,32GB(16Gx2),404000,1몰,"12,625원/1GB"
13981076,TeamGroup T-CREATE DDR4-3600 CL18 EXPERT OC10L 패키지 서린,16GB(8Gx2),221980,82몰,"13,874원/1GB"
13981106,TeamGroup T-CREATE DDR4-3600 CL18 EXPERT OC10L 패키지 서린,32GB(16Gx2),428980,74몰,"13,406원/1GB"
14130377,삼성전자 노트북 DDR4-2133 중고,4GB,29990,96몰,"7,498원/1GB"
14183372,삼성전자 노트북 DDR3-1600 1.35V 중고,8GB,24080,106몰,"3,010원/1GB"
14205968,ESSENCORE KLEVV 노트북 DDR4-3200 CL22 파인인포,32GB,389880,78몰,"12,184원/1GB"
14267015,삼성전자 노트북 DDR3-1600 1.35V 중고,4GB,9210,154몰,"2,303원/1GB"
14613242,GeIL DDR4-3600 CL18-22-22 SUPER LUCE RGB Sync 블랙 패키지,16GB(8Gx2),247880,2몰,"15,493원/1GB"
14679644,삼성전자 노트북 DDR4-3200 중고,4GB,29900,68몰,"7,475원/1GB"
14858474,ESSENCORE KLEVV DDR4-3200 CL22 파인인포,32GB,382380,80몰,"11,949원/1GB"
14907443,TeamGroup DDR4-3200 Elite 서린,8GB,103993,82몰,"12,999원/1GB"
14907467,TeamGroup DDR4-3200 Elite 서린,16GB,194990,74몰,"12,187원/1GB"
14907485,TeamGroup DDR4-3200 Elite 서린,32GB,398980,17몰,"12,468원/1GB"
14910056,삼성전자 노트북 DDR4-3200,4GB,35340,89몰,"8,835원/1GB"
14960162,삼성전자 노트북 DDR4-2400 중고,4GB,26970,56몰,"6,743원/1GB"
15414239,ANACOMDA DDR4-3200 CL22 디앤디컴,16GB,176530,37몰,"11,033원/1GB"
15481538,삼성전자 노트북 DDR4-2400 중고,8GB,3600,99몰,450원/1GB
15545345,타무즈 DDR4-3200 CL22,4GB,50860,104몰,"12,715원/1GB"
15578048,삼성전자 DDR4-3200 중고,8GB,66960,157몰,"8,370원/1GB"
15598841,ADATA DDR5-5200 CL38 LANCER 블랙 패키지,32GB(16Gx2),786090,4몰,"24,565원/1GB"
15759071,삼성전자 DDR5-4800,16GB,363950,50몰,"22,747원/1GB"
15764342,삼성전자 DDR5-4800,32GB,649140,54몰,"20,286원/1GB"
15980393,G.SKILL DDR5-6000 CL36 TRIDENT Z5 RGB 패키지,32GB(16Gx2),859000,5몰,"26,844원/1GB"
16034945,TeamGroup T-Force DDR5-6000 CL38 Delta RGB 패키지 서린,32GB(16Gx2),783980,101몰,"24,499원/1GB"
16035029,TeamGroup T-Force DDR5-6400 CL40 Delta RGB 패키지 서린,32GB(16Gx2),761300,5몰,"23,791원/1GB"
16126766,삼성전자 DDR4-3200 중고,16GB,172040,139몰,"10,753원/1GB"
16192424,G.SKILL DDR5-6000 CL36 TRIDENT Z5 J 패키지,32GB(16Gx2),839000,87몰,"26,219원/1GB"
16192574,G.SKILL DDR5-6000 CL36 TRIDENT Z5 J 실버 패키지,32GB(16Gx2),838000,75몰,"26,188원/1GB"
16193474,G.SKILL DDR5-6000 CL36 TRIDENT Z5 RGB J 패키지,32GB(16Gx2),829000,92몰,"25,906원/1GB"
16193702,G.SKILL DDR5-6000 CL36 TRIDENT Z5 RGB J 실버 패키지,32GB(16Gx2),741000,9몰,"23,156원/1GB"
16239491,CORSAIR DDR5-5200 CL40 Dominator Platinum RGB 패키지,64GB(32Gx2),1550000,12몰,"24,219원/1GB"
16272698,G.SKILL DDR5-6400 CL32 TRIDENT Z5 RGB J 패키지,32GB(16Gx2),981490,16몰,"30,672원/1GB"
16272947,G.SKILL DDR5-6400 CL32 TRIDENT Z5 J 실버 패키지,32GB(16Gx2),763800,8몰,"23,869원/1GB"
16316135,삼성전자 노트북 DDR4-2666 중고,8GB,55510,143몰,"6,939원/1GB"
16343636,마이크론 Crucial 노트북 DDR4-3200 CL22,16GB,149570,57몰,"9,348원/1GB"
16379045,삼성전자 DDR4-3200 중고,32GB,358990,107몰,"11,218원/1GB"
16388927,삼성전자 DDR5-4800,8GB,182870,32몰,"22,859원/1GB"
16390247,삼성전자 DDR5-4800 병행수입,8GB,173760,34몰,"21,720원/1GB"
16390262,삼성전자 DDR5-4800 병행수입,16GB,320860,27몰,"20,054원/1GB"
16390268,삼성전자 DDR5-4800 병행수입,32GB,621360,25몰,"19,418원/1GB"
16443341,TeamGroup T-Force DDR5-6000 CL38 Delta RGB 화이트 패키지 서린,32GB(16Gx2),783980,68몰,"24,499원/1GB"
16493414,삼성전자 DDR4-2666 중고,32GB,304230,133몰,"9,507원/1GB"
16524044,삼성전자 노트북 DDR4-3200 중고,8GB,59900,125몰,"7,488원/1GB"
16761047,킹스톤 FURY DDR5-5200 CL40 Beast,16GB,426000,4몰,"26,625원/1GB"
16834745,삼성전자 노트북 DDR4-2666 중고,16GB,106950,92몰,"6,684원/1GB"
16839320,PNY XLR8 DDR5-6000 CL38 MAKO RGB 패키지 제이씨현,32GB(16Gx2),649000,1몰,"20,281원/1GB"
16844816,삼성전자 노트북 DDR4-2400 중고,16GB,107900,66몰,"6,744원/1GB"
16873946,G.SKILL DDR5-6000 CL30 TRIDENT Z5 RGB J 패키지,32GB(16Gx2),869000,80몰,"27,156원/1GB"
16875872,G.SKILL DDR5-6000 CL30 RIPJAWS S5 J 블랙 패키지,32GB(16Gx2),989000,92몰,"30,906원/1GB"
16875908,G.SKILL DDR5-6000 CL30 RIPJAWS S5 J 화이트 패키지,32GB(16Gx2),999000,75몰,"31,219원/1GB"
16910030,삼성전자 노트북 DDR4-2666 중고,32GB,335620,49몰,"10,488원/1GB"
16972373,삼성전자 노트북 DDR4-2133 중고,16GB,126180,60몰,"7,886원/1GB"
17000666,G.SKILL DDR5-6000 CL30 RIPJAWS S5 J 블랙 패키지,64GB(32Gx2),2036450,65몰,"31,820원/1GB"
17000741,G.SKILL DDR5-6000 CL30 RIPJAWS S5 J 화이트 패키지,64GB(32Gx2),2089980,67몰,"32,656원/1GB"
17001209,G.SKILL DDR5-6000 CL30 TRIDENT Z5 RGB J 패키지,64GB(32Gx2),2190000,83몰,"34,219원/1GB"
17001281,G.SKILL DDR5-6000 CL30 TRIDENT Z5 RGB J 실버 패키지,64GB(32Gx2),2109000,9몰,"32,953원/1GB"
17009480,삼성전자 노트북 DDR4-3200 중고,16GB,118910,139몰,"7,432원/1GB"
17009852,삼성전자 DDR4-3200 중고,4GB,43180,36몰,"10,795원/1GB"
17139326,G.SKILL DDR5-6000 CL30 TRIDENT Z5 J 패키지,64GB(32Gx2),2100000,66몰,"32,813원/1GB"
17139356,G.SKILL DDR5-6000 CL30 TRIDENT Z5 J 패키지,32GB(16Gx2),968000,17몰,"30,250원/1GB"
17139398,G.SKILL DDR5-6000 CL30 TRIDENT Z5 J 실버 패키지,32GB(16Gx2),962000,78몰,"30,063원/1GB"
17535233,TeamGroup DDR5-4800 CL40 Elite 서린,16GB,318890,16몰,"19,931원/1GB"
17535647,TeamGroup DDR5-4800 CL40 Elite 서린,32GB,610400,1몰,"19,075원/1GB"
17535839,TeamGroup DDR5-5600 CL46 Elite 서린,16GB,336470,111몰,"21,029원/1GB"
17544278,CORSAIR DDR5-6000 CL36 VENGEANCE RGB BLACK 패키지,32GB(16Gx2),762870,15몰,"23,840원/1GB"
17666243,삼성전자 노트북 DDR5-4800,8GB,169990,84몰,"21,249원/1GB"
17666249,삼성전자 노트북 DDR5-4800,16GB,360000,32몰,"22,500원/1GB"
17666252,삼성전자 노트북 DDR5-4800,32GB,647240,35몰,"20,226원/1GB"
17699207,타무즈 노트북 DDR4-3200 CL22,4GB,49800,93몰,"12,450원/1GB"
17770829,OLOy DDR5-6000 CL32 BLADE RGB MIRROR 패키지 올로코리아,32GB(16Gx2),707160,76몰,"22,099원/1GB"
17931401,G.SKILL DDR5-6000 CL32 FLARE X5 J 패키지,32GB(16Gx2),891430,4몰,"27,857원/1GB"
17931533,G.SKILL DDR5-6000 CL36 FLARE X5 J 패키지,32GB(16Gx2),829000,86몰,"25,906원/1GB"
17931836,G.SKILL DDR5-6000 CL30 TRIDENT Z5 NEO RGB J 패키지,32GB(16Gx2),1079980,90몰,"33,749원/1GB"
17931893,G.SKILL DDR5-6000 CL36 TRIDENT Z5 NEO RGB J 패키지,32GB(16Gx2),898000,90몰,"28,063원/1GB"
17932031,G.SKILL DDR5-6000 CL30 TRIDENT Z5 NEO J 패키지,32GB(16Gx2),963000,94몰,"30,094원/1GB"
17932061,G.SKILL DDR5-6000 CL36 TRIDENT Z5 NEO J 패키지,32GB(16Gx2),834000,85몰,"26,063원/1GB"
18036599,G.SKILL DDR5-6400 CL32 TRIDENT Z5 RGB J 실버 패키지,64GB(32Gx2),2165990,5몰,"33,844원/1GB"
18036602,G.SKILL DDR5-6400 CL32 TRIDENT Z5 RGB J 패키지,64GB(32Gx2),2097600,14몰,"32,775원/1GB"
18036605,G.SKILL DDR5-6800 CL34 TRIDENT Z5 RGB J 실버 패키지,32GB(16Gx2),894980,60몰,"27,968원/1GB"
18036644,G.SKILL DDR5-7200 CL34 TRIDENT Z5 RGB J 실버 패키지,32GB(16Gx2),919000,13몰,"28,719원/1GB"
18036659,G.SKILL DDR5-7600 CL36 TRIDENT Z5 RGB J 실버 패키지,32GB(16Gx2),932490,63몰,"29,140원/1GB"
18036662,G.SKILL DDR5-7600 CL36 TRIDENT Z5 RGB J 패키지,32GB(16Gx2),932490,59몰,"29,140원/1GB"
18038618,마이크론 Crucial DDR4-3200 CL22,32GB,434190,13몰,"13,568원/1GB"
18134999,TeamGroup T-Force DDR5-6000 CL30 Delta RGB 패키지,32GB(16Gx2),809980,93몰,"25,312원/1GB"
18135029,TeamGroup T-Force DDR5-6000 CL30 Delta RGB 화이트 패키지,32GB(16Gx2),810000,93몰,"25,313원/1GB"
18135167,TeamGroup T-Force DDR5-7200 CL34 Delta RGB 패키지,32GB(16Gx2),763100,78몰,"23,847원/1GB"
18135173,TeamGroup T-Force DDR5-7200 CL34 Delta RGB 화이트 패키지,32GB(16Gx2),763100,16몰,"23,847원/1GB"
18486497,마이크론 Crucial DDR5-5600 CL46,16GB,349000,98몰,"21,813원/1GB"
18486506,마이크론 Crucial DDR5-5600 CL46,32GB,755990,81몰,"23,625원/1GB"
18512915,SK하이닉스 DDR5-5600,8GB,198000,16몰,"24,750원/1GB"
18610958,G.SKILL DDR5-6000 CL32 TRIDENT Z5 NEO RGB J 패키지,64GB(32Gx2),1990000,24몰,"31,094원/1GB"
18613178,TeamGroup T-Force DDR5-6000 CL38 Vulcan Black 패키지 서린,32GB(16Gx2),740000,15몰,"23,125원/1GB"
18700841,SK하이닉스 DDR5-5600,32GB,806340,142몰,"25,198원/1GB"
18767360,TeamGroup DDR5-5200 CL42 Elite 서린,16GB,337500,7몰,"21,094원/1GB"
18768413,TeamGroup DDR5-5600 CL46 Elite Plus 블랙 서린,16GB,372000,8몰,"23,250원/1GB"
18883523,SK하이닉스 DDR5-5600,16GB,359000,130몰,"22,438원/1GB"
18911771,삼성전자 DDR5-5600,8GB,182580,252몰,"22,823원/1GB"
18911780,삼성전자 DDR5-5600,16GB,349910,310몰,"21,869원/1GB"
18920459,OLOy DDR5-7600 CL36 BLADE RGB MIRROR 패키지 올로코리아,32GB(16Gx2),858630,44몰,"26,832원/1GB"
18965774,ESSENCORE KLEVV DDR5-5600 CL46 파인인포,16GB,336310,124몰,"21,019원/1GB"
19390859,PATRIOT DDR5-5600 CL46 SIGNATURE,16GB,333900,15몰,"20,869원/1GB"
19552202,TeamGroup T-Force DDR5-5600 CL36 Delta RGB 패키지 서린,64GB(32Gx2),1519980,81몰,"23,750원/1GB"
19552541,TeamGroup T-Force DDR5-5600 CL36 Delta RGB 화이트 패키지 서린,64GB(32Gx2),1520000,70몰,"23,750원/1GB"
19552994,TeamGroup T-Force DDR5-6000 CL38 Delta RGB 패키지 서린,64GB(32Gx2),1559980,129몰,"24,375원/1GB"
19553282,TeamGroup T-Force DDR5-6000 CL38 Delta RGB 화이트 패키지 서린,64GB(32Gx2),1559980,25몰,"24,375원/1GB"
19566122,TeamGroup T-CREATE DDR5-5600 CL46 CLASSIC 패키지 서린,32GB(16Gx2),765980,90몰,"23,937원/1GB"
19566335,TeamGroup T-CREATE DDR5-5600 CL46 CLASSIC 패키지 서린,64GB(32Gx2),1440000,18몰,"22,539원/1GB"
19566788,TeamGroup T-CREATE DDR5-6000 CL34 EXPERT 패키지 서린,64GB(32Gx2),1583260,75몰,"24,738원/1GB"
19567433,TeamGroup T-CREATE DDR5-6000 CL48 CLASSIC 패키지 서린,32GB(16Gx2),729280,95몰,"22,790원/1GB"
19567628,TeamGroup T-CREATE DDR5-6000 CL48 CLASSIC 패키지 서린,64GB(32Gx2),1477350,75몰,"23,084원/1GB"
19567934,TeamGroup T-CREATE DDR5-6400 CL34 EXPERT 패키지 서린,64GB(32Gx2),1652540,80몰,"25,821원/1GB"
19952972,삼성전자 노트북 DDR5-5600,16GB,349970,146몰,"21,873원/1GB"
19953029,삼성전자 노트북 DDR5-5600,8GB,170000,135몰,"21,250원/1GB"
20019989,G.SKILL DDR5-7200 CL36 TRIDENT Z5 RGB J 실버 패키지,48GB(24Gx2),1149980,7몰,"23,958원/1GB"
20199452,SK하이닉스 노트북 DDR5-5600 중고,8GB,159020,66몰,"19,878원/1GB"
20369066,마이크론 Crucial DDR5-5600 CL46 PRO 패키지 대원씨티에스,32GB(16Gx2),710500,67몰,"22,203원/1GB"
20369102,마이크론 Crucial DDR4-3200 CL22 대원씨티에스,8GB,115310,8몰,"14,414원/1GB"
20369126,마이크론 Crucial DDR5-5600 CL46 대원씨티에스,16GB,350000,152몰,"21,875원/1GB"
20546438,TeamGroup T-CREATE DDR5-6000 CL30 EXPERT 패키지 서린,32GB(16Gx2),794350,88몰,"24,823원/1GB"
20546684,TeamGroup T-CREATE DDR5-6000 CL30 EXPERT 화이트 패키지 서린,32GB(16Gx2),798980,95몰,"24,968원/1GB"
20546735,TeamGroup T-CREATE DDR5-6000 CL34 EXPERT 화이트 패키지 서린,64GB(32Gx2),1600000,5몰,"25,000원/1GB"
20547080,TeamGroup T-CREATE DDR5-6400 CL34 EXPERT 화이트 패키지 서린,64GB(32Gx2),1652540,82몰,"25,821원/1GB"
20609090,마이크론 Crucial DDR5-5600 CL46,8GB,174830,12몰,"21,854원/1GB"
20629313,삼성전자 노트북 DDR5-5600,32GB,684400,136몰,"21,388원/1GB"
20644043,삼성전자 DDR5-5600,32GB,757490,242몰,"23,672원/1GB"
21639437,G.SKILL DDR5-6000 CL30 TRIDENT Z5 RGB 화이트 패키지,64GB(32Gx2),2189980,65몰,"34,218원/1GB"
21639443,G.SKILL DDR5-6000 CL36 TRIDENT Z5 RGB 화이트 패키지,32GB(16Gx2),829070,98몰,"25,908원/1GB"
21639452,G.SKILL DDR5-6400 CL32 TRIDENT Z5 RGB 화이트 패키지,32GB(16Gx2),899000,5몰,"28,094원/1GB"
21639455,G.SKILL DDR5-6400 CL32 TRIDENT Z5 RGB 화이트 패키지,64GB(32Gx2),1790000,12몰,"27,969원/1GB"
21678638,삼성전자 DDR5-4800 ECC/REG,32GB,2045000,64몰,"63,906원/1GB"
21678695,삼성전자 DDR5-4800 ECC/REG,16GB,985890,77몰,"61,618원/1GB"
21678716,삼성전자 DDR5-4800 ECC/REG,64GB,3844000,81몰,"60,063원/1GB"
21695018,GeIL DDR5-4800 CL40 PRISTINE V,16GB,324890,89몰,"20,306원/1GB"
21695117,GeIL DDR5-5200 CL42 PRISTINE V,16GB,333980,73몰,
21695174,GeIL DDR5-5600 CL46 PRISTINE V,16GB,336980,112몰,"21,061원/1GB"
22169387,GeIL DDR5-5600 CL38 ORION V RGB 패키지,32GB(16Gx2),640000,3몰,"20,000원/1GB"
27545627,TeamGroup DDR5-5600 CL46 Elite 서린,32GB,689310,32몰,"21,541원/1GB"
27545675,TeamGroup DDR5-5600 CL46 Elite Plus 블랙 서린,32GB,729980,24몰,"22,812원/1GB"
27666047,CORSAIR DDR5-6000 CL30 VENGEANCE RGB WHITE 패키지,32GB(16Gx2),895780,12몰,"27,993원/1GB"
27785618,ADATA DDR5-6000 CL30 LANCER BLADE RGB 화이트 패키지 코잇,32GB(16Gx2),797500,1몰,"24,922원/1GB"
27788273,CORSAIR DDR5-5600 CL40 VENGEANCE RGB BLACK 패키지,128GB(32Gx4),3011430,3몰,"23,527원/1GB"
27867110,ESSENCORE KLEVV DDR4-3200 CL16 BOLT X 서린,8GB,119000,4몰,"14,875원/1GB"
27886268,ESSENCORE KLEVV DDR5-6000 CL30 CRAS V RGB 패키지 서린,32GB(16Gx2),811970,113몰,"25,374원/1GB"
27886454,ESSENCORE KLEVV DDR5-6400 CL32 CRAS V RGB 패키지 서린,32GB(16Gx2),886500,84몰,"27,703원/1GB"
27886676,ESSENCORE KLEVV DDR5-7200 CL34 CRAS V RGB 패키지 서린,32GB(16Gx2),922730,134몰,"28,835원/1GB"
27894470,ESSENCORE KLEVV DDR5-6000 CL30 BOLT V 패키지 서린,32GB(16Gx2),817900,105몰,"25,559원/1GB"
27913391,ESSENCORE KLEVV DDR5-5600 CL46 파인인포,32GB,636739,106몰,"19,898원/1GB"
27953468,V-Color BLACK DDR5-5600 CL46 STANDARD 벌크,16GB,371560,23몰,"23,223원/1GB"
28208825,ESSENCORE KLEVV 노트북 DDR5-5600 CL46 파인인포,16GB,336430,86몰,"21,027원/1GB"
28241219,G.SKILL DDR5-5600 CL36 AEGIS 5,16GB,393980,102몰,"24,624원/1GB"
28609379,삼성전자 노트북 DDR5-5600 중고,8GB,162740,70몰,"20,343원/1GB"
28640519,마이크론 Crucial DDR5-5600 CL46 PRO 대원씨티에스,16GB,360480,119몰,"22,530원/1GB"
28640537,마이크론 Crucial DDR5-5600 CL46 PRO 패키지 대원씨티에스,48GB(24Gx2),940430,49몰,"19,592원/1GB"
28640552,마이크론 Crucial DDR5-5600 CL46 PRO 패키지 대원씨티에스,64GB(32Gx2),1799000,1몰,"28,109원/1GB"
28775612,HIKSEMI DDR4-3200 CL18 HIKER,8GB,83860,130몰,"10,483원/1GB"
28775711,HIKSEMI DDR4-3200 CL18 HIKER,16GB,146900,136몰,"9,181원/1GB"
28806803,TeamGroup T-CREATE 노트북 DDR5-5600 CL46-45-45 CLASSIC 서린,16GB,374040,80몰,"23,378원/1GB"
28806848,TeamGroup T-CREATE 노트북 DDR5-5600 CL46-45-45 CLASSIC 서린,32GB,690000,66몰,"21,563원/1GB"
29822102,ADATA DDR5-5600 CL46-45-45 코잇,16GB,342500,53몰,"21,406원/1GB"
29822126,ADATA DDR5-5600 CL46-45-45 코잇,32GB,676000,9몰,"21,125원/1GB"
30002609,ESSENCORE KLEVV DDR5-6000 CL30 CRAS V RGB 패키지 서린,48GB(24Gx2),1245000,72몰,"25,938원/1GB"
30002663,ESSENCORE KLEVV DDR5-6000 CL30 CRAS V RGB 패키지 서린,64GB(32Gx2),1824000,103몰,"28,500원/1GB"
30002834,ESSENCORE KLEVV DDR5-6400 CL32 CRAS V RGB 패키지 서린,48GB(24Gx2),1250000,79몰,"26,042원/1GB"
30268256,마이크론 Crucial 노트북 DDR5-5600 CL46,16GB,345000,72몰,"21,563원/1GB"
30268274,마이크론 Crucial 노트북 DDR5-5600 CL46,32GB,693000,28몰,"21,656원/1GB"
30341372,PATRIOT DDR5-6000 CL36 VIPER VENOM 패키지,32GB(16Gx2),690000,1몰,"21,563원/1GB"
30341402,PATRIOT DDR5-6200 CL40 VIPER VENOM 패키지,32GB(16Gx2),694430,63몰,"21,701원/1GB"
30341426,PATRIOT DDR5-6400 CL32 VIPER VENOM 패키지,32GB(16Gx2),703160,63몰,"21,974원/1GB"
30341450,PATRIOT DDR5-6400 CL32 VIPER VENOM 패키지,64GB(32Gx2),1300000,4몰,"20,313원/1GB"
30341480,PATRIOT DDR5-6600 CL34 VIPER VENOM 패키지,32GB(16Gx2),841800,59몰,"26,306원/1GB"
30341495,PATRIOT DDR5-6800 CL34 VIPER VENOM 패키지,32GB(16Gx2),852460,65몰,"26,639원/1GB"
30341504,PATRIOT DDR5-7000 CL32 VIPER VENOM 패키지,32GB(16Gx2),970550,65몰,"30,330원/1GB"
30341510,PATRIOT DDR5-7200 CL34 VIPER VENOM 패키지,32GB(16Gx2),979420,61몰,"30,607원/1GB"
30341525,PATRIOT DDR5-7400 CL36 VIPER VENOM 패키지,32GB(16Gx2),980000,64몰,"30,625원/1GB"
30350996,PATRIOT DDR5-6000 CL36 VIPER VENOM RGB 패키지,32GB(16Gx2),709990,16몰,"22,187원/1GB"
30351029,PATRIOT DDR5-6200 CL40 VIPER VENOM RGB 패키지,32GB(16Gx2),714270,61몰,"22,321원/1GB"
30351056,PATRIOT DDR5-6400 CL32 VIPER VENOM RGB 패키지,32GB(16Gx2),719200,63몰,"22,475원/1GB"
30351077,PATRIOT DDR5-6600 CL34 VIPER VENOM RGB 패키지,32GB(16Gx2),862370,64몰,"26,949원/1GB"
30351110,PATRIOT DDR5-6800 CL34 VIPER VENOM RGB 패키지,32GB(16Gx2),882210,60몰,"27,569원/1GB"
30351131,PATRIOT DDR5-7000 CL32 VIPER VENOM RGB 패키지,32GB(16Gx2),990420,62몰,"30,951원/1GB"
30351218,PATRIOT DDR5-7200 CL34 VIPER VENOM RGB 패키지,32GB(16Gx2),1000340,66몰,"31,261원/1GB"
30351236,PATRIOT DDR5-7400 CL36 VIPER VENOM RGB 패키지,32GB(16Gx2),1010240,67몰,"31,570원/1GB"
30500108,PATRIOT DDR5-6200 CL42 VIPER Elite 5 RGB 패키지,32GB(16Gx2),706150,58몰,"22,067원/1GB"
30500216,PATRIOT DDR5-7000 CL38 VIPER Elite 5 RGB 패키지,32GB(16Gx2),999990,50몰,"31,250원/1GB"
30612317,PATRIOT DDR5-6600 CL36 VIPER Elite 5 RGB 패키지,32GB(16Gx2),861520,59몰,"26,923원/1GB"
31050617,G.SKILL 노트북 DDR5-4800 CL40 RIPJAWS,16GB,380740,72몰,"23,796원/1GB"
31050695,G.SKILL 노트북 DDR5-4800 CL40 RIPJAWS,32GB,681500,1몰,"21,297원/1GB"
31998278,타무즈 DDR5-5600 CL46,16GB,322950,121몰,"20,184원/1GB"
31998326,타무즈 DDR5-5600 CL46,32GB,603990,105몰,"18,875원/1GB"
32075993,ESSENCORE KLEVV DDR5-6400 CL32 CRAS V RGB WHITE 패키지 서린,32GB(16Gx2),918980,93몰,"28,718원/1GB"
32076077,ESSENCORE KLEVV DDR5-6000 CL30 CRAS V RGB WHITE 패키지 서린,32GB(16Gx2),915000,120몰,"28,594원/1GB"
33369683,TeamGroup DDR5-5600 CL46 Elite 서린,8GB,182490,100몰,"22,811원/1GB"
35805935,마이크론 Crucial DDR4-3200 CL22 대원씨티에스,16GB,192990,66몰,"12,062원/1GB"
37988975,ESSENCORE KLEVV DDR5-6000 CL30 CRAS V RGB WHITE 패키지 서린,48GB(24Gx2),1244510,83몰,"25,927원/1GB"
37989017,ESSENCORE KLEVV DDR5-6000 CL30 CRAS V RGB WHITE 패키지 서린,64GB(32Gx2),1824900,105몰,"28,514원/1GB"
37989107,ESSENCORE KLEVV DDR5-6400 CL32 CRAS V RGB WHITE 패키지 서린,48GB(24Gx2),1244510,94몰,"25,927원/1GB"
37989125,ESSENCORE KLEVV DDR5-6400 CL32 CRAS V RGB WHITE 패키지 서린,64GB(32Gx2),1850000,74몰,"28,906원/1GB"
37989197,ESSENCORE KLEVV DDR5-7200 CL34 CRAS V RGB White 패키지 서린,32GB(16Gx2),935480,29몰,"29,234원/1GB"
37989224,ESSENCORE KLEVV DDR5-7200 CL34 CRAS V RGB White 패키지 서린,48GB(24Gx2),990000,4몰,"20,625원/1GB"
40022765,G.SKILL DDR5-6000 CL30 FLARE X5 J 패키지,32GB(16Gx2),1049980,78몰,"32,812원/1GB"
40022774,G.SKILL DDR5-6000 CL30 FLARE X5 J 패키지,64GB(32Gx2),2089980,69몰,"32,656원/1GB"
40551086,G.SKILL DDR5-5600 CL40 RIPJAWS S5 J 블랙 패키지,96GB(48Gx2),2634300,3몰,"27,441원/1GB"
40559801,G.SKILL DDR5-6000 CL30 TRIDENT Z5 NEO J 패키지,64GB(32Gx2),2100000,65몰,"32,813원/1GB"
40572260,G.SKILL DDR5-6000 CL30 TRIDENT Z5 NEO RGB J 패키지,64GB(32Gx2),2190000,48몰,"34,219원/1GB"
40578827,G.SKILL DDR5-6000 CL30 TRIDENT Z5 NEO RGB J 화이트 패키지,64GB(32Gx2),2133880,8몰,"33,342원/1GB"
40579721,G.SKILL DDR5-6000 CL30 TRIDENT Z5 NEO RGB J 화이트 패키지,32GB(16Gx2),1089980,93몰,"34,062원/1GB"
43488485,타무즈 노트북 DDR5-5600 CL46,32GB,645000,65몰,"20,156원/1GB"
43488509,타무즈 노트북 DDR5-5600 CL46,16GB,330140,98몰,"20,634원/1GB"
44178593,CORSAIR 노트북 DDR5-5600 CL48 VENGEANCE,16GB,355260,36몰,"22,204원/1GB"
51541061,G.SKILL DDR5-6000 CL32 TRIDENT Z5 RGB J 화이트 패키지,32GB(16Gx2),974990,77몰,"30,468원/1GB"
53780300,SK하이닉스 노트북 DDR5-5600 중고,16GB,332790,13몰,"20,799원/1GB"
53780366,SK하이닉스 노트북 DDR5-5600 중고,32GB,750000,4몰,"23,438원/1GB"
53782775,마이크론 Crucial DDR5-5600 CL46 대원씨티에스,8GB,165000,31몰,"20,625원/1GB"
54102935,G.SKILL DDR5-5200 CL40 FLARE X5 J 패키지,48GB(24Gx2),1026000,9몰,"21,375원/1GB"
54102995,G.SKILL DDR5-5200 CL40 FLARE X5 J 패키지,96GB(48Gx2),2389800,80몰,"24,894원/1GB"
54103109,G.SKILL DDR5-5200 CL40 RIPJAWS S5 J 블랙 패키지,32GB(16Gx2),748950,86몰,"23,405원/1GB"
54103163,G.SKILL DDR5-5200 CL40 RIPJAWS S5 J 블랙 패키지,64GB(32Gx2),1539980,79몰,"24,062원/1GB"
54103169,G.SKILL DDR5-5200 CL40 RIPJAWS S5 J 블랙 패키지,96GB(48Gx2),2389800,75몰,"24,894원/1GB"
54103175,G.SKILL DDR5-5200 CL40 RIPJAWS S5 J 화이트 패키지,96GB(48Gx2),2389980,84몰,"24,896원/1GB"
54103232,G.SKILL DDR5-5200 CL40 RIPJAWS S5 J 화이트 패키지,32GB(16Gx2),766500,84몰,"23,953원/1GB"
54482183,아이티젠 DDR4-3200,16GB,146720,10몰,"9,170원/1GB"
54482201,아이티젠 DDR4-3200,8GB,76250,17몰,"9,531원/1GB"
54966677,마이크론 Crucial 노트북 DDR5-5600 CL46 대원씨티에스,32GB,882560,3몰,"27,580원/1GB"
54966680,마이크론 Crucial 노트북 DDR5-5600 CL46 대원씨티에스,16GB,369000,13몰,"23,063원/1GB"
54966683,마이크론 Crucial 노트북 DDR5-5600 CL46 대원씨티에스,8GB,195000,1몰,"24,375원/1GB"
56144432,PATRIOT DDR5-6000 CL30 VIPER VENOM RGB 패키지,32GB(16Gx2),704360,64몰,"22,011원/1GB"
56144513,PATRIOT DDR5-6000 CL30 VIPER VENOM 패키지,32GB(16Gx2),659980,81몰,"20,624원/1GB"
56151416,G.SKILL DDR5-5200 CL40 RIPJAWS M5 RGB 블랙 패키지,64GB(32Gx2),1589980,81몰,"24,843원/1GB"
56151461,G.SKILL DDR5-5200 CL40 RIPJAWS M5 RGB 블랙 패키지,32GB(16Gx2),761500,94몰,"23,797원/1GB"
56151509,G.SKILL DDR5-5200 CL40 RIPJAWS M5 RGB 화이트 패키지,64GB(32Gx2),1524790,80몰,"23,825원/1GB"
56151521,G.SKILL DDR5-5200 CL40 RIPJAWS M5 RGB 화이트 패키지,32GB(16Gx2),734000,82몰,"22,938원/1GB"
56151749,G.SKILL DDR5-5600 CL40 RIPJAWS M5 RGB 블랙 패키지,96GB(48Gx2),2592500,1몰,"27,005원/1GB"
56151770,G.SKILL DDR5-5600 CL40 RIPJAWS M5 RGB 화이트 패키지,96GB(48Gx2),2589980,76몰,"26,979원/1GB"
56151800,G.SKILL DDR5-6000 CL30 RIPJAWS M5 RGB 블랙 패키지,64GB(32Gx2),2179980,131몰,"34,062원/1GB"
56151878,G.SKILL DDR5-6000 CL30 RIPJAWS M5 RGB 블랙 패키지,32GB(16Gx2),1067680,146몰,"33,365원/1GB"
56151980,G.SKILL DDR5-6000 CL30 RIPJAWS M5 RGB 화이트 패키지,64GB(32Gx2),2126350,72몰,"33,224원/1GB"
56151998,G.SKILL DDR5-6000 CL30 RIPJAWS M5 RGB 화이트 패키지,32GB(16Gx2),1069980,100몰,"33,437원/1GB"
56152055,G.SKILL DDR5-6400 CL32 RIPJAWS M5 RGB 블랙 패키지,64GB(32Gx2),2037190,76몰,"31,831원/1GB"
56152076,G.SKILL DDR5-6400 CL32 RIPJAWS M5 RGB 블랙 패키지,32GB(16Gx2),989990,75몰,"30,937원/1GB"
56152124,G.SKILL DDR5-6400 CL32 RIPJAWS M5 RGB 화이트 패키지,64GB(32Gx2),2042690,71몰,"31,917원/1GB"
56152154,G.SKILL DDR5-6400 CL32 RIPJAWS M5 RGB 화이트 패키지,32GB(16Gx2),989990,75몰,"30,937원/1GB"
57709748,PATRIOT DDR5-5600 CL46 EVO,16GB,409000,1몰,"25,563원/1GB"
57709760,PATRIOT DDR5-5600 CL46 EVO,8GB,185320,93몰,"23,165원/1GB"
58107197,ESSENCORE KLEVV DDR5-5600 CL30 FIT V WHITE 서린,16GB,359000,86몰,"22,438원/1GB"
59829239,CORSAIR DDR5-6000 CL30 VENGEANCE RGB 패키지,64GB(32Gx2),1867480,13몰,"29,179원/1GB"
59829371,CORSAIR DDR5-6000 CL30 VENGEANCE RGB 패키지,32GB(16Gx2),866530,85몰,"27,079원/1GB"
59829446,CORSAIR DDR5-6000 CL30 VENGEANCE 패키지,64GB(32Gx2),1913070,9몰,"29,892원/1GB"
59829503,CORSAIR DDR5-6000 CL30 VENGEANCE 패키지,32GB(16Gx2),890200,18몰,"27,819원/1GB"
61544123,마이크론 Crucial DDR5-5600 CL46 대원씨티에스,32GB,772390,123몰,"24,137원/1GB"
64376690,ESSENCORE KLEVV DDR5-7200 CL34 CRAS V RGB ROG 패키지 서린,32GB(16Gx2),789000,3몰,"24,656원/1GB"
64379600,비즈텍 TREAVE DDR4-3200 CL22,8GB,88190,110몰,"11,024원/1GB"
64379654,비즈텍 TREAVE DDR5-5600 CL46,16GB,308440,113몰,"19,278원/1GB"
64379729,비즈텍 TREAVE 노트북 DDR5-5600 CL46,16GB,326900,96몰,"20,431원/1GB"
65303624,비즈텍 TREAVE 노트북 DDR5-5600 CL46,32GB,625800,81몰,"19,556원/1GB"
65303648,비즈텍 TREAVE DDR5-5600 CL46,32GB,626800,103몰,"19,588원/1GB"
65303720,비즈텍 TREAVE DDR4-3200 CL22,16GB,147450,113몰,"9,216원/1GB"
65303726,비즈텍 TREAVE DDR4-3200 CL22,32GB,338000,107몰,"10,563원/1GB"
67847150,G.SKILL DDR5-6400 CL30 TRIDENT Z5 NEO RGB J 화이트 패키지,32GB(16Gx2),749290,69몰,"23,415원/1GB"
67847312,G.SKILL DDR5-6000 CL28 TRIDENT Z5 ROYAL NEO 골드 패키지,32GB(16Gx2),1058990,10몰,"33,093원/1GB"
67847408,G.SKILL DDR5-6400 CL30 TRIDENT Z5 ROYAL NEO 실버 패키지,32GB(16Gx2),999000,4몰,"31,219원/1GB"
67850504,마이크론 Crucial 노트북 DDR4-3200 CL22,32GB,320020,26몰,"10,001원/1GB"
67980524,G.SKILL DDR5-6000 CL28 TRIDENT Z5 NEO RGB J 화이트 패키지,32GB(16Gx2),859000,4몰,"26,844원/1GB"
68787806,ADATA DDR5-6000 CL30 LANCER BLADE 블랙 패키지 서린,32GB(16Gx2),785350,1몰,"24,542원/1GB"
68787977,ADATA DDR5-6000 CL30 LANCER BLADE 화이트 패키지 서린,32GB(16Gx2),764980,86몰,"23,906원/1GB"
68788169,ADATA DDR5-6400 CL32 LANCER BLADE RGB 블랙 패키지 서린,32GB(16Gx2),859980,60몰,"26,874원/1GB"
68914400,ADATA DDR5-6000 CL30 LANCER 블랙 패키지 서린,32GB(16Gx2),772500,3몰,"24,141원/1GB"
68914628,ADATA DDR5-6000 CL30 LANCER RGB 블랙 패키지 서린,32GB(16Gx2),774920,4몰,"24,216원/1GB"
68915114,ADATA DDR5-6400 CL32 LANCER RGB 블랙 패키지 서린,64GB(32Gx2),1774530,1몰,"27,727원/1GB"
68915270,ADATA DDR5-6000 CL30 LANCER RGB 화이트 패키지 서린,32GB(16Gx2),780000,81몰,"24,375원/1GB"
68915306,ADATA DDR5-6400 CL32 LANCER RGB 화이트 패키지 서린,64GB(32Gx2),1720000,12몰,"26,875원/1GB"
68918885,ADATA DDR5-5600 CL46-45-45 서린,32GB,739900,4몰,"23,122원/1GB"
68918912,ADATA DDR5-5600 CL46-45-45 서린,16GB,345900,3몰,"21,619원/1GB"
68918936,ADATA 노트북 DDR5-5600 CL46 서린,32GB,690000,4몰,"21,563원/1GB"
68918960,ADATA 노트북 DDR5-5600 CL46 서린,16GB,377500,4몰,"23,594원/1GB"
70003763,ESSENCORE KLEVV 노트북 DDR5-5600 CL46 파인인포,32GB,663340,81몰,"20,729원/1GB"
71218634,G.SKILL DDR5-6000 CL36 RIPJAWS M5 RGB 블랙 패키지,32GB(16Gx2),845000,85몰,"26,406원/1GB"
71218667,G.SKILL DDR5-6000 CL36 RIPJAWS M5 RGB 화이트 패키지,32GB(16Gx2),845000,94몰,"26,406원/1GB"
71501129,PATRIOT DDR5-5600 CL36 VIPER Elite 5 RGB,32GB,680620,70몰,"21,269원/1GB"
71501804,PATRIOT DDR5-6000 CL30 VIPER Elite 5 RGB,16GB,443880,1몰,"27,743원/1GB"
71501885,PATRIOT DDR5-7000 CL32 VIPER Elite 5 RGB 패키지,32GB(16Gx2),990430,11몰,"30,951원/1GB"
72228770,PATRIOT 노트북 DDR4-3200 CL22 SIGNATURE,4GB,56320,3몰,"14,080원/1GB"
72471092,CORSAIR DDR5-6000 CL30 VENGEANCE RGB DP WHITE 패키지,32GB(16Gx2),890190,76몰,"27,818원/1GB"
72587681,ESSENCORE KLEVV DDR5-6000 CL30 URBANE V RGB 패키지 서린,32GB(16Gx2),887900,114몰,"27,747원/1GB"
72587687,ESSENCORE KLEVV DDR5-6400 CL32 URBANE V RGB 패키지 서린,32GB(16Gx2),886000,76몰,"27,688원/1GB"
72913406,G.SKILL DDR5-6000 CL36 AEGIS 5,16GB,388980,108몰,"24,311원/1GB"
72913436,G.SKILL DDR5-6000 CL28 FLARE X5 J 패키지,32GB(16Gx2),856790,79몰,"26,775원/1GB"
72913478,G.SKILL DDR5-6000 CL28 FLARE X5 J 화이트 패키지,32GB(16Gx2),856790,78몰,"26,775원/1GB"
72913520,G.SKILL DDR5-6000 CL28 RIPJAWS M5 NEO RGB 블랙 패키지,32GB(16Gx2),1010380,15몰,"31,574원/1GB"
72913541,G.SKILL DDR5-6000 CL28 RIPJAWS M5 NEO RGB 화이트 패키지,32GB(16Gx2),789000,17몰,"24,656원/1GB"
72913559,G.SKILL DDR5-6000 CL36 FLARE X5 J 패키지,64GB(32Gx2),1679980,74몰,"26,250원/1GB"
72913568,G.SKILL DDR5-6000 CL36 FLARE X5 J 화이트 패키지,64GB(32Gx2),1653040,87몰,"25,829원/1GB"
72913592,G.SKILL DDR5-6000 CL36 RIPJAWS M5 NEO RGB 블랙 패키지,64GB(32Gx2),1689980,76몰,"26,406원/1GB"
72913613,G.SKILL DDR5-6000 CL36 RIPJAWS M5 NEO RGB 화이트 패키지,64GB(32Gx2),1689980,76몰,"26,406원/1GB"
72913664,G.SKILL DDR5-6000 CL36 TRIDENT Z5 NEO RGB J 패키지,64GB(32Gx2),1774990,90몰,"27,734원/1GB"
72913682,G.SKILL DDR5-6000 CL36 TRIDENT Z5 NEO RGB J 화이트 패키지,64GB(32Gx2),1789980,103몰,"27,968원/1GB"
74052965,TeamGroup T-Force DDR5-8400 CL42 XTREEM CKD 패키지 서린,48GB(24Gx2),874180,1몰,"18,212원/1GB"
74340050,ESSENCORE KLEVV DDR5-6400 CL52 CUDIMM 파인인포,16GB,353470,65몰,"22,092원/1GB"
74341889,TeamGroup T-Force DDR5-6000 CL28 Delta RGB 블랙 패키지 서린,32GB(16Gx2),917980,78몰,"28,687원/1GB"
74341892,TeamGroup T-Force DDR5-6000 CL28 Delta RGB 화이트 패키지 서린,32GB(16Gx2),917980,81몰,"28,687원/1GB"
75465935,PATRIOT DDR5-6000 CL30 VIPER Elite 5,16GB,345000,13몰,"21,563원/1GB"
75466037,PATRIOT DDR5-6000 CL30 VIPER Elite 5 패키지,32GB(16Gx2),650000,9몰,"20,313원/1GB"
75466202,PATRIOT DDR5-6400 CL32 VIPER Elite 5 패키지,32GB(16Gx2),704350,76몰,"22,011원/1GB"
75656471,G.SKILL DDR5-5600 CL36 AEGIS 5,32GB,818980,92몰,"25,593원/1GB"
75656486,G.SKILL DDR5-6000 CL36 AEGIS 5,32GB,839000,9몰,"26,219원/1GB"
75656702,G.SKILL DDR5-6000 CL28 FLARE X5 J 패키지,64GB(32Gx2),1906190,11몰,"29,784원/1GB"
75656726,G.SKILL DDR5-6000 CL28 FLARE X5 J 화이트 패키지,64GB(32Gx2),1936250,15몰,"30,254원/1GB"
75656753,G.SKILL DDR5-6000 CL30 FLARE X5 J 패키지,96GB(48Gx2),3111090,18몰,"32,407원/1GB"
75656765,G.SKILL DDR5-6000 CL30 FLARE X5 J 화이트 패키지,96GB(48Gx2),3190000,42몰,"33,229원/1GB"
75724346,G.SKILL DDR5-6000 CL28 RIPJAWS M5 NEO RGB 블랙 패키지,64GB(32Gx2),1680000,5몰,"26,250원/1GB"
75724418,G.SKILL DDR5-6000 CL30 RIPJAWS M5 NEO RGB 블랙 패키지,96GB(48Gx2),3279980,52몰,"34,166원/1GB"
75724439,G.SKILL DDR5-6000 CL30 RIPJAWS M5 NEO RGB 블랙 패키지,64GB(32Gx2),2189980,22몰,"34,218원/1GB"
75724463,G.SKILL DDR5-6000 CL30 RIPJAWS M5 NEO RGB 블랙 패키지,32GB(16Gx2),1059980,17몰,"33,124원/1GB"
75724505,G.SKILL DDR5-6000 CL30 RIPJAWS M5 NEO RGB 화이트 패키지,96GB(48Gx2),3280000,55몰,"34,167원/1GB"
75724526,G.SKILL DDR5-6000 CL30 RIPJAWS M5 NEO RGB 화이트 패키지,64GB(32Gx2),2189980,75몰,"34,218원/1GB"
75724553,G.SKILL DDR5-6000 CL30 RIPJAWS M5 NEO RGB 화이트 패키지,32GB(16Gx2),1069980,9몰,"33,437원/1GB"
75938444,ADATA DDR5-6000 CL30 LANCER BLADE RGB 화이트 패키지 서린,48GB(24Gx2),1063440,14몰,"22,155원/1GB"
75938468,ADATA DDR5-6400 CL32 LANCER BLADE RGB 화이트 패키지 서린,48GB(24Gx2),1064490,69몰,"22,177원/1GB"
75991769,마이크론 Crucial DDR5-5600 CL46 대원씨티에스,64GB,1750000,5몰,"27,344원/1GB"
76071389,ADATA DDR5-5600 CL46 ECC/REG,32GB,2100550,8몰,"65,642원/1GB"
76331690,삼성전자 노트북 DDR5-5600 중고,16GB,333860,88몰,"20,866원/1GB"
76509239,삼성전자 DDR5-5600 ECC/REG,128GB,9799990,60몰,"76,562원/1GB"
76946597,마이크론 Crucial DDR5-5600 CL46,64GB,2190000,1몰,"34,219원/1GB"
77791211,마이크론 Crucial DDR5-6400 CL52 CUDIMM 대원씨티에스,64GB,1933170,58몰,"30,206원/1GB"
77791217,마이크론 Crucial DDR5-6400 CL52 CUDIMM 대원씨티에스,32GB,746520,4몰,"23,329원/1GB"
77791223,마이크론 Crucial DDR5-6400 CL52 CUDIMM 대원씨티에스,16GB,396730,2몰,"24,796원/1GB"
77791265,삼성전자 DDR5-5600,수량별배송비 16GB,366300,22몰,"22,894원/1GB"
77791268,삼성전자 DDR5-5600,수량별배송비 32GB,798300,12몰,"24,947원/1GB"
78849281,ESSENCORE KLEVV DDR5-6000 CL30 URBANE V RGB 패키지 서린,48GB(24Gx2),1184400,87몰,"24,675원/1GB"
78849305,ESSENCORE KLEVV DDR5-6400 CL32 URBANE V RGB 패키지 서린,48GB(24Gx2),1171000,79몰,"24,396원/1GB"
78983834,G.SKILL DDR5-6000 CL36 RIPJAWS M5 NEO RGB 블랙 패키지,32GB(16Gx2),888000,94몰,"27,750원/1GB"
78983882,G.SKILL DDR5-6000 CL36 RIPJAWS M5 NEO RGB 화이트 패키지,32GB(16Gx2),886980,92몰,"27,718원/1GB"
79000574,ESSENCORE KLEVV DDR5-6000 CL30 BOLT V AMD 패키지 서린,32GB(16Gx2),735000,2몰,"22,969원/1GB"
79010636,ESSENCORE KLEVV DDR5-6000 CL30 CRAS V RGB WHITE AMD 패키지 서린,32GB(16Gx2),863500,54몰,"26,984원/1GB"
79017092,ESSENCORE KLEVV DDR5-6400 CL32 CRAS V RGB WHITE AMD 패키지 서린,32GB(16Gx2),869830,56몰,"27,182원/1GB"
79397039,ADATA 노트북 DDR5-5600 CL46 파인인포,16GB,358150,78몰,"22,384원/1GB"
79397126,ADATA 노트북 DDR5-5600 CL46 파인인포,32GB,658740,77몰,"20,586원/1GB"
79397198,ADATA DDR5-5600 CL46-45-45 파인인포,32GB,676000,59몰,"21,125원/1GB"
79397219,ADATA DDR5-5600 CL46-45-45 파인인포,16GB,333400,101몰,"20,838원/1GB"
79408823,삼성전자 DDR5-5600 ECC/REG,64GB,4395000,101몰,"68,672원/1GB"
79408826,삼성전자 DDR5-5600 ECC/REG,32GB,2180000,91몰,"68,125원/1GB"
80151371,G.SKILL DDR5-6000 CL26 TRIDENT Z5 NEO RGB H 화이트 패키지,32GB(16Gx2),1058990,16몰,"33,093원/1GB"
81036575,ADATA DDR5-5600 CL46 LANCER BLADE 블랙 서린,16GB,349950,104몰,"21,872원/1GB"
81036614,ADATA DDR5-5600 CL46 LANCER BLADE 블랙 서린,32GB,645000,9몰,"20,156원/1GB"
81036653,ADATA DDR5-5600 CL46 LANCER BLADE 화이트 서린,16GB,333920,113몰,"20,870원/1GB"
81036776,ADATA DDR5-5600 CL46 LANCER BLADE 화이트 서린,32GB,644960,13몰,"20,155원/1GB"
81036917,ADATA DDR5-6000 CL34 LANCER BLADE RGB 블랙 패키지 서린,32GB(16Gx2),742500,1몰,"23,203원/1GB"
81037184,ADATA DDR5-6000 CL36 LANCER BLADE 화이트 패키지 서린,32GB(16Gx2),745000,2몰,"23,281원/1GB"
81037256,ADATA DDR5-6000 CL36 LANCER BLADE RGB 블랙 패키지 서린,32GB(16Gx2),732500,2몰,"22,891원/1GB"
81037301,ADATA DDR5-6000 CL36 LANCER BLADE RGB 화이트 패키지 서린,32GB(16Gx2),730000,4몰,"22,813원/1GB"
81716342,삼성전자 DDR5-5600 ECC/REG,16GB,1049990,36몰,"65,624원/1GB"
90114077,G.SKILL DDR5-6000 CL30 TRIDENT Z5 NEO RGB J 패키지,96GB(48Gx2),3450560,1몰,"35,943원/1GB"
90114119,G.SKILL DDR5-6000 CL30 TRIDENT Z5 NEO RGB J 화이트 패키지,96GB(48Gx2),3289980,55몰,"34,271원/1GB"
91188350,ESSENCORE KLEVV DDR5-6000 CL28 BOLT V WHITE 패키지 서린,32GB(16Gx2),801400,75몰,"25,044원/1GB"
91188443,ESSENCORE KLEVV DDR5-6000 CL28 CRAS V RGB 패키지 서린,32GB(16Gx2),879000,80몰,"27,469원/1GB"
91188470,ESSENCORE KLEVV DDR5-6000 CL28 CRAS V RGB WHITE 패키지 서린,32GB(16Gx2),917900,85몰,"28,684원/1GB"
91188656,ESSENCORE KLEVV DDR5-6000 CL30 FIT V 패키지 서린,32GB(16Gx2),759000,11몰,"23,719원/1GB"
91188716,ESSENCORE KLEVV DDR5-6000 CL30 FIT V WHITE 패키지 서린,32GB(16Gx2),756000,96몰,"23,625원/1GB"
91496405,ANACOMDA DDR5-5600 CL46 디앤디컴,16GB,336830,36몰,"21,052원/1GB"
92046671,ADATA 노트북 DDR5-5600 CL46 파인인포,8GB,190940,58몰,"23,868원/1GB"
92152220,ESSENCORE KLEVV DDR5-5600 CL30 FIT V 서린,16GB,359000,101몰,"22,438원/1GB"
92152256,ESSENCORE KLEVV DDR5-6000 CL30 BOLT V WHITE 패키지 서린,32GB(16Gx2),795200,127몰,"24,850원/1GB"
92679131,아이티젠 DDR4-3200,32GB,297590,9몰,"9,300원/1GB"
93178919,ADATA DDR5-6000 CL30 LANCER BLADE 화이트 패키지 파인인포,32GB(16Gx2),735000,83몰,"22,969원/1GB"
93178988,ADATA DDR5-6000 CL30 LANCER BLADE 블랙 패키지 파인인포,32GB(16Gx2),749470,77몰,"23,421원/1GB"
93179012,ADATA DDR5-6000 CL30 LANCER BLADE RGB 화이트 패키지 파인인포,32GB(16Gx2),779450,13몰,"22,639원/1GB"
93179039,ADATA DDR5-6000 CL30 LANCER BLADE RGB 화이트 패키지 파인인포,48GB(24Gx2),1026760,81몰,"21,391원/1GB"
93179096,ADATA DDR5-6000 CL30 LANCER BLADE RGB 블랙 패키지 파인인포,32GB(16Gx2),782500,1몰,"24,453원/1GB"
93385487,G.SKILL DDR5-6000 CL28 TRIDENT Z5 NEO RGB J 패키지,32GB(16Gx2),968000,15몰,"30,250원/1GB"
93385544,G.SKILL DDR5-6000 CL32 TRIDENT Z5 NEO RGB J 화이트 패키지,64GB(32Gx2),1848990,78몰,"28,890원/1GB"
93385616,G.SKILL DDR5-6000 CL36 TRIDENT Z5 NEO RGB J 화이트 패키지,32GB(16Gx2),898000,86몰,"28,063원/1GB"
93446816,GeIL DDR5-6000 CL30 GEMINI RGB Gray 패키지,32GB(16Gx2),720000,1몰,"22,500원/1GB"
93629033,ADATA DDR5-6000 CL30 LANCER RGB 화이트 패키지 파인인포,32GB(16Gx2),795000,2몰,"24,844원/1GB"
93629063,ADATA DDR5-6000 CL30 LANCER RGB 블랙 패키지 파인인포,32GB(16Gx2),787410,19몰,"24,607원/1GB"
93803003,G.SKILL DDR5-6000 CL34 FLARE X5 J 패키지,128GB(64Gx2),5899980,67몰,"46,094원/1GB"
93803030,G.SKILL DDR5-6000 CL36 FLARE X5 J 패키지,256GB(64Gx4),11000000,69몰,"42,969원/1GB"
93803096,G.SKILL DDR5-6000 CL34 RIPJAWS S5 J 블랙 패키지,128GB(64Gx2),5799890,75몰,"45,312원/1GB"
93803210,G.SKILL DDR5-6000 CL34 TRIDENT Z5 RGB J 패키지,128GB(64Gx2),5949980,73몰,"46,484원/1GB"
93803243,G.SKILL DDR5-6000 CL34 TRIDENT Z5 NEO RGB J 패키지,128GB(64Gx2),5949980,66몰,"46,484원/1GB"
93803294,G.SKILL DDR5-6000 CL36 TRIDENT Z5 NEO RGB J 패키지,256GB(64Gx4),11078650,74몰,"43,276원/1GB"
93805016,ESSENCORE KLEVV DDR5-6400 CL30 BOLT V 패키지 서린,32GB(16Gx2),878990,73몰,"27,468원/1GB"
93805103,ESSENCORE KLEVV DDR5-6400 CL30 BOLT V WHITE 패키지 서린,32GB(16Gx2),875490,63몰,"27,359원/1GB"
93862913,V-Color DDR5-6400 CL32 ECC/REG 패키지,128GB(32Gx4),8048390,34몰,"62,878원/1GB"
94129193,삼성전자 노트북 DDR4-3200 중고,32GB,275000,51몰,"8,594원/1GB"
94450280,ADATA 노트북 DDR4-3200 CL22 파인인포,16GB,204330,66몰,"12,771원/1GB"
94450292,ADATA 노트북 DDR4-3200 CL22 파인인포,8GB,90680,70몰,"11,335원/1GB"
94450319,ADATA DDR4-3200 CL22 파인인포,16GB,175000,69몰,"10,938원/1GB"
94450340,ADATA DDR4-3200 CL22 파인인포,8GB,89410,72몰,"11,176원/1GB"
94568963,ESSENCORE KLEVV DDR5-6000 CL30 BOLT V 패키지 서린,64GB(32Gx2),1645000,57몰,"25,703원/1GB"
94568981,ESSENCORE KLEVV DDR5-6000 CL30 BOLT V WHITE 패키지 서린,64GB(32Gx2),1645000,60몰,"25,703원/1GB"
94638185,ESSENCORE KLEVV DDR5-5600 CL46 AMD 파인인포,16GB,337480,68몰,"21,093원/1GB"
94638203,ESSENCORE KLEVV DDR5-5600 CL46 AMD 파인인포,8GB,181500,93몰,"22,688원/1GB"
95056655,PATRIOT DDR5-6000 CL28 VIPER Elite 5 ULTRA RGB 패키지,32GB(16Gx2),812810,55몰,"25,400원/1GB"
95057237,PATRIOT DDR5-6000 CL28 VIPER Elite 5 ULTRA 패키지,32GB(16Gx2),762960,64몰,"23,843원/1GB"
95057837,PATRIOT DDR5-8000 CL38 VIPER Xtreme5 RGB 패키지,32GB(16Gx2),832740,57몰,"26,023원/1GB"
95202428,ADATA DDR5-5600 CL46 LANCER BLADE 블랙 파인인포,16GB,338340,91몰,"21,146원/1GB"
95202470,ADATA DDR5-5600 CL46 LANCER BLADE 화이트 파인인포,16GB,338340,86몰,"21,146원/1GB"
95205599,ADATA DDR5-6000 CL36 LANCER BLADE 블랙 패키지 파인인포,32GB(16Gx2),735580,18몰,"22,987원/1GB"
95205638,ADATA DDR5-6000 CL34 LANCER BLADE 블랙 패키지 파인인포,32GB(16Gx2),728000,3몰,"22,750원/1GB"
95205719,ADATA DDR5-6000 CL36 LANCER BLADE 화이트 패키지 파인인포,32GB(16Gx2),720780,78몰,"22,524원/1GB"
95205869,ADATA DDR5-5600 CL46 LANCER BLADE 블랙 파인인포,32GB,668130,92몰,"20,879원/1GB"
95205893,ADATA DDR5-5600 CL46 LANCER BLADE 화이트 파인인포,32GB,663860,95몰,"20,746원/1GB"
95423780,BIWIN DDR4-3200 CL22,16GB,159000,72몰,"9,938원/1GB"
95423906,BIWIN DDR5-5600 CL46,32GB,925190,68몰,"28,912원/1GB"
95423924,BIWIN DDR5-5600 CL46,16GB,451500,66몰,"28,219원/1GB"
95423948,BIWIN DDR5-6000 CL30 HX100 블랙 패키지,64GB(32Gx2),1890000,1몰,"29,531원/1GB"
95423957,BIWIN DDR5-6000 CL30 HX100 블랙 패키지,32GB(16Gx2),1040000,1몰,"32,500원/1GB"
95423984,BIWIN DDR5-6000 CL28 HX100 블랙 패키지,48GB(24Gx2),1190000,1몰,"24,792원/1GB"
95424008,BIWIN DDR5-6000 CL30 HX100 실버 패키지,64GB(32Gx2),1890000,1몰,"29,531원/1GB"
95424011,BIWIN DDR5-6000 CL30 HX100 실버 패키지,32GB(16Gx2),1040000,1몰,"32,500원/1GB"
95424023,BIWIN DDR5-6000 CL28 HX100 실버 패키지,48GB(24Gx2),1190000,1몰,"24,792원/1GB"
95424062,BIWIN DDR5-6000 CL30 DW100 RGB 블랙 패키지,64GB(32Gx2),1950000,1몰,"30,469원/1GB"
95424074,BIWIN DDR5-6000 CL30 DW100 RGB 블랙 패키지,32GB(16Gx2),1060000,1몰,"33,125원/1GB"
95424089,BIWIN DDR5-6000 CL28 DW100 RGB 블랙 패키지,48GB(24Gx2),1090000,105몰,"22,708원/1GB"
95424092,BIWIN DDR5-6000 CL30 DW100 RGB 화이트 패키지,64GB(32Gx2),1950000,1몰,"30,469원/1GB"
95424116,BIWIN DDR5-6000 CL28 DW100 RGB 화이트 패키지,48GB(24Gx2),1090000,102몰,"22,708원/1GB"
96368429,타무즈 DDR5-5600 CL46 S5,16GB,329000,1몰,"20,563원/1GB"
96773279,킹스톤 FURY DDR5-6000 CL30 Beast RGB 블랙 패키지 코잇,32GB(16Gx2),990980,113몰,"30,968원/1GB"
96773297,킹스톤 FURY DDR5-6000 CL30 Beast RGB 블랙 패키지 코잇,64GB(32Gx2),2010630,83몰,"31,416원/1GB"
96773312,킹스톤 FURY DDR5-6000 CL30 Beast RGB 화이트 패키지 코잇,64GB(32Gx2),2011610,85몰,"31,431원/1GB"
96773315,킹스톤 FURY DDR5-6000 CL30 Beast RGB 화이트 패키지 코잇,32GB(16Gx2),1005170,104몰,"31,412원/1GB"
96773372,킹스톤 FURY DDR5-5600 CL36 Beast 블랙 코잇,16GB,443940,100몰,"27,746원/1GB"
96773399,킹스톤 FURY DDR5-5600 CL36 Beast 화이트 코잇,16GB,443690,98몰,"27,731원/1GB"
96773477,킹스톤 DDR5-5600 CL46 코잇,32GB,785000,90몰,"24,531원/1GB"
96773492,킹스톤 DDR5-5600 CL46 코잇,16GB,444770,97몰,"27,798원/1GB"
96773624,TeamGroup T-CREATE DDR5-6400 CL42 EXPERT 패키지 서린,128GB(64Gx2),3700000,69몰,"28,906원/1GB"
96773702,TeamGroup T-CREATE DDR5-6400 CL42 EXPERT 화이트 패키지 서린,128GB(64Gx2),3661320,75몰,"28,604원/1GB"
97124168,AFOX DDR4-3200 CL22 대원씨티에스,8GB,83580,84몰,"10,448원/1GB"
97124171,AFOX DDR4-3200 CL22 대원씨티에스,16GB,165980,86몰,"10,374원/1GB"
97365275,GeIL 노트북 DDR5-5600 CL46,16GB,359980,63몰,"22,499원/1GB"
97841867,HIKSEMI DDR4-3200 CL18 HIKER 중고,16GB,130000,3몰,"8,125원/1GB"
98572421,G.SKILL DDR5-6400 CL32 G5 ECC/REG 패키지,192GB(48Gx4),10400000,49몰,"54,167원/1GB"
98576942,G.SKILL DDR5-6400 CL32 G5 ECC/REG 패키지,128GB(32Gx4),8799980,49몰,"68,750원/1GB"
98613434,G.SKILL DDR5-6400 CL36 T5 NEO ECC/REG 패키지,256GB(64Gx4),15899980,50몰,"62,109원/1GB"
98613491,G.SKILL DDR5-6400 CL32 T5 NEO ECC/REG 패키지,192GB(48Gx4),10400000,55몰,"54,167원/1GB"
98613503,G.SKILL DDR5-6400 CL32 T5 NEO ECC/REG 패키지,128GB(32Gx4),9899980,48몰,"77,344원/1GB"
99128864,타무즈 DDR5-5600 CL40 XMP,16GB,345000,6몰,"21,563원/1GB"
99639581,SK하이닉스 DDR4-3200,16GB,228350,62몰,"14,272원/1GB"
99737048,AGI DDR5-5600 CL46 UD238 서린,16GB,335590,92몰,"20,974원/1GB"
99737063,AGI DDR5-5600 CL46 UD238 서린,32GB,685370,64몰,"21,418원/1GB"
99749048,Apacer DDR5-5200 CL40 NOX RGB BLACK 패키지,32GB(16Gx2),635000,66몰,"19,844원/1GB"
99749258,Apacer DDR5-5200 CL40 NOX RGB SILVER 패키지,32GB(16Gx2),634980,69몰,"19,843원/1GB"
99749339,Apacer DDR5-6000 CL38 NOX RGB BLACK 패키지,32GB(16Gx2),738980,66몰,"23,093원/1GB"
99749546,Apacer DDR5-6000 CL38 NOX RGB BLACK 패키지,64GB(32Gx2),1552500,1몰,"24,258원/1GB"
99749558,Apacer DDR5-6000 CL38 NOX RGB SILVER 패키지,32GB(16Gx2),705870,71몰,"22,058원/1GB"
99749564,Apacer DDR5-6000 CL38 NOX RGB SILVER 패키지,64GB(32Gx2),1550000,68몰,"24,219원/1GB"
99750215,마이크론 Crucial DDR5-5600 CL46 PRO 대원씨티에스,32GB,794250,20몰,"24,820원/1GB"
99886835,Apacer DDR5-5200 CL40 NOX BLACK 패키지,32GB(16Gx2),605270,76몰,"18,915원/1GB"
99887309,Apacer DDR5-5200 CL40 NOX WHITE 패키지,32GB(16Gx2),619990,60몰,"19,375원/1GB"
99887372,Apacer DDR5-6000 CL38 NOX BLACK 패키지,32GB(16Gx2),699000,76몰,"21,844원/1GB"
99887405,Apacer DDR5-6000 CL38 NOX WHITE 패키지,32GB(16Gx2),699000,64몰,"21,844원/1GB"
99893666,Apacer DDR5-5600 CL46,16GB,336980,95몰,"21,061원/1GB"
99893684,Apacer DDR5-5600 CL46,32GB,714980,69몰,"22,343원/1GB"
99946529,PATRIOT DDR5-5600 CL46 SIGNATURE PREMIUM 블랙,8GB,193470,76몰,"24,184원/1GB"
99946718,PATRIOT DDR5-6000 CL30 SIGNATURE PREMIUM EVO 블랙,16GB,348330,82몰,"21,771원/1GB"
99946733,PATRIOT DDR5-6000 CL30 SIGNATURE PREMIUM EVO 화이트,16GB,345010,84몰,"21,563원/1GB"
100192370,킹스톤 FURY DDR5-5600 CL36 Beast 블랙 코잇,32GB,789570,3몰,"24,674원/1GB"
100192376,킹스톤 FURY DDR5-5600 CL36 Beast 화이트 코잇,32GB,932390,76몰,"29,137원/1GB"
100273145,마이크론 Crucial DDR4-3200 CL22 PRO 패키지 대원씨티에스,32GB(16Gx2),377970,74몰,"11,812원/1GB"
100273337,마이크론 Crucial DDR5-5600 CL46 PRO 대원씨티에스,64GB,1250000,2몰,"19,531원/1GB"
100387547,ADATA DDR4-3200 CL22 파인인포,32GB,411490,71몰,"12,859원/1GB"
100619435,마이크론 Crucial DDR5-5600 CL46 PRO 패키지 대원씨티에스,128GB(64Gx2),4194300,14몰,"32,768원/1GB"
100692737,ESSENCORE KLEVV DDR5-6000 CL28 URBANE V RGB 화이트 패키지 서린,32GB(16Gx2),888980,82몰,"27,781원/1GB"
100692755,ESSENCORE KLEVV DDR5-6000 CL28 URBANE V RGB 블랙 패키지 서린,32GB(16Gx2),887900,79몰,"27,747원/1GB"
100692833,ESSENCORE KLEVV DDR5-6000 CL30 URBANE V RGB 블랙 패키지 서린,32GB(16Gx2),884600,90몰,"27,644원/1GB"
100695821,ADATA DDR5-6000 CL36 LANCER BLADE RGB 블랙 패키지 파인인포,32GB(16Gx2),720830,71몰,"22,526원/1GB"
100695824,ADATA DDR5-6000 CL36 LANCER BLADE RGB 화이트 패키지 파인인포,32GB(16Gx2),800690,3몰,"25,022원/1GB"
100700621,OLOy DDR5-5600 CL40 BLADE RGB BLACK 패키지 올로코리아,32GB(16Gx2),680170,3몰,"21,255원/1GB"
101078510,AGI DDR5-6000 CL30 TURBOJET UD858 블랙 패키지 서린,32GB(16Gx2),789000,61몰,"24,656원/1GB"
101078582,AGI DDR5-6000 CL30 TURBOJET UD858 RGB 블랙 패키지 서린,32GB(16Gx2),798980,73몰,"24,968원/1GB"
101078618,AGI DDR5-6000 CL30 TURBOJET UD858 RGB 화이트 패키지 서린,32GB(16Gx2),798860,81몰,"24,964원/1GB"
101079236,BIWIN DDR5-4800 CL40,32GB,358140,62몰,"11,192원/1GB"
101079248,BIWIN DDR5-4800 CL40,16GB,309130,74몰,"19,321원/1GB"
101185058,AGI DDR5-5600 CL46 UD238 HEATSINK 서린,16GB,362500,1몰,"22,656원/1GB"
101628665,AGI DDR4-3200 CL22 UD138 서린,8GB,94980,58몰,"11,873원/1GB"
101628668,AGI DDR4-3200 CL22 UD138 서린,16GB,193980,56몰,"12,124원/1GB"
101628743,AGI DDR4-3600 CL18 TURBOJET UD848 RGB BLACK 서린,32GB(16Gx2),398980,61몰,"12,468원/1GB"
101665346,Apacer 노트북 DDR5-5600 CL46,16GB,342500,3몰,"21,406원/1GB"
101667029,Apacer 노트북 DDR5-5600 CL46,32GB,714980,56몰,"22,343원/1GB"
101721578,AGI 노트북 DDR5-5600 CL46 SD238 서린,32GB,715000,16몰,"22,344원/1GB"
101721581,AGI 노트북 DDR5-5600 CL46 SD238 서린,16GB,354980,56몰,"22,186원/1GB"
101725853,AGI 노트북 DDR4-3200 CL22 SD138 서린,16GB,188980,65몰,"11,811원/1GB"
101725856,AGI 노트북 DDR4-3200 CL22 SD138 서린,8GB,97000,66몰,"12,125원/1GB"
102553307,G.SKILL DDR5-5600 CL36 FLARE X5 AMD 블랙,8GB,224980,61몰,"28,123원/1GB"
102553352,G.SKILL DDR5-6000 CL30 FLARE X5 AMD 블랙,8GB,234000,59몰,"29,250원/1GB"
102553379,G.SKILL DDR5-6000 CL36 RIPJAWS S5 블랙,16GB,407400,71몰,"25,463원/1GB"
103130627,삼성전자 DDR5-6400 ECC/REG,64GB,4791910,33몰,"74,874원/1GB"
103415249,타무즈 DDR5-5600 CL46,8GB,230800,3몰,"28,850원/1GB"
103415291,ADATA DDR5-6000 CL30 ARMAX RGB 패키지 파인인포,32GB(16Gx2),759020,77몰,"23,719원/1GB"
103415363,ADATA DDR5-5600 CL46 ARMAX 파인인포,16GB,327310,87몰,"20,457원/1GB"
103416014,GeIL DDR5-6000 CL36 ORION V RGB 패키지,32GB(16Gx2),718810,84몰,"22,463원/1GB"
103516745,ADATA DDR5-5600 CL46-45-45 파인인포,8GB,182650,78몰,"22,831원/1GB"
103599704,GeIL DDR5-6000 CL36 ORION V RGB WHITE 패키지,32GB(16Gx2),741490,78몰,"23,172원/1GB"
103752776,AGI DDR5-6000 CL30 TURBOJET UD858 RGB 블랙 패키지 서린,48GB(24Gx2),1029260,65몰,"21,443원/1GB"
104045429,컴이지 킹덤 DDR4-3200 CL22,16GB,140610,125몰,"8,788원/1GB"
104374652,ADATA DDR5-5600 CL46 ARMAX 서린,16GB,342860,71몰,"21,429원/1GB"
104374655,ADATA DDR5-6000 CL30 ARMAX RGB 패키지 서린,32GB(16Gx2),779980,61몰,"24,374원/1GB"
104571350,컴이지 킹덤 DDR5-5600 CL46,16GB,326590,85몰,"20,412원/1GB"
104751800,V-Color Manta XSKY DDR5-6000 CL30 RGB EXPO 패키지,32GB(16Gx2),702980,39몰,"21,968원/1GB"
104752595,ADATA DDR5-5600 CL46-45-45 파인인포,64GB,1650000,5몰,"206,250원/1GB"
104938703,OLOy DDR5-6800 CL32 BLADE BLACK 패키지 올로코리아,32GB(16Gx2),674970,69몰,"21,093원/1GB"
104989391,SK하이닉스 DDR4-3200 병행수입,16GB,214780,36몰,"13,424원/1GB"
105817907,PNY DDR5-5600 CL40 Performance,16GB,349000,14몰,"21,813원/1GB"
105817916,PNY DDR4-3200 CL16 Performance,8GB,95000,52몰,"11,875원/1GB"
105818027,ADATA DDR5-5600 CL46 ECC/REG 파인인포,32GB,2100550,58몰,"65,642원/1GB"
105818030,ADATA DDR5-5600 CL46 ECC/REG 파인인포,16GB,994980,55몰,"62,186원/1GB"
105818036,ADATA DDR5-5600 CL46 ECC/REG 파인인포,64GB,3989590,66몰,"62,337원/1GB"
105966707,ANACOMDA DDR5-6000 CL38 KING SNAKE 블랙 얼티메이크,32GB(16Gx2),667160,8몰,"20,849원/1GB"
105966770,ANACOMDA DDR5-6000 CL38 KING SNAKE 화이트 얼티메이크,32GB(16Gx2),667160,6몰,"20,849원/1GB"
105969236,CORSAIR DDR5-6000 CL36 VENGEANCE RGB RS 패키지,32GB(16Gx2),751050,52몰,"23,470원/1GB"
105969242,CORSAIR DDR5-6000 CL36 VENGEANCE WHITE 패키지,32GB(16Gx2),749700,13몰,"23,428원/1GB"
105969257,CORSAIR DDR5-5600 CL48 VENGEANCE SODIMM,16GB,357480,17몰,"22,343원/1GB"
105969299,TeamGroup T-CREATE DDR5-6000 CL40 EXPERT 패키지 서린,128GB(64Gx2),3600000,72몰,"28,125원/1GB"
105969302,TeamGroup T-CREATE DDR5-6000 CL40 EXPERT 화이트 패키지 서린,128GB(64Gx2),3600000,71몰,"28,125원/1GB"
106045133,CORSAIR DDR5-6000 CL36 VENGEANCE,16GB,348000,50몰,"21,750원/1GB"
106045574,GUDGA DDR5-5600 CL46,8GB,148000,1몰,"18,500원/1GB"
106046342,CORSAIR DDR5-6000 CL36 VENGEANCE RGB,16GB,459900,1몰,"28,744원/1GB"
106694363,AGI DDR5-6000 CL30 TURBOJET UD858 RGB 블루그린 패키지 서린,32GB(16Gx2),778980,66몰,"24,343원/1GB"
106695737,TeamGroup 노트북 DDR4-3200 CL22 Elite,8GB,86520,55몰,"10,815원/1GB"
106695755,TeamGroup 노트북 DDR4-3200 CL22 Elite,16GB,173040,52몰,"10,815원/1GB"
106695761,TeamGroup 노트북 DDR4-3200 CL22 Elite,32GB,382650,53몰,"11,958원/1GB"
106729376,FRIO DDR5-5600 CL46,16GB,315360,2몰,"19,710원/1GB"
106747745,TeamGroup T-Force DDR4-3600 CL18 Vulcan Z Gray 패키지 서린,16GB(8Gx2),223130,58몰,"13,946원/1GB"
107770946,옵티머스 DDR5-5600 아인스시스템,16GB,304000,12몰,"19,000원/1GB"
108391649,삼성전자 DDR5-6400 CL52 CUDIMM,8GB,181600,74몰,"22,700원/1GB"
108391655,삼성전자 DDR5-6400 CL52 CUDIMM,16GB,350180,85몰,"21,886원/1GB"
108418964,AGI DDR5-6000 CL36 TURBOJET UD858 RGB 블랙 패키지 서린,32GB(16Gx2),689660,59몰,"21,552원/1GB"
108419015,AGI DDR5-6000 CL36 TURBOJET UD858 RGB 화이트 패키지 서린,32GB(16Gx2),689660,53몰,"21,552원/1GB"
109483250,Apacer DDR4-3200 CL22,8GB,104980,66몰,"13,123원/1GB"
109483274,Apacer DDR4-3200 CL22,16GB,206940,62몰,"12,934원/1GB"
109483625,ADATA DDR5-6000 CL30 ARMAX 패키지 파인인포,32GB(16Gx2),754640,78몰,"23,583원/1GB"
109680518,삼성전자 DDR5-5600,24GB,409640,82몰,"17,068원/1GB"
109682669,G.SKILL DDR5-5600 CL28 G5 NEO ECC/REG 패키지,128GB(32Gx4),7700000,36몰,"60,156원/1GB"
109682708,G.SKILL DDR5-5600 CL28 G5 ECC/REG 패키지,128GB(32Gx4),7700000,69몰,"60,156원/1GB"
122629732,컴이지 킹덤 DDR4-3200 CL22,8GB,82560,82몰,"10,320원/1GB"
122658611,삼성전자 DDR5-7200 CL58 CUDIMM,16GB,417900,51몰,"26,119원/1GB"
122663226,ESSENCORE KLEVV DDR5-6000 CL30 FIT V AMD 패키지 서린,16GB(8Gx2),374000,74몰,"11,688원/1GB"
122663232,ESSENCORE KLEVV DDR5-6000 CL30 FIT V WHITE AMD 패키지 서린,16GB(8Gx2),374000,68몰,"11,688원/1GB"
122709317,ADATA DDR5-6400 CL52 CUDIMM 파인인포,16GB,387090,3몰,"24,193원/1GB"
122720444,G.SKILL DDR5-5600 CL46 G5 ECC/REG,32GB,2290000,40몰,"71,563원/1GB"
122720466,G.SKILL DDR5-5600 CL46 G5 ECC/REG,48GB,2330000,50몰,"48,542원/1GB"
122720491,G.SKILL DDR5-5600 CL46 G5 ECC/REG,64GB,4330000,1몰,"67,656원/1GB"
122720502,G.SKILL DDR5-6400 CL52 G5 ECC/REG,32GB,2490000,41몰,"77,813원/1GB"
122720514,G.SKILL DDR5-6400 CL52 G5 ECC/REG,48GB,2540000,41몰,"52,917원/1GB"
122720520,G.SKILL DDR5-6400 CL52 G5 ECC/REG,64GB,4300000,39몰,"67,188원/1GB"
122725544,GeIL DDR5-6000 CL36 GEMINI RGB White 패키지,32GB(16Gx2),744980,66몰,"23,281원/1GB"
122725556,GeIL DDR5-6000 CL36 GEMINI RGB Gray 패키지,32GB(16Gx2),744980,67몰,"23,281원/1GB"
122727449,G.SKILL DDR5-6000 CL36 TRIDENT Z5 NeoX RGB for AMD ULL 글로시블랙 패키지,32GB(16Gx2),985000,47몰,"30,781원/1GB"
122727471,G.SKILL DDR5-6000 CL36 TRIDENT Z5 NeoX RGB for AMD ULL 매트블랙 패키지,32GB(16Gx2),985000,43몰,"30,781원/1GB"
122727477,G.SKILL DDR5-6000 CL36 TRIDENT Z5 NeoX RGB for AMD ULL 매트화이트 패키지,32GB(16Gx2),985000,41몰,"30,781원/1GB"
122727495,G.SKILL DDR5-6000 CL30 TRIDENT Z5 NeoX RGB for AMD ULL 글로시블랙 패키지,32GB(16Gx2),1179980,43몰,"36,874원/1GB"
122727504,G.SKILL DDR5-6000 CL30 TRIDENT Z5 NeoX RGB for AMD ULL 매트블랙 패키지,32GB(16Gx2),1181990,42몰,"36,937원/1GB"
122727512,G.SKILL DDR5-6000 CL30 TRIDENT Z5 NeoX RGB for AMD ULL 매트화이트 패키지,32GB(16Gx2),1159980,41몰,"36,249원/1GB"
122727531,G.SKILL DDR5-6000 CL28 TRIDENT Z5 NeoX RGB for AMD ULL 글로시블랙 패키지,32GB(16Gx2),1990000,41몰,"62,188원/1GB"
122727533,G.SKILL DDR5-6000 CL28 TRIDENT Z5 NeoX RGB for AMD ULL 매트블랙 패키지,32GB(16Gx2),1990000,41몰,"62,188원/1GB"
122727534,G.SKILL DDR5-6000 CL28 TRIDENT Z5 NeoX RGB for AMD ULL 매트화이트 패키지,32GB(16Gx2),1990000,44몰,"62,188원/1GB"
122727537,G.SKILL DDR5-6000 CL26 TRIDENT Z5 NeoX RGB for AMD ULL 글로시블랙 패키지,32GB(16Gx2),2189980,43몰,"68,437원/1GB"
122727539,G.SKILL DDR5-6000 CL26 TRIDENT Z5 NeoX RGB for AMD ULL 매트블랙 패키지,32GB(16Gx2),2189980,43몰,"68,437원/1GB"
122727540,G.SKILL DDR5-6000 CL26 TRIDENT Z5 NeoX RGB for AMD ULL 매트화이트 패키지,32GB(16Gx2),2090000,46몰,"65,313원/1GB"
123437610,ESSENCORE KLEVV DDR5-6000 CL28 FIT V BLACK AMD 패키지 서린,32GB(16Gx2),738980,57몰,"23,093원/1GB"
123437617,ESSENCORE KLEVV DDR5-6000 CL28 FIT V WHITE AMD 패키지 서린,32GB(16Gx2),738980,56몰,"23,093원/1GB"
123538748,ESSENCORE KLEVV DDR5-6000 CL30 BOLT V WHITE AMD 패키지 서린,32GB(16Gx2),797420,19몰,"24,919원/1GB"
123538770,ESSENCORE KLEVV DDR5-6400 CL32 BOLT V WHITE AMD 패키지 서린,32GB(16Gx2),797420,41몰,"24,919원/1GB"
123605036,삼성전자 노트북 DDR3-1600 1.35V 중고,2GB,8590,4몰,
123721481,PATRIOT DDR5-6000 CL36 SIGNATURE PREMIUM EVO 블랙,16GB,319770,60몰,"19,986원/1GB"
123721482,PATRIOT DDR5-6000 CL36 SIGNATURE PREMIUM EVO 화이트,16GB,319770,59몰,"19,986원/1GB"
123721493,TeamGroup 노트북 DDR5-5600 CL46 Elite 서린,16GB,340150,51몰,"21,259원/1GB"
123723079,V-Color DDR5-5600 CL46 STANDARD ECC/REG 패키지,128GB(32Gx4),7285910,43몰,"56,921원/1GB"
123723097,V-Color DDR5-5600 CL46 STANDARD ECC/REG 패키지,256GB(64Gx4),15037790,45몰,"58,741원/1GB"
123723120,V-Color DDR5-5600 CL46 STANDARD ECC/REG 패키지,512GB(128Gx4),36429590,35몰,"71,152원/1GB"
123799310,삼성전자 노트북 DDR5-5600 중고,32GB,677750,25몰,"21,180원/1GB"
123971709,지티엠코리아 DDR5-4800,16GB,329000,2몰,"20,563원/1GB"
123982940,SIX DDR5-4800,16GB,288990,35몰,"18,062원/1GB"
124012589,삼성전자 DDR5-6400 ECC/REG,128GB,9900000,13몰,"77,344원/1GB"
124167297,PATRIOT DDR5-5600 CL46 SIGNATURE PREMIUM 화이트,8GB,189980,28몰,"23,748원/1GB"
124180438,BIWIN DDR5-6000 CL26 Origin Code VORTEX RGB 패키지,192GB(48Gx4),8900000,1몰,"46,354원/1GB"
124180487,BIWIN DDR5-6000 CL26 Origin Code VORTEX RGB 블랙 패키지,96GB(48Gx2),2990000,2몰,"31,146원/1GB"
124181262,PNY DDR5-5600 CL46,16GB,가격비교예정,0몰,
124184364,ADATA TRUSTA DDR5-5600 CL46 ECC/REG,64GB,가격비교예정,0몰,
124184373,ADATA TRUSTA DDR5-5600 CL46 ECC/REG,32GB,가격비교예정,0몰,
124184376,ADATA TRUSTA DDR5-5600 CL46 ECC/REG,16GB,가격비교예정,0몰,
124199101,TeamGroup T-Force DDR5-5600 CL40 Delta RGB 블랙 패키지,32GB(16Gx2),750000,28몰,"23,438원/1GB"
124199132,TeamGroup T-Force DDR5-5600 CL40 Delta RGB 화이트 패키지,32GB(16Gx2),720000,28몰,"22,500원/1GB"
124236511,AGI DDR5-6400 CL52 RD238 ECC/REG,64GB,4189400,12몰,"65,459원/1GB"
124236516,AGI DDR5-5600 CL46 RD238 ECC/REG,64GB,409900,4몰,"6,405원/1GB"
124236524,AGI DDR5-5600 CL46 RD238 ECC/REG,32GB,1948550,10몰,"60,892원/1GB"
124237121,ADATA DDR5-6400 CL52 CUDIMM 파인인포,64GB,가격비교예정,0몰,
124237133,ADATA DDR5-6400 CL52 CUDIMM 파인인포,32GB,가격비교예정,0몰,
124237277,삼성전자 DDR5-7200 CL58 CUDIMM,8GB,185320,14몰,"23,165원/1GB"
