Id,Name,Type,Price,Mall,2026-10-04 00:53:30
1510996,이지넷유비쿼터스 USB 3.0 to SATA 확장 어댑터 (NEXT-318U3),,18400,181몰,
1649125,라이트컴 COMS 3.5인치 HDD 케이스,,2120,350몰,
2482945,티피원 storyG 3.5형 하드 케이스,,1310,14몰,
2813718,트랜센드 MSA370 mSATA,64GB,413980,41몰,"6,468원/1GB"
2813737,트랜센드 MSA370 mSATA,128GB,788980,56몰,"6,164원/1GB"
2813743,트랜센드 MSA370 mSATA,256GB,1529980,78몰,"5,976원/1GB"
2837539,트랜센드 MSA370 mSATA,512GB,3250000,33몰,"6,348원/1GB"
3190080,트랜센드 SSD370S,64GB,354000,4몰,"5,531원/1GB"
3190082,트랜센드 SSD370S,128GB,658000,4몰,"5,141원/1GB"
3190087,트랜센드 SSD370S,256GB,1290000,4몰,"5,039원/1GB"
3208163,트랜센드 SSD370S,512GB,2540000,4몰,"4,961원/1GB"
3244009,트랜센드 SSD370S,1TB,5000000,4몰,"5,000원/1GB"
3438986,위즈플랫 새로텍 HDD Protection Box SPX-3510N,,34110,20몰,
3568758,트랜센드 MSA370 mSATA,32GB,222000,31몰,"6,938원/1GB"
3932027,이지넷유비쿼터스 USB 3.0 2.5형 SSD/HDD SATA3 컨트롤러 (NEXT-415MU3),,5600,170몰,
3975334,트랜센드 SSD220S,480GB,169000,90몰,352원/1GB
3975348,트랜센드 SSD220S,240GB,125000,71몰,521원/1GB
4091615,트랜센드 SSD220S,120GB,69000,102몰,575원/1GB
4413004,트랜센드 MTS820 M.2 SATA,240GB,143840,2몰,599원/1GB
4413015,트랜센드 MTS820 M.2 SATA,120GB,70000,7몰,583원/1GB
4593708,Western Digital WD GREEN SSD,240GB,727440,2몰,"3,031원/1GB"
4825561,트랜센드 SSD230S,512GB,250000,96몰,488원/1GB
4825610,트랜센드 SSD230S,256GB,190000,94몰,742원/1GB
4825624,트랜센드 SSD230S,128GB,95950,103몰,750원/1GB
5579642,Western Digital WD Blue 3D SSD,250GB,180000,1몰,720원/1GB
5579658,Western Digital WD Blue 3D SSD,1TB,440000,1몰,440원/1GB
5702285,삼성전자 PM981 M.2 NVMe 병행수입,512GB,184900,11몰,361원/1GB
5702297,삼성전자 PM981 M.2 NVMe 병행수입,1TB,304720,7몰,305원/1GB
5834313,삼성전자 860 EVO M.2 SATA,250GB,230000,1몰,920원/1GB
5834333,삼성전자 860 EVO M.2 SATA,1TB,492000,2몰,492원/1GB
5901547,트랜센드 SSD370S,32GB,195000,1몰,"6,094원/1GB"
5901598,트랜센드 SSD230S,1TB,455000,100몰,455원/1GB
5986682,트랜센드 MTS820S M.2 SATA,120GB,70000,68몰,583원/1GB
5986687,트랜센드 MTS820S M.2 SATA,240GB,123000,89몰,513원/1GB
5986690,트랜센드 MTS820S M.2 SATA,480GB,188300,71몰,392원/1GB
6012363,삼성전자 PM981 M.2 NVMe 병행수입,256GB,77900,3몰,304원/1GB
6078367,Western Digital WD Blue 3D M.2 SATA,1TB,490000,1몰,490원/1GB
6242066,트랜센드 MTE110S M.2 NVMe,128GB,89000,93몰,695원/1GB
6242075,트랜센드 MTE110S M.2 NVMe,256GB,128250,89몰,501원/1GB
6242079,트랜센드 MTE110S M.2 NVMe,512GB,167200,84몰,327원/1GB
6429569,마이크론 Crucial BX500 대원씨티에스,240GB,87070,56몰,363원/1GB
6446362,Western Digital WD GREEN SSD,480GB,185490,2몰,386원/1GB
6460412,인텔 D3-S4510,240GB,1507000,1몰,"6,279원/1GB"
6460532,인텔 D3-S4510,480GB,1699000,1몰,"3,540원/1GB"
6460535,인텔 D3-S4510,960GB,2739000,1몰,"2,853원/1GB"
6460539,인텔 D3-S4510,1.92TB,4990000,1몰,"2,599원/1GB"
6476441,ADATA Ultimate SU800,512GB,242250,31몰,473원/1GB
6476453,ADATA Ultimate SU800,1TB,272910,1몰,273원/1GB
6627592,Western Digital WD GREEN M.2 SATA,480GB,340000,1몰,708원/1GB
6798478,트랜센드 MTS830S M.2 SATA,128GB,106000,89몰,828원/1GB
6798490,트랜센드 MTS830S M.2 SATA,256GB,186090,83몰,727원/1GB
6798502,트랜센드 MTS830S M.2 SATA,512GB,289000,90몰,564원/1GB
6938251,트랜센드 MTE110S M.2 NVMe,1TB,360000,92몰,360원/1GB
6938563,트랜센드 MTS830S M.2 SATA,1TB,488980,78몰,489원/1GB
7063738,삼성전자 PM981 M.2 NVMe 벌크,256GB,77900,10몰,304원/1GB
7063753,삼성전자 PM981 M.2 NVMe 벌크,512GB,195900,3몰,383원/1GB
7136722,삼성전자 970 EVO Plus M.2 NVMe,250GB,160000,1몰,640원/1GB
7136788,삼성전자 970 EVO Plus M.2 NVMe,1TB,409990,2몰,410원/1GB
7162783,Lexar NS100,256GB,56030,24몰,219원/1GB
7162801,Lexar NS100,512GB,88770,24몰,173원/1GB
7175386,ADATA XPG SX6000 Lite M.2 NVMe,256GB,93730,4몰,366원/1GB
7261471,GIGABYTE SSD 제이씨현,480GB,132700,75몰,276원/1GB
7277257,Western Digital WD GREEN SSD,1TB,269810,86몰,270원/1GB
7395145,Western Digital WD BLACK SN750 M.2 NVMe,500GB,310000,1몰,620원/1GB
7430029,트랜센드 MSA230S mSATA,64GB,79500,82몰,"1,242원/1GB"
7430038,트랜센드 MSA230S mSATA,128GB,118000,82몰,922원/1GB
7631194,트랜센드 SSD230S,2TB,1650000,108몰,825원/1GB
7911898,TeamGroup MS30 M.2 SATA,256GB,114000,81몰,445원/1GB
7911922,TeamGroup MS30 M.2 SATA,512GB,156000,95몰,305원/1GB
7981315,한창코퍼레이션 Cloud SSD,120GB,50000,52몰,417원/1GB
7981351,한창코퍼레이션 Cloud SSD,128GB,52000,57몰,406원/1GB
7981372,한창코퍼레이션 Cloud SSD,240GB,62000,52몰,258원/1GB
7981390,한창코퍼레이션 Cloud SSD,256GB,65000,61몰,254원/1GB
7981411,한창코퍼레이션 Cloud SSD,480GB,120000,58몰,250원/1GB
7981429,한창코퍼레이션 Cloud SSD,512GB,134000,60몰,262원/1GB
7981645,한창코퍼레이션 Cloud SSD,1TB,208000,67몰,208원/1GB
8034664,삼성전자 970 EVO Plus M.2 NVMe,2TB,592800,3몰,296원/1GB
8049865,트랜센드 MTE220S M.2 NVMe,256GB,196650,88몰,768원/1GB
8049874,트랜센드 MTE220S M.2 NVMe,512GB,306850,96몰,599원/1GB
8049886,트랜센드 MTE220S M.2 NVMe,1TB,680000,85몰,680원/1GB
8842694,트랜센드 MSA230S mSATA,256GB,191980,92몰,750원/1GB
9282297,TeamGroup GX1,240GB,68830,10몰,287원/1GB
9282543,TeamGroup GX2,128GB,59000,93몰,461원/1GB
9282576,TeamGroup GX2,256GB,87700,100몰,343원/1GB
9282591,TeamGroup GX2,512GB,136000,111몰,266원/1GB
9282597,TeamGroup GX2,1TB,239000,97몰,239원/1GB
9469365,트로이씨앤씨 MTros MS820 SSD,256GB,60230,44몰,235원/1GB
9496839,타무즈 GK300,256GB,70000,1몰,273원/1GB
9701229,타무즈 GKM330 M.2 SATA,128GB,59660,84몰,466원/1GB
9701295,타무즈 GKM330 M.2 SATA,256GB,83680,86몰,327원/1GB
9701343,타무즈 GKM330 M.2 SATA,512GB,121670,66몰,238원/1GB
9831483,이지넷유비쿼터스 USB 3.0 to SATA/IDE 컨트롤러 (NEXT-518U3 SATAIDE),,24600,196몰,
9891273,Western Digital WD RED SA500 SSD,500GB,290000,1몰,580원/1GB
9891306,Western Digital WD RED SA500 SSD,1TB,500000,1몰,500원/1GB
9891327,Western Digital WD RED SA500 SSD,2TB,1000000,1몰,500원/1GB
10033824,타무즈 GKX570 mSATA 벌크,16GB,20810,68몰,"1,301원/1GB"
10033857,타무즈 GKX570 mSATA 벌크,32GB,33200,3몰,"1,038원/1GB"
10033869,타무즈 GKX570 mSATA 벌크,64GB,54810,3몰,856원/1GB
10033884,타무즈 GKX570 mSATA 벌크,256GB,118300,78몰,462원/1GB
10033965,타무즈 GKX370 mSATA,64GB,58090,83몰,908원/1GB
10034022,타무즈 GKX370 mSATA,128GB,84050,69몰,657원/1GB
10034037,타무즈 GKX370 mSATA,256GB,106880,72몰,418원/1GB
10034049,타무즈 GKX370 mSATA,512GB,191980,79몰,375원/1GB
10120377,Western Digital WD Blue SN550 M.2 NVMe,250GB,130000,1몰,520원/1GB
10120467,Western Digital WD Blue SN550 M.2 NVMe,1TB,299900,1몰,300원/1GB
10991451,STCOM STORM SSD,480GB,103310,73몰,215원/1GB
11012049,한창코퍼레이션 Cloud M.2 NVMe,128GB,55000,43몰,430원/1GB
11012085,한창코퍼레이션 Cloud M.2 NVMe,256GB,97000,54몰,379원/1GB
11012115,한창코퍼레이션 Cloud M.2 NVMe,512GB,155000,59몰,303원/1GB
11012139,한창코퍼레이션 Cloud M.2 NVMe,1TB,252000,54몰,252원/1GB
11093694,트랜센드 MTE220S M.2 NVMe,2TB,984980,79몰,492원/1GB
11103009,마이크론 Crucial BX500 대원씨티에스,1TB,441000,2몰,441원/1GB
11282967,키오시아 EXCERIA,480GB,120130,118몰,250원/1GB
11581652,삼성전자 850 EVO Series 중고,250GB,57990,6몰,232원/1GB
11708717,타무즈 GK300,64GB,28680,82몰,448원/1GB
11711015,삼성전자 870 QVO,8TB,2784980,96몰,348원/1GB
11887891,타무즈 GKM330 M.2 2242 SATA,64GB,67880,49몰,"1,061원/1GB"
11887951,타무즈 GKM330 M.2 2242 SATA,256GB,102160,5몰,399원/1GB
11888050,타무즈 GKM330 M.2 2242 SATA,512GB,159610,6몰,312원/1GB
11888062,타무즈 GKM330 M.2 2242 SATA,1TB,295000,5몰,295원/1GB
12049634,삼성전자 860 EVO 중고,250GB,50000,54몰,200원/1GB
12092057,삼성전자 870 QVO,4TB,1890000,9몰,473원/1GB
12092081,삼성전자 870 QVO,2TB,931910,78몰,466원/1GB
12092096,삼성전자 870 QVO,1TB,394430,38몰,394원/1GB
12213065,트랜센드 SSD220Q,500GB,169000,25몰,338원/1GB
12213089,트랜센드 SSD220Q,1TB,360000,28몰,360원/1GB
12284690,트랜센드 SSD220Q,2TB,853990,42몰,427원/1GB
12338801,삼성전자 980 PRO M.2 NVMe,250GB,300000,1몰,"1,200원/1GB"
12338942,삼성전자 980 PRO M.2 NVMe,500GB,420000,1몰,840원/1GB
12339347,삼성전자 980 PRO M.2 NVMe,1TB,690000,1몰,690원/1GB
12659966,Western Digital WD Blue SN550 M.2 NVMe,2TB,600000,1몰,300원/1GB
12660173,Western Digital WD BLACK SN850 M.2 NVMe,1TB,372000,1몰,372원/1GB
12825845,PATRIOT P300 M.2 NVMe,1TB,284480,116몰,284원/1GB
12826274,PATRIOT P300 M.2 NVMe,512GB,156980,124몰,307원/1GB
12826391,PATRIOT P300 M.2 NVMe,256GB,96980,118몰,379원/1GB
12826433,PATRIOT P300 M.2 NVMe,128GB,79480,118몰,621원/1GB
12888908,GIGABYTE SSD 제이씨현,1TB,233000,13몰,233원/1GB
13137749,PNY CS1031 Gen3 M.2 NVMe 제이씨현,256GB,77250,105몰,302원/1GB
13161338,SK하이닉스 Gold P31 M.2 NVMe,1TB,395000,14몰,395원/1GB
13161353,SK하이닉스 Gold P31 M.2 NVMe,500GB,400000,4몰,800원/1GB
13190384,삼성전자 870 EVO,250GB,207550,150몰,830원/1GB
13190519,삼성전자 870 EVO,500GB,295910,242몰,592원/1GB
13190573,삼성전자 870 EVO,1TB,409660,237몰,410원/1GB
13190630,삼성전자 870 EVO,2TB,1027920,192몰,514원/1GB
13190711,삼성전자 870 EVO,4TB,1968580,176몰,492원/1GB
13276304,삼성전자 PM9A1 M.2 NVMe 병행수입,2TB,618000,104몰,309원/1GB
13276568,삼성전자 PM9A1 M.2 NVMe 병행수입,1TB,363240,105몰,363원/1GB
13293902,삼성전자 PM9A1 M.2 NVMe 병행수입,256GB,131980,24몰,516원/1GB
13311974,삼성전자 870 EVO 병행수입,1TB,411960,197몰,412원/1GB
13312010,삼성전자 870 EVO 병행수입,500GB,288350,200몰,577원/1GB
13344977,삼성전자 PM9A1 M.2 NVMe 병행수입,512GB,245000,80몰,479원/1GB
13349057,삼성전자 870 EVO 병행수입,250GB,201420,169몰,806원/1GB
13417007,삼성전자 870 EVO 병행수입,2TB,978100,191몰,489원/1GB
13486118,삼성전자 PM9A1 M.2 NVMe 벌크,1TB,331900,136몰,332원/1GB
13538642,삼성전자 980 PRO M.2 NVMe,2TB,900000,1몰,450원/1GB
13550969,삼성전자 PM9A1 M.2 NVMe 벌크,256GB,91990,172몰,359원/1GB
13562645,삼성전자 980 M.2 NVMe,250GB,254990,5몰,"1,020원/1GB"
13562693,삼성전자 980 M.2 NVMe,500GB,289000,34몰,578원/1GB
13562714,삼성전자 980 M.2 NVMe,1TB,508980,5몰,509원/1GB
13649699,삼성전자 PM9A1 M.2 NVMe 벌크,512GB,228900,159몰,447원/1GB
13686647,인텔 DC P4610,1.6TB,808500,10몰,505원/1GB
13782983,Western Digital WD Blue 3D SSD,4TB,1300000,1몰,325원/1GB
13847210,Western Digital WD BLACK SN850 히트싱크 M.2 NVMe,2TB,590000,1몰,295원/1GB
13860719,삼성전자 870 EVO 병행수입,4TB,1878790,187몰,470원/1GB
13865279,PNY CS900 제이씨현,500GB,115930,108몰,232원/1GB
14019041,인텔 SOLIDIGM 670p M.2 NVMe,2TB,418000,1몰,209원/1GB
14081222,트랜센드 MTE240S M.2 NVMe,1TB,494980,74몰,495원/1GB
14081342,트랜센드 MTE240S M.2 NVMe,500GB,378980,73몰,758원/1GB
14127800,라이트컴 COMS SW230 U.2 to PCIe 변환 어댑터,,29500,66몰,
14623025,래안텍 R4MTP M.2 to PCIe 컨버터,,33000,2몰,
14653847,삼성전자 PM9A1 M.2 NVMe 벌크,2TB,618000,84몰,309원/1GB
14810525,조이쿨 M.2 SSD 조립용 나사,10개,360,43몰,
14810528,조이쿨 M.2 SSD 조립용 나사,50개,1990,37몰,
14904665,조이쿨 2.5/3.5 to 5.25 가이드,,1490,37몰,
14949881,삼성전자 PM991a M.2 NVMe 벌크,256GB,68990,73몰,269원/1GB
14949896,삼성전자 PM991a M.2 NVMe 벌크,512GB,244020,1몰,477원/1GB
15022826,SK하이닉스 Gold P31 M.2 NVMe,2TB,860000,3몰,430원/1GB
15103874,삼성전자 PM991a M.2 NVMe 벌크,1TB,300940,76몰,301원/1GB
15222089,ADATA Ultimate SU650,256GB,78980,91몰,309원/1GB
15583340,COLORFUL CN600 M.2 NVMe 디앤디컴,256GB,78990,61몰,309원/1GB
15583520,COLORFUL CN600 M.2 NVMe 디앤디컴,512GB,128990,96몰,252원/1GB
15585548,COLORFUL SL500 디앤디컴,256GB,58990,133몰,230원/1GB
15585551,COLORFUL SL500 디앤디컴,512GB,103980,121몰,203원/1GB
15591008,COLORFUL SL300 디앤디컴,128GB,41990,123몰,328원/1GB
15712556,Western Digital WD Green SN350 M.2 NVMe,2TB,526880,10몰,263원/1GB
15712613,Western Digital WD Green SN350 M.2 NVMe,1TB,252980,6몰,253원/1GB
15847229,트랜센드 MTS420S M.2 2242 SATA,120GB,77000,79몰,642원/1GB
15847280,트랜센드 MTS420S M.2 2242 SATA,240GB,100000,88몰,417원/1GB
15847289,트랜센드 MTS420S M.2 2242 SATA,480GB,214980,67몰,448원/1GB
15863327,SilverStone SDP08-E SSD 가이드 STCOM,,10360,42몰,
15997322,삼성전자 970 EVO Plus M.2 NVMe 중고,2TB,408000,29몰,204원/1GB
16039961,에이서 프레데터 GM7000 M.2 NVMe,1TB,333960,4몰,334원/1GB
16245542,트랜센드 MTE110Q M.2 NVMe,1TB,345000,88몰,345원/1GB
16245587,트랜센드 MTE110Q M.2 NVMe,500GB,165290,90몰,331원/1GB
16587578,Western Digital WD BLACK SN770 M.2 NVMe,250GB,180000,1몰,720원/1GB
16662584,GIGABYTE SSD 제이씨현,240GB,73180,68몰,305원/1GB
16677893,ADATA Ultimate SU650,512GB,125000,88몰,244원/1GB
16899878,마이크로닉스 WARP B2,512GB,103300,84몰,202원/1GB
16899899,마이크로닉스 WARP B2,256GB,61880,86몰,242원/1GB
16899911,마이크로닉스 WARP B2,128GB,37270,84몰,291원/1GB
17000984,SK하이닉스 Platinum P41 M.2 NVMe,2TB,669990,208몰,335원/1GB
17001050,SK하이닉스 Platinum P41 M.2 NVMe,1TB,427000,220몰,427원/1GB
17001083,SK하이닉스 Platinum P41 M.2 NVMe,500GB,340650,188몰,681원/1GB
17142170,Western Digital WD Blue SA510,1TB,278990,139몰,279원/1GB
17142212,Western Digital WD Blue SA510,500GB,168990,128몰,338원/1GB
17142230,Western Digital WD Blue SA510,250GB,214720,3몰,859원/1GB
17143130,Western Digital WD Blue SA510 M.2 SATA,1TB,275330,19몰,275원/1GB
17143169,Western Digital WD Blue SA510 M.2 SATA,500GB,204000,7몰,408원/1GB
17143181,Western Digital WD Blue SA510 M.2 SATA,250GB,188000,4몰,752원/1GB
17287469,ADATA LEGEND 710 M.2 NVMe,1TB,279980,81몰,280원/1GB
17287529,ADATA LEGEND 710 M.2 NVMe,512GB,162000,4몰,316원/1GB
17343065,삼성전자 PM893 벌크,240GB,389000,12몰,"1,621원/1GB"
17343128,삼성전자 PM893 벌크,480GB,767940,86몰,"1,600원/1GB"
17343143,삼성전자 PM893 벌크,960GB,1154300,80몰,"1,202원/1GB"
17343161,삼성전자 PM893 벌크,1.92TB,1758390,77몰,916원/1GB
17343176,삼성전자 PM893 벌크,3.84TB,2915260,73몰,759원/1GB
17343182,삼성전자 PM893 벌크,7.68TB,4780180,61몰,622원/1GB
17397623,SK하이닉스 Platinum P41 M.2 NVMe 해외구매,500GB,283310,4몰,567원/1GB
17398064,SK하이닉스 Platinum P41 M.2 NVMe 해외구매,1TB,479810,4몰,480원/1GB
17398076,SK하이닉스 Platinum P41 M.2 NVMe 해외구매,2TB,617410,7몰,309원/1GB
17549690,트랜센드 MTE110S M.2 NVMe,2TB,876990,33몰,438원/1GB
17550233,트랜센드 MSA230S mSATA,512GB,324980,92몰,635원/1GB
17594117,트랜센드 SSD230S,4TB,1700000,100몰,425원/1GB
17706074,솔리다임 P41 PLUS M.2 NVMe,2TB,543320,3몰,272원/1GB
17719115,트랜센드 SSD225S,2TB,909490,103몰,455원/1GB
17719241,트랜센드 SSD225S,1TB,383000,104몰,383원/1GB
17719292,트랜센드 SSD225S,500GB,169000,99몰,338원/1GB
17719367,트랜센드 SSD225S,250GB,125000,105몰,500원/1GB
17788379,Western Digital WD BLACK SN850X M.2 NVMe,4TB,1567360,128몰,392원/1GB
17788451,Western Digital WD BLACK SN850X M.2 NVMe,2TB,624000,148몰,312원/1GB
17788487,Western Digital WD BLACK SN850X M.2 NVMe,1TB,384380,208몰,384원/1GB
17790251,Western Digital WD BLACK SN850X 히트싱크 M.2 NVMe,1TB,394550,108몰,395원/1GB
17790299,Western Digital WD BLACK SN850X 히트싱크 M.2 NVMe,2TB,729290,100몰,365원/1GB
17819666,Western Digital WD BLACK SN850X M.2 NVMe 해외구매,1TB,348270,16몰,348원/1GB
17947481,Seagate Game Drive for PS5 M.2 NVMe,1TB,371070,88몰,371원/1GB
17947601,Seagate Game Drive for PS5 M.2 NVMe,2TB,557070,80몰,279원/1GB
17970599,PNY CS1031 Gen3 M.2 NVMe 제이씨현,500GB,150430,101몰,301원/1GB
17970794,PNY CS900 제이씨현,250GB,67850,104몰,271원/1GB
18041081,PNY CS900 제이씨현,1TB,212090,90몰,212원/1GB
18150146,Lexar NM620 M.2 NVMe,256GB,99770,51몰,390원/1GB
18150428,Lexar NM620 M.2 NVMe,512GB,158290,50몰,309원/1GB
18297002,삼성전자 990 PRO M.2 NVMe,1TB,393790,255몰,394원/1GB
18297722,삼성전자 990 PRO M.2 NVMe,2TB,653490,250몰,327원/1GB
18338426,BIOSTAR M760 M.2 NVMe,256GB,80430,73몰,314원/1GB
18363101,COLORFUL CN600 PRO M.2 NVMe 디앤디컴,512GB,148990,135몰,291원/1GB
18363194,COLORFUL CN600 PRO M.2 NVMe 디앤디컴,256GB,83970,135몰,328원/1GB
18429662,삼성전자 990 PRO M.2 NVMe 해외구매,1TB,408990,15몰,409원/1GB
18479384,트랜센드 MTE250S M.2 NVMe,2TB,1056920,74몰,528원/1GB
18479411,트랜센드 MTE250S M.2 NVMe,1TB,827040,2몰,827원/1GB
18479918,Synology SNV3410 M.2 NVMe,400GB,725000,24몰,"1,813원/1GB"
18518807,삼성전자 990 PRO M.2 NVMe 병행수입,1TB,361900,114몰,362원/1GB
18518834,삼성전자 990 PRO M.2 NVMe 병행수입,2TB,563540,105몰,282원/1GB
18581684,트랜센드 MTE250H M.2 NVMe,1TB,764980,90몰,765원/1GB
18581717,트랜센드 MTE250H M.2 NVMe,2TB,1059980,91몰,530원/1GB
18598769,삼성전자 860 EVO 중고,1TB,199990,8몰,200원/1GB
18617705,PATRIOT P300 M.2 NVMe,2TB,506780,108몰,253원/1GB
18633650,COLORFUL CN600 PRO M.2 NVMe 디앤디컴,1TB,238990,111몰,239원/1GB
18684164,Western Digital WD BLACK SN850X M.2 NVMe 해외구매,2TB,646400,6몰,323원/1GB
18684167,Western Digital WD BLACK SN850X M.2 NVMe 해외구매,4TB,1001310,12몰,250원/1GB
18748385,삼성전자 PM991a M.2 NVMe 벌크,128GB,74990,7몰,586원/1GB
18830189,삼성전자 970 EVO M.2 NVMe 중고,250GB,69000,7몰,276원/1GB
18830207,삼성전자 970 EVO M.2 NVMe 중고,500GB,116000,11몰,232원/1GB
18917678,삼성전자 860 EVO 중고,500GB,109750,29몰,220원/1GB
18919073,삼성전자 850 EVO Series 중고,120GB,23000,6몰,192원/1GB
18919160,삼성전자 850 EVO Series 중고,500GB,110000,3몰,220원/1GB
18919208,삼성전자 850 EVO Series 중고,1TB,171000,1몰,171원/1GB
18952679,삼성전자 PM9B1 M.2 NVMe 벌크,512GB,185000,29몰,361원/1GB
18983489,TeamGroup MP44L M.2 NVMe 서린,1TB,299000,81몰,299원/1GB
18983501,TeamGroup MP44L M.2 NVMe 서린,500GB,195320,101몰,391원/1GB
19094288,트랜센드 MTE250S M.2 NVMe,4TB,2129500,68몰,532원/1GB
19175660,트랜센드 MTE300S M.2 2230 NVMe,256GB,155990,36몰,609원/1GB
19175726,트랜센드 MTE300S M.2 2230 NVMe,512GB,265000,36몰,518원/1GB
19175996,트랜센드 MTE400S M.2 2242 NVMe,256GB,156000,34몰,609원/1GB
19176044,트랜센드 MTE400S M.2 2242 NVMe,512GB,264140,82몰,516원/1GB
19176074,트랜센드 MTE400S M.2 2242 NVMe,1TB,489980,74몰,490원/1GB
19508336,한창코퍼레이션 WIN M.2 NVMe,128GB,55000,53몰,430원/1GB
19508561,한창코퍼레이션 WIN M.2 NVMe,256GB,80000,53몰,313원/1GB
19508612,한창코퍼레이션 WIN M.2 NVMe,512GB,140000,51몰,273원/1GB
19508660,한창코퍼레이션 WIN M.2 NVMe,1TB,230000,52몰,230원/1GB
19616756,삼성전자 990 PRO M.2 NVMe 해외구매,2TB,582450,16몰,291원/1GB
19649351,ADATA LEGEND 710 M.2 NVMe,256GB,108980,78몰,426원/1GB
19826411,SK하이닉스 PC801 M.2 NVMe 벌크,256GB,88990,47몰,348원/1GB
19953977,ADATA Ultimate SU650,1TB,225990,50몰,226원/1GB
20020157,Western Digital WD Green SN350 M.2 NVMe,250GB,118990,83몰,476원/1GB
20020220,Western Digital WD Green SN350 M.2 NVMe,500GB,175000,20몰,350원/1GB
20146127,ADATA LEGEND 960 M.2 NVMe,1TB,355000,13몰,355원/1GB
20146151,ADATA LEGEND 960 M.2 NVMe,2TB,614950,86몰,307원/1GB
20308046,삼성전자 PM9B1 M.2 NVMe 벌크,1TB,269000,65몰,269원/1GB
20308067,삼성전자 PM9B1 M.2 NVMe 벌크,256GB,75900,65몰,296원/1GB
20600144,삼성전자 990 PRO 히트싱크 M.2 NVMe,1TB,406910,158몰,407원/1GB
20600147,삼성전자 990 PRO 히트싱크 M.2 NVMe,2TB,776740,139몰,388원/1GB
20612159,ESSENCORE KLEVV CRAS C930 M.2 NVMe,1TB,380000,15몰,380원/1GB
20612771,ESSENCORE KLEVV CRAS C930 M.2 NVMe,2TB,573200,97몰,287원/1GB
20687681,Seagate 파이어쿠다 540 M.2 NVMe,2TB,656400,1몰,328원/1GB
20693099,MSI SPATIUM M461 M.2 NVMe,1TB,379000,3몰,379원/1GB
20693714,MSI SPATIUM M480 PRO M.2 NVMe,1TB,383170,96몰,383원/1GB
21429269,Western Digital WD BLACK SN850P 히트싱크 for PS5 M.2 NVMe,1TB,551000,1몰,551원/1GB
21429272,Western Digital WD BLACK SN850P 히트싱크 for PS5 M.2 NVMe,2TB,896000,1몰,448원/1GB
21429281,Western Digital WD Blue SA510,2TB,825370,18몰,413원/1GB
21648764,PATRIOT P220,128GB,56000,17몰,438원/1GB
21648812,PATRIOT P220,256GB,82500,38몰,322원/1GB
21648833,PATRIOT P220,512GB,155000,18몰,303원/1GB
21648875,PATRIOT P220,1TB,264000,21몰,264원/1GB
21648908,PATRIOT P220,2TB,540500,7몰,270원/1GB
24708467,트랜센드 MTE300S M.2 2230 NVMe,1TB,489990,46몰,490원/1GB
27806333,Western Digital WD Blue SA510,4TB,985980,91몰,246원/1GB
28131875,삼성전자 990 PRO M.2 NVMe,4TB,1398990,235몰,350원/1GB
28399616,SK하이닉스 PC801 M.2 NVMe 벌크,512GB,219000,105몰,428원/1GB
28553285,삼성전자 990 PRO M.2 NVMe 해외구매,4TB,1489990,5몰,372원/1GB
29307746,트랜센드 MTE245S M.2 NVMe,4TB,1577480,81몰,394원/1GB
29307863,트랜센드 MTE245S M.2 NVMe,2TB,800000,82몰,400원/1GB
29307890,트랜센드 MTE245S M.2 NVMe,1TB,373980,83몰,374원/1GB
29340407,트랜센드 MTE245S M.2 NVMe,500GB,244970,77몰,490원/1GB
29345393,키오시아 CL4-8D M.2 NVMe 벌크,256GB,69990,48몰,273원/1GB
29655617,마이크론 Crucial T500 M.2 NVMe 아스크텍,2TB,635400,30몰,318원/1GB
29655656,마이크론 Crucial T500 M.2 NVMe 아스크텍,1TB,406600,34몰,407원/1GB
29655680,마이크론 Crucial T500 M.2 NVMe 아스크텍,500GB,317700,20몰,635원/1GB
29666111,마이크론 Crucial T500 M.2 NVMe 대원씨티에스,1TB,399660,16몰,400원/1GB
29666195,마이크론 Crucial T500 M.2 NVMe 대원씨티에스,2TB,632430,97몰,316원/1GB
29666252,마이크론 Crucial T500 M.2 NVMe 대원씨티에스,500GB,303470,6몰,607원/1GB
29858063,PNY CS2241 M.2 NVMe 제이씨현,1TB,261960,43몰,262원/1GB
29868269,Western Digital WD BLACK SN770M M.2 2230 NVMe,2TB,990000,1몰,495원/1GB
29868374,Western Digital WD BLACK SN770M M.2 2230 NVMe,1TB,590000,1몰,590원/1GB
29868494,Western Digital WD BLACK SN770M M.2 2230 NVMe,500GB,380000,1몰,760원/1GB
29888366,Lexar NM790 M.2 NVMe,1TB,298040,63몰,298원/1GB
30008675,ADATA LEGEND 900 M.2 NVMe,2TB,641920,53몰,321원/1GB
30008744,ADATA LEGEND 900 M.2 NVMe,1TB,285000,40몰,285원/1GB
30008783,ADATA LEGEND 900 M.2 NVMe,512GB,179000,54몰,350원/1GB
30217520,트랜센드 MTE400S M.2 2242 NVMe,2TB,962920,72몰,481원/1GB
30247553,CORSAIR MP700 PRO M.2 NVMe,1TB,383500,1몰,384원/1GB
30271115,키오시아 EXCERIA PLUS G3 M.2 NVMe,1TB,348780,152몰,349원/1GB
30271118,키오시아 EXCERIA PLUS G3 M.2 NVMe,2TB,543380,146몰,272원/1GB
30612962,삼성전자 990 PRO 히트싱크 M.2 NVMe,4TB,1690990,38몰,423원/1GB
31284086,Sandisk SSD PLUS M.2 NVMe,2TB,640870,8몰,320원/1GB
31284125,Sandisk SSD PLUS M.2 NVMe,1TB,274530,82몰,275원/1GB
31284176,Sandisk SSD PLUS M.2 NVMe,500GB,131790,81몰,264원/1GB
31284551,Sandisk Extreme M.2 NVMe,2TB,662830,12몰,331원/1GB
31284620,Sandisk Extreme M.2 NVMe,1TB,361990,11몰,362원/1GB
31284659,Sandisk Extreme M.2 NVMe,500GB,196990,6몰,394원/1GB
31950257,ADATA XPG GAMMIX S60 M.2 NVMe,1TB,274000,12몰,274원/1GB
31986581,GIGABYTE Gen3 2500E M.2 NVMe 피씨디렉트,500GB,134900,53몰,270원/1GB
32103443,MSI SPATIUM M480 PRO M.2 NVMe,2TB,592010,108몰,296원/1GB
32673455,트랜센드 MTE410S M.2 2242 NVMe,2TB,971710,87몰,486원/1GB
32682920,트랜센드 MTE410S M.2 2242 NVMe,1TB,495000,61몰,495원/1GB
32690744,트랜센드 MTE410S M.2 2242 NVMe,512GB,268490,76몰,524원/1GB
33364364,타무즈 M740 M.2 NVMe 벌크,1TB,230700,8몰,231원/1GB
33364415,타무즈 M740 M.2 NVMe 벌크,256GB,82300,6몰,321원/1GB
33364421,타무즈 M740 M.2 NVMe 벌크,512GB,145400,3몰,284원/1GB
33369665,타무즈 RXK550 벌크,1TB,199240,71몰,199원/1GB
33369674,타무즈 RXK550 벌크,512GB,111580,82몰,218원/1GB
33369677,타무즈 RXK550 벌크,256GB,68480,77몰,268원/1GB
33369680,타무즈 RXK550 벌크,128GB,40980,59몰,320원/1GB
34388156,Sandisk SSD PLUS M.2 NVMe,250GB,111340,84몰,445원/1GB
39104663,Seagate 바라쿠다 PCIe M.2 NVMe,1TB,303030,8몰,303원/1GB
39104681,Seagate 바라쿠다 PCIe M.2 NVMe,500GB,198990,8몰,398원/1GB
41420363,삼성전자 990 PRO M.2 NVMe 병행수입,4TB,1106450,103몰,277원/1GB
58030037,Western Digital WD RED SN700 M.2 NVMe,1TB,409990,9몰,410원/1GB
58119458,OWC U2 ShuttleOne M.2 NVMe to U.2 컨버터 서린,,59000,2몰,
58849022,ESSENCORE KLEVV CRAS C910 M.2 NVMe,2TB,547890,7몰,274원/1GB
58849154,ESSENCORE KLEVV CRAS C910 M.2 NVMe,1TB,323740,4몰,324원/1GB
58849172,ESSENCORE KLEVV CRAS C910 M.2 NVMe,500GB,184000,3몰,368원/1GB
59763380,Western Digital WD Blue SA510 해외구매,2TB,187440,13몰,94원/1GB
61421927,Western Digital WD Blue SA510 해외구매,4TB,145260,10몰,36원/1GB
61436288,Seagate 파이어쿠다 530R M.2 NVMe,4TB,1284900,6몰,321원/1GB
61436369,Seagate 파이어쿠다 530R M.2 NVMe,2TB,592800,60몰,296원/1GB
61436567,Seagate 파이어쿠다 530R 히트싱크 M.2 NVMe,4TB,1215000,9몰,304원/1GB
61436648,Seagate 파이어쿠다 530R 히트싱크 M.2 NVMe,2TB,615000,6몰,308원/1GB
62174813,SK하이닉스 PC801 M.2 NVMe 벌크,1TB,349000,93몰,349원/1GB
62176130,Western Digital WD Blue SN5000 M.2 NVMe,4TB,858090,82몰,215원/1GB
62176193,Western Digital WD Blue SN5000 M.2 NVMe,2TB,545000,5몰,273원/1GB
62176211,Western Digital WD Blue SN5000 M.2 NVMe,1TB,292640,84몰,293원/1GB
62176226,Western Digital WD Blue SN5000 M.2 NVMe,500GB,233620,41몰,467원/1GB
63036680,서진네트웍스 UNICORN 2.5인치 HDD 듀얼 컨버터 케이블 (FD-900D),,8640,191몰,
64466078,Western Digital WD BLACK SN850X M.2 NVMe 해외구매,8TB,2648640,3몰,331원/1GB
65357129,비즈텍 TREAVE VN300 M.2 NVMe,1TB,230150,74몰,230원/1GB
65357132,비즈텍 TREAVE VN300 M.2 NVMe,512GB,148830,70몰,291원/1GB
66139043,인텔 D3-S4510,7.68TB,8852000,1몰,"1,153원/1GB"
67372967,마이크론 Crucial T500 M.2 NVMe 아스크텍,4TB,917040,2몰,229원/1GB
67847015,HIKSEMI FUTURE Lite M.2 NVMe,1TB,278000,75몰,278원/1GB
67852850,마이크론 Crucial P310 M.2 NVMe 아스크텍,2TB,662730,1몰,331원/1GB
67852853,마이크론 Crucial P310 M.2 NVMe 아스크텍,1TB,299990,114몰,300원/1GB
67852859,마이크론 Crucial P310 M.2 NVMe 아스크텍,500GB,237880,93몰,476원/1GB
67852961,마이크론 Crucial P310 M.2 NVMe 대원씨티에스,1TB,296530,54몰,297원/1GB
67852964,마이크론 Crucial P310 M.2 NVMe 대원씨티에스,500GB,223200,14몰,446원/1GB
68789954,트랜센드 MTE310S M.2 2230 NVMe,1TB,492670,70몰,493원/1GB
68790020,트랜센드 MTE310S M.2 2230 NVMe,512GB,268980,75몰,525원/1GB
68915633,트랜센드 MTE245S M.2 NVMe,250GB,160000,68몰,640원/1GB
69656300,솔리다임 P44 Pro M.2 NVMe 벌크,2TB,736420,80몰,368원/1GB
69657575,ESSENCORE KLEVV CRAS C715 M.2 NVMe,256GB,105070,67몰,410원/1GB
69660332,ESSENCORE KLEVV CRAS C715 M.2 NVMe,512GB,139300,93몰,272원/1GB
69660347,ESSENCORE KLEVV CRAS C715 M.2 NVMe,1TB,272260,106몰,272원/1GB
69869543,삼성전자 990 EVO Plus M.2 NVMe,1TB,327490,262몰,327원/1GB
69869573,삼성전자 990 EVO Plus M.2 NVMe,2TB,515760,247몰,258원/1GB
69869606,삼성전자 990 EVO Plus M.2 NVMe,4TB,1022140,214몰,256원/1GB
70250720,ESSENCORE KLEVV CRAS C910 M.2 NVMe,4TB,1039510,5몰,260원/1GB
71012951,삼성전자 PM9C1 M.2 NVMe 벌크,512GB,183000,136몰,357원/1GB
71427278,COLORFUL CN700 PRO M.2 NVMe 디앤디컴,1TB,278990,90몰,279원/1GB
71427395,PNY CS2241 M.2 NVMe 제이씨현,500GB,152490,79몰,305원/1GB
71644874,Western Digital WD BLACK SN850X 히트싱크 M.2 NVMe,8TB,2990000,1몰,374원/1GB
71906102,Western Digital WD BLACK SN850X M.2 NVMe,8TB,3030000,98몰,379원/1GB
72823133,SK하이닉스 Platinum P51 M.2 NVMe,2TB,910000,197몰,455원/1GB
72823220,SK하이닉스 Platinum P51 M.2 NVMe,1TB,639990,193몰,640원/1GB
72912572,비즈텍 TREAVE VN250D M.2 NVMe,1TB,214980,73몰,215원/1GB
73121480,화웨이 eKitStor Xtreme 200E M.2 NVMe,1TB,288980,99몰,289원/1GB
73560464,HIKSEMI FUTURE Lite M.2 NVMe,512GB,213000,1몰,416원/1GB
74052506,Western Digital WD BLACK SN850X 히트싱크 M.2 NVMe,4TB,1499330,10몰,375원/1GB
74055227,Western Digital WD Blue SA510 해외구매,500GB,246590,9몰,493원/1GB
74055824,Western Digital WD Blue SA510 해외구매,1TB,187440,18몰,187원/1GB
74056328,트랜센드 MTE310S M.2 2230 NVMe,2TB,973770,24몰,487원/1GB
74056484,키오시아 EXCERIA PLUS G4 M.2 NVMe,2TB,465000,210몰,233원/1GB
74056493,키오시아 EXCERIA PLUS G4 M.2 NVMe,1TB,337500,226몰,338원/1GB
74118173,Western Digital WD BLACK SN7100 M.2 NVMe,2TB,432150,109몰,216원/1GB
74118179,Western Digital WD BLACK SN7100 M.2 NVMe,1TB,333990,27몰,334원/1GB
74118188,Western Digital WD BLACK SN7100 M.2 NVMe,500GB,344990,8몰,690원/1GB
74971610,키오시아 EXCERIA 히트싱크 M.2 NVMe,1TB,400000,3몰,400원/1GB
74971640,키오시아 EXCERIA 히트싱크 M.2 NVMe,2TB,519000,77몰,260원/1GB
75001856,Western Digital WD BLACK SN7100 M.2 NVMe,4TB,1008810,13몰,252원/1GB
75931919,GIGABYTE Gen4 4000E M.2 NVMe 제이씨현,1TB,283810,34몰,284원/1GB
75931958,GIGABYTE Gen4 4000E M.2 NVMe 제이씨현,500GB,142800,80몰,286원/1GB
76339598,삼성전자 990 EVO Plus M.2 NVMe 병행수입,2TB,472480,96몰,236원/1GB
76339616,삼성전자 990 EVO Plus M.2 NVMe 병행수입,4TB,1550000,13몰,388원/1GB
76509452,PATRIOT P220 QLC,128GB,55980,85몰,437원/1GB
76509512,PATRIOT P220 QLC,256GB,82480,65몰,322원/1GB
76509518,PATRIOT P220 QLC,512GB,154980,85몰,303원/1GB
76509521,PATRIOT P220 QLC,1TB,263980,89몰,264원/1GB
76509536,PATRIOT P220 QLC,2TB,540480,72몰,270원/1GB
76512914,ADATA Ultimate SU650,2TB,540000,34몰,270원/1GB
76875284,PATRIOT P400 Lite M.2 NVMe,2TB,511980,42몰,256원/1GB
76875305,PATRIOT P400 Lite M.2 NVMe,1TB,276980,112몰,277원/1GB
76875311,PATRIOT P400 Lite M.2 NVMe,500GB,161000,7몰,322원/1GB
77459714,FASTRO MS200 M.2 NVMe,2TB,416880,39몰,208원/1GB
77459732,FASTRO MS200 M.2 NVMe,1TB,257970,49몰,258원/1GB
77624759,파이슨 ESO256GHLCJ-EL1 M.2 NVMe 벌크,256GB,63740,155몰,249원/1GB
77965343,트랜센드 MTE255S M.2 NVMe,2TB,919980,73몰,460원/1GB
77965361,트랜센드 MTE255S M.2 NVMe,1TB,479980,81몰,480원/1GB
78173954,MSI SPATIUM M450 V1 M.2 NVMe,1TB,254000,12몰,254원/1GB
78615518,삼성전자 9100 PRO M.2 NVMe 해외구매,2TB,559800,12몰,280원/1GB
78716702,삼성전자 9100 PRO M.2 NVMe,1TB,429320,203몰,429원/1GB
78716720,삼성전자 9100 PRO M.2 NVMe,2TB,929470,194몰,465원/1GB
78716747,삼성전자 9100 PRO 히트싱크 M.2 NVMe,2TB,930030,126몰,465원/1GB
78716753,삼성전자 9100 PRO 히트싱크 M.2 NVMe,1TB,440980,123몰,441원/1GB
78716759,삼성전자 9100 PRO M.2 NVMe,4TB,1641500,206몰,410원/1GB
78716765,삼성전자 9100 PRO 히트싱크 M.2 NVMe,4TB,1989980,108몰,497원/1GB
79000193,Western Digital WD RED SN700 M.2 NVMe,2TB,544040,11몰,272원/1GB
79000271,Western Digital WD RED SN700 M.2 NVMe,4TB,881070,10몰,220원/1GB
79250273,ADATA LEGEND 860 M.2 NVMe,500GB,165000,86몰,330원/1GB
79250330,ADATA LEGEND 860 M.2 NVMe,1TB,278980,83몰,279원/1GB
79385432,삼성전자 9100 PRO M.2 NVMe 해외구매,4TB,1506990,5몰,377원/1GB
79395908,ADATA LEGEND 710 M.2 NVMe 파인인포,1TB,279000,98몰,279원/1GB
79396181,ADATA LEGEND 710 M.2 NVMe 파인인포,512GB,162000,7몰,316원/1GB
79396202,ADATA LEGEND 710 M.2 NVMe 파인인포,256GB,108980,74몰,426원/1GB
79398290,GIGABYTE AORUS Gen4 7300 V2 M.2 NVMe 제이씨현,1TB,374880,47몰,375원/1GB
79401872,ADATA LEGEND 860 M.2 NVMe,2TB,485000,67몰,243원/1GB
79402016,ADATA LEGEND 900 M.2 NVMe 파인인포,2TB,525000,87몰,263원/1GB
79402034,ADATA LEGEND 900 M.2 NVMe 파인인포,1TB,284980,100몰,285원/1GB
79402061,ADATA LEGEND 900 M.2 NVMe 파인인포,512GB,178940,108몰,349원/1GB
79792412,삼성전자 9100 PRO M.2 NVMe 해외구매,1TB,425890,18몰,426원/1GB
88133846,ADATA XPG MARS 980 BLADE M.2 NVMe,2TB,647030,94몰,324원/1GB
88133900,ADATA XPG MARS 980 BLADE M.2 NVMe,1TB,395000,76몰,395원/1GB
90888881,Fanxiang S501Q M.2 NVMe 해외구매,512GB,83520,11몰,163원/1GB
90888920,Fanxiang S501Q M.2 NVMe 해외구매,1TB,168360,3몰,168원/1GB
91039202,마이크론 Crucial P510 M.2 NVMe 아스크텍,2TB,610000,1몰,305원/1GB
91039226,마이크론 Crucial P510 M.2 NVMe 아스크텍,1TB,321600,48몰,322원/1GB
91114985,마이크론 Crucial P310 M.2 NVMe 아스크텍,4TB,895960,11몰,224원/1GB
91424435,MSI SPATIUM M450 V1 M.2 NVMe,500GB,163000,91몰,326원/1GB
91765979,타무즈 M820 M.2 NVMe,512GB,148950,35몰,291원/1GB
91765991,타무즈 M820 M.2 NVMe,1TB,264620,69몰,265원/1GB
92184953,Western Digital WD BLACK SN8100 M.2 NVMe,4TB,1661290,54몰,415원/1GB
92186342,Western Digital WD BLACK SN8100 M.2 NVMe,2TB,799580,72몰,400원/1GB
92186393,Western Digital WD BLACK SN8100 M.2 NVMe,1TB,425750,98몰,426원/1GB
92888363,삼성전자 990 EVO Plus M.2 NVMe 병행수입,1TB,322000,94몰,322원/1GB
92970176,타무즈 MX400 mSATA 벌크,1TB,226910,61몰,227원/1GB
93070559,Western Digital WD Blue SA510 M.2 SATA,2TB,387500,6몰,194원/1GB
93074372,ESSENCORE KLEVV CRAS C925 M.2 NVMe,1TB,299000,1몰,299원/1GB
93440663,MSI SPATIUM M560 M.2 NVMe,1TB,355000,98몰,355원/1GB
93442589,마이크론 Crucial T710 M.2 NVMe 아스크텍,1TB,632640,1몰,633원/1GB
93700160,인네트워크 IN-ST3025 USB to SATA 컨버터,,4510,52몰,
93805877,삼성전자 9100 PRO M.2 NVMe 병행수입,2TB,830210,64몰,415원/1GB
93805880,삼성전자 9100 PRO M.2 NVMe 병행수입,4TB,1635000,8몰,409원/1GB
94811477,트랜센드 MTE260S M.2 NVMe,2TB,1289980,51몰,645원/1GB
94814663,ESSENCORE KLEVV CRAS C925G M.2 NVMe,2TB,498970,71몰,249원/1GB
94814699,ESSENCORE KLEVV CRAS C925G M.2 NVMe,1TB,285600,72몰,286원/1GB
94888187,삼성전자 PM9C1 M.2 NVMe 벌크,1TB,313990,18몰,314원/1GB
95000048,Western Digital WD GREEN SSD,2TB,448890,6몰,224원/1GB
95000072,Western Digital WD GREEN SSD,250GB,142540,6몰,570원/1GB
95000096,Western Digital WD GREEN SSD,500GB,143130,103몰,286원/1GB
95282774,키오시아 CL4-8D M.2 NVMe 벌크,512GB,167390,3몰,327원/1GB
95424329,BIWIN M100,128GB,41850,15몰,327원/1GB
95424425,BIWIN M100,256GB,68500,4몰,268원/1GB
95424440,BIWIN M100,512GB,106950,106몰,209원/1GB
95424686,BIWIN Black Opal X570 PRO M.2 NVMe,1TB,355260,91몰,355원/1GB
95424707,BIWIN Black Opal X570 PRO M.2 NVMe,2TB,590550,89몰,295원/1GB
95424731,BIWIN Black Opal X570 PRO M.2 NVMe,4TB,1074150,99몰,269원/1GB
95424803,BIWIN Black Opal X570 M.2 NVMe,1TB,313630,4몰,314원/1GB
95424824,BIWIN Black Opal X570 M.2 NVMe,2TB,478950,80몰,239원/1GB
95424833,BIWIN Black Opal X570 M.2 NVMe,4TB,1050000,2몰,263원/1GB
96366197,마이크론 Crucial E100 M.2 NVMe 대원씨티에스,480GB,199000,1몰,415원/1GB
96366221,마이크론 Crucial E100 M.2 NVMe 대원씨티에스,1TB,289980,29몰,290원/1GB
96366248,마이크론 Crucial E100 M.2 NVMe 대원씨티에스,2TB,391520,9몰,196원/1GB
96423518,마이크론 Crucial E100 M.2 NVMe 아스크텍,2TB,410990,68몰,205원/1GB
96423551,마이크론 Crucial E100 M.2 NVMe 아스크텍,1TB,277980,91몰,278원/1GB
96583769,삼성전자 PM9C1b M.2 NVMe 벌크,512GB,188990,107몰,369원/1GB
96649172,트랜센드 MTE260S M.2 NVMe,1TB,543270,63몰,543원/1GB
96772508,킹스톤 NV3 M.2 NVMe,4TB,1346880,46몰,337원/1GB
96772562,킹스톤 NV3 M.2 NVMe,2TB,540830,69몰,270원/1GB
96772595,킹스톤 NV3 M.2 NVMe,1TB,292650,69몰,293원/1GB
96772631,킹스톤 NV3 M.2 NVMe,500GB,192730,72몰,385원/1GB
96772838,킹스톤 FURY Renegade G5 M.2 NVMe,4TB,2275310,61몰,555원/1GB
96773027,킹스톤 KC3000 M.2 NVMe,4TB,1484000,68몰,362원/1GB
96773093,킹스톤 KC3000 M.2 NVMe,2TB,642360,78몰,314원/1GB
96773120,킹스톤 FURY Renegade G5 M.2 NVMe,2TB,1200050,81몰,586원/1GB
96773153,킹스톤 FURY Renegade G5 M.2 NVMe,1TB,787680,60몰,769원/1GB
96773165,킹스톤 KC3000 M.2 NVMe,1TB,437910,102몰,428원/1GB
96773204,킹스톤 KC3000 M.2 NVMe,512GB,354910,64몰,693원/1GB
96853913,Western Digital WD Blue SN5100 M.2 NVMe,500GB,211990,73몰,424원/1GB
96853946,Western Digital WD Blue SN5100 M.2 NVMe,1TB,297920,102몰,298원/1GB
96853958,Western Digital WD Blue SN5100 M.2 NVMe,2TB,444410,98몰,222원/1GB
96854075,Western Digital WD Blue SN5100 M.2 NVMe 해외구매,500GB,193800,22몰,388원/1GB
96854129,Western Digital WD Blue SN5100 M.2 NVMe 해외구매,1TB,205900,18몰,206원/1GB
96854213,Western Digital WD Blue SN5100 M.2 NVMe 해외구매,2TB,479040,6몰,240원/1GB
97112444,삼성전자 PM9C1 M.2 NVMe 벌크,256GB,75500,152몰,295원/1GB
97408457,Western Digital WD SN5000S M.2 NVMe 벌크,512GB,165000,100몰,322원/1GB
97839017,삼성전자 980 PRO M.2 NVMe 중고,1TB,279000,14몰,279원/1GB
98085878,SK하이닉스 Gold P31 M.2 NVMe 중고,1TB,320000,12몰,320원/1GB
98226905,GIGABYTE Gen4 4000E M.2 NVMe 피씨디렉트,500 GB,159980,67몰,320원/1GB
98228288,삼성전자 9100 PRO M.2 NVMe,8TB,3629790,148몰,454원/1GB
98230388,삼성전자 9100 PRO 히트싱크 M.2 NVMe,8TB,3688850,133몰,461원/1GB
98242472,ESSENCORE KLEVV CRAS C910G M.2 NVMe,500GB,171900,52몰,344원/1GB
98242505,ESSENCORE KLEVV CRAS C910G M.2 NVMe,1TB,287980,25몰,288원/1GB
98242532,ESSENCORE KLEVV CRAS C910G M.2 NVMe,2TB,498900,7몰,249원/1GB
98242550,ESSENCORE KLEVV CRAS C910G M.2 NVMe,4TB,945790,70몰,236원/1GB
98768141,Western Digital WD Blue SN5100 M.2 NVMe 해외구매,4TB,854680,3몰,214원/1GB
98777888,BIWIN M100,1TB,219480,104몰,219원/1GB
98777909,BIWIN M100,2TB,450240,5몰,225원/1GB
98782121,삼성전자 PM9A1 M.2 NVMe 중고,1TB,287000,30몰,287원/1GB
99125576,키오시아 EXCERIA 히트싱크 M.2 NVMe,4TB,930000,1몰,233원/1GB
99290219,마이크론 Crucial MX500 중고,2TB,299000,22몰,150원/1GB
99290324,마이크론 Crucial MX500 중고,1TB,267230,15몰,267원/1GB
99476564,트랜센드 MTE240S M.2 NVMe,2TB,954980,25몰,477원/1GB
99481721,Fanxiang S101,128GB,36920,44몰,288원/1GB
99481724,Fanxiang S101,256GB,64900,40몰,254원/1GB
99637886,트랜센드 MTE260S M.2 NVMe,4TB,2639980,39몰,660원/1GB
99746318,Western Digital WD Blue SN5100 M.2 NVMe,4TB,913710,86몰,228원/1GB
99943991,BIWIN M350 M.2 NVMe,2TB,385950,101몰,193원/1GB
99944000,BIWIN M350 M.2 NVMe,1TB,255000,8몰,255원/1GB
99944090,BIWIN NV7200 M.2 NVMe 해외구매,1TB,363360,3몰,363원/1GB
100270535,BIWIN NV7200 M.2 NVMe,1TB,246450,97몰,246원/1GB
100270616,BIWIN NV7200 M.2 NVMe,2TB,451050,71몰,226원/1GB
100270739,BIWIN Black Opal NV3500 M.2 NVMe,512GB,129000,109몰,252원/1GB
100270760,BIWIN Black Opal NV3500 M.2 NVMe,1TB,223200,113몰,223원/1GB
100270775,BIWIN Black Opal NV3500 M.2 NVMe,2TB,404550,73몰,202원/1GB
100326203,SK하이닉스 Gold P31 M.2 NVMe 중고,500GB,183990,9몰,368원/1GB
100328783,Apacer AS2280Q4X M.2 NVMe,512GB,165000,74몰,322원/1GB
100328819,Apacer AS2280Q4X M.2 NVMe,1TB,259000,81몰,259원/1GB
100328870,Apacer AS2280Q4X M.2 NVMe,2TB,439000,10몰,220원/1GB
100329014,Apacer AS2280P4X M.2 NVMe,512GB,156000,79몰,305원/1GB
100329047,Apacer AS2280P4X M.2 NVMe,1TB,242000,79몰,242원/1GB
100329206,Apacer AST280X M.2 SATA,512GB,127000,69몰,248원/1GB
100382744,Apacer AS350X,256GB,77000,65몰,301원/1GB
100382771,Apacer AS350X,512GB,129000,76몰,252원/1GB
100382792,Apacer AS350X,1TB,225000,71몰,225원/1GB
100618058,Western Digital WD BLACK SN8100 M.2 NVMe,8TB,3327800,58몰,416원/1GB
100619522,SilverStone SST-ECM40,,144000,5몰,
100691306,삼성전자 PM9A1 M.2 NVMe 중고,512GB,173880,55몰,340원/1GB
100697684,마이크론 Crucial MX500 중고,250GB,49870,16몰,199원/1GB
100844144,마이크론 2500 M.2 NVMe 벌크,512GB,154530,53몰,302원/1GB
101016107,ADATA LEGEND 960 M.2 NVMe 파인인포,2TB,614990,64몰,307원/1GB
101016125,ADATA LEGEND 960 M.2 NVMe 파인인포,1TB,355000,23몰,355원/1GB
101186015,Western Digital WD Green SN3000 M.2 NVMe,1TB,256990,85몰,257원/1GB
101186033,Western Digital WD Green SN3000 M.2 NVMe,2TB,398000,33몰,199원/1GB
101545757,키오시아 EXCERIA BASIC M.2 NVMe,2TB,409000,153몰,205원/1GB
101545817,키오시아 EXCERIA BASIC M.2 NVMe,1TB,298000,169몰,298원/1GB
102001181,삼성전자 980 PRO M.2 NVMe 중고,2TB,390000,14몰,195원/1GB
102005414,GIGABYTE Gen3 M.2 NVMe 제이씨현,512GB,139900,68몰,273원/1GB
102123836,마이크론 2500 M.2 NVMe 벌크,1TB,297590,4몰,291원/1GB
102411863,화웨이 eKitStor Xtreme 201 M.2 NVMe,1TB,298980,97몰,299원/1GB
102411866,화웨이 eKitStor Xtreme 201 M.2 NVMe,2TB,504980,91몰,252원/1GB
102552779,ADATA Ultimate SU650 파인인포,2TB,297920,1몰,149원/1GB
102552866,ADATA Ultimate SU650 파인인포,1TB,238980,58몰,239원/1GB
102552920,ADATA Ultimate SU650 파인인포,512GB,124980,67몰,244원/1GB
102552941,ADATA Ultimate SU650 파인인포,256GB,78980,67몰,309원/1GB
102552977,ADATA XPG SX8200 Pro M.2 NVMe 파인인포,512GB,193790,11몰,378원/1GB
102760391,삼성전자 PM9A1 M.2 NVMe 중고,256GB,79000,62몰,309원/1GB
102760397,삼성전자 970 EVO Plus M.2 NVMe 중고,500GB,131000,10몰,262원/1GB
102760400,삼성전자 970 EVO Plus M.2 NVMe 중고,250GB,80000,8몰,320원/1GB
102760403,삼성전자 970 EVO Plus M.2 NVMe 중고,1TB,256000,19몰,256원/1GB
102760415,Seagate 파이어쿠다 530 M.2 NVMe 중고,2TB,330000,3몰,165원/1GB
102881504,삼성전자 860 EVO 중고,2TB,276000,1몰,138원/1GB
103128803,GUDGA GXF M.2 NVMe,512GB,169000,7몰,330원/1GB
103130261,ESSENCORE KLEVV NEO N410+,512GB,148950,58몰,291원/1GB
103130264,ESSENCORE KLEVV NEO N410+,256GB,85530,54몰,334원/1GB
103186610,삼성전자 PM981 M.2 NVMe 중고,1TB,257000,2몰,129원/1GB
103449614,삼성전자 PM9E1 M.2 NVMe 벌크,512GB,259000,23몰,506원/1GB
103450037,삼성전자 PM9E1 M.2 NVMe 벌크,1TB,430000,3몰,420원/1GB
103453793,삼성전자 850 EVO Series 중고,2TB,277000,1몰,139원/1GB
103600319,삼성전자 9100 PRO M.2 NVMe 병행수입,1TB,407500,59몰,408원/1GB
103691108,마이크론 Crucial MX500 중고,500GB,93780,20몰,188원/1GB
103692554,타무즈 M740Q M.2 NVMe 벌크,1TB,230480,55몰,230원/1GB
103692572,타무즈 M740Q M.2 NVMe 벌크,512GB,127510,49몰,249원/1GB
103692578,타무즈 M740Q M.2 NVMe 벌크,256GB,90540,52몰,354원/1GB
103810973,컴이지 KINGDOM New PM M.2 NVMe 벌크,1TB,226990,83몰,227원/1GB
103810994,컴이지 KINGDOM New PM M.2 NVMe 벌크,512GB,131200,101몰,256원/1GB
103810997,컴이지 KINGDOM New PM M.2 NVMe 벌크,256GB,75870,97몰,296원/1GB
104228876,키오시아 EXCERIA PRO G2 M.2 NVMe,2TB,919770,137몰,449원/1GB
104228879,키오시아 EXCERIA PRO G2 M.2 NVMe,1TB,510570,128몰,499원/1GB
104228882,키오시아 EXCERIA PRO G2 M.2 NVMe,4TB,1664700,119몰,406원/1GB
104228885,키오시아 EXCERIA G3 M.2 NVMe,2TB,547770,136몰,274원/1GB
104228888,키오시아 EXCERIA G3 M.2 NVMe,1TB,361770,146몰,362원/1GB
104325023,TeamGroup MP33 M.2 NVMe 서린,1TB,259000,69몰,259원/1GB
104325029,TeamGroup MP33 M.2 NVMe 서린,512GB,160000,68몰,313원/1GB
104988464,삼성전자 9100 PRO M.2 NVMe 병행수입,8TB,3720000,11몰,465원/1GB
105180698,SK하이닉스 Gold P31 M.2 NVMe 중고,2TB,575000,3몰,288원/1GB
106223264,PATRIOT VIPER VP4300 M.2 NVMe,2TB,591480,71몰,296원/1GB
106223282,PATRIOT VIPER VP4300 M.2 NVMe,1TB,371980,72몰,372원/1GB
106686926,CORSAIR MP700 ELITE M.2 NVMe,1TB,359870,56몰,360원/1GB
106712972,삼성전자 BM9C1 M.2 NVMe 벌크,1TB,259070,51몰,259원/1GB
106721405,Western Digital WD SN5000S M.2 NVMe 벌크,1TB,293990,11몰,287원/1GB
106721537,PATRIOT P410 M.2 NVMe,2TB,504980,46몰,252원/1GB
106721555,PATRIOT P410 M.2 NVMe,1TB,287980,51몰,288원/1GB
106721561,PATRIOT P410 M.2 NVMe,500GB,170980,73몰,342원/1GB
106726385,GIGABYTE AORUS Gen4 7000E M.2 NVMe 제이씨현,1TB,294690,66몰,295원/1GB
106736903,삼성전자 870 EVO,8TB,4502430,128몰,563원/1GB
106749746,에이서 프레데터 GM9000 M.2 NVMe,2TB,614740,6몰,307원/1GB
106749752,에이서 프레데터 GM9000 M.2 NVMe,1TB,363030,6몰,363원/1GB
106758431,마이크론 Crucial MX500 중고,4TB,595000,3몰,149원/1GB
107770565,삼성전자 PM9C1b M.2 NVMe 벌크,1TB,273140,69몰,267원/1GB
107989058,ADATA XPG MARS 970 Plus M.2 NVMe,2TB,594980,62몰,297원/1GB
107989082,ADATA XPG MARS 970 Plus M.2 NVMe,1TB,324980,60몰,325원/1GB
108354521,ADATA XPG GAMMIX S70 BLADE M.2 NVMe 파인인포,2TB,544950,56몰,272원/1GB
108354569,ADATA XPG GAMMIX S70 BLADE M.2 NVMe 파인인포,512GB,217900,64몰,426원/1GB
108354608,ADATA XPG GAMMIX S70 BLADE M.2 NVMe 파인인포,1TB,350000,2몰,350원/1GB
108392246,Seagate 파이어쿠다 X1070 M.2 NVMe,4TB,1766060,88몰,442원/1GB
108392261,Seagate 파이어쿠다 X1070 M.2 NVMe,2TB,878840,88몰,439원/1GB
108392288,Seagate 파이어쿠다 X1070 M.2 NVMe,1TB,299000,89몰,299원/1GB
108408740,GIGABYTE Gen3 M.2 NVMe 피씨디렉트,512GB,134000,4몰,262원/1GB
122616252,GIGABYTE Gen4 4000E M.2 NVMe 피씨디렉트,1TB,269980,57몰,270원/1GB
122659095,Fanxiang S101,512GB,112300,39몰,219원/1GB
122659116,Fanxiang S101,1TB,187760,34몰,188원/1GB
122663099,삼성전자 980 PRO M.2 NVMe 중고,500GB,162490,13몰,325원/1GB
122667809,Sandisk Optimus GX PRO 850X M.2 NVMe,8TB,3282340,92몰,410원/1GB
122667889,Sandisk Optimus GX PRO 850X M.2 NVMe,4TB,1658250,91몰,415원/1GB
122667976,Sandisk Optimus GX PRO 850X M.2 NVMe,2TB,879580,93몰,440원/1GB
122667989,Sandisk Optimus GX PRO 850X M.2 NVMe,1TB,442990,92몰,443원/1GB
122668134,Sandisk Optimus GX PRO 850X 히트싱크 M.2 NVMe,8TB,3416920,86몰,427원/1GB
122668158,Sandisk Optimus GX PRO 850X 히트싱크 M.2 NVMe,4TB,1707960,86몰,427원/1GB
122668191,Sandisk Optimus GX PRO 850X 히트싱크 M.2 NVMe,2TB,915680,86몰,458원/1GB
122668205,Sandisk Optimus GX PRO 850X 히트싱크 M.2 NVMe,1TB,483320,85몰,483원/1GB
122668290,Sandisk Optimus GX PRO 8100 M.2 NVMe,8TB,3628440,93몰,454원/1GB
122668313,Sandisk Optimus GX PRO 8100 M.2 NVMe,4TB,1709990,93몰,427원/1GB
122668350,Sandisk Optimus GX PRO 8100 M.2 NVMe,2TB,930240,93몰,465원/1GB
122668549,Sandisk Optimus GX PRO 8100 M.2 NVMe,1TB,498990,96몰,499원/1GB
122668847,Sandisk Optimus GX PRO 8100 히트싱크 M.2 NVMe,8TB,3659930,85몰,457원/1GB
122668913,Sandisk Optimus GX PRO 8100 히트싱크 M.2 NVMe,4TB,1786530,86몰,447원/1GB
122669256,Sandisk Optimus GX PRO 8100 히트싱크 M.2 NVMe,2TB,974270,85몰,487원/1GB
122669264,Sandisk Optimus GX PRO 8100 히트싱크 M.2 NVMe,1TB,542520,84몰,543원/1GB
122669472,Sandisk Optimus GX 7100 M.2 NVMe,4TB,1548500,115몰,387원/1GB
122669499,Sandisk Optimus GX 7100 M.2 NVMe,2TB,797400,115몰,399원/1GB
122669509,Sandisk Optimus GX 7100 M.2 NVMe,1TB,412580,121몰,413원/1GB
122669528,Sandisk Optimus GX 7100 M.2 NVMe,500GB,206990,117몰,414원/1GB
122669603,Sandisk Optimus GX 7100M M.2 2230 NVMe,2TB,815540,37몰,408원/1GB
122669695,Sandisk Optimus 5100 M.2 NVMe,2TB,622990,118몰,311원/1GB
122669740,Sandisk Optimus 5100 M.2 NVMe,1TB,333990,121몰,334원/1GB
122669752,Sandisk Optimus 5100 M.2 NVMe,500GB,176560,110몰,353원/1GB
122669782,Sandisk Optimus 5100 M.2 NVMe,4TB,1083980,116몰,271원/1GB
122679334,AGI AI238,1TB,225000,62몰,225원/1GB
122679355,AGI AI238,512GB,129000,62몰,252원/1GB
122679370,AGI AI238,256GB,70000,62몰,273원/1GB
122680508,AGI AI858 M.2 NVMe,1TB,389000,60몰,389원/1GB
122682624,TeamGroup T-Force GA PRO for DARK AirFlow M.2 NVMe,1TB,399000,65몰,399원/1GB
122684865,AGI AI298 M.2 NVMe 서린,1TB,235000,60몰,235원/1GB
122684878,AGI AI298 M.2 NVMe 서린,512GB,140000,57몰,273원/1GB
122684963,AGI AI828 M.2 NVMe,1TB,339000,62몰,339원/1GB
122687457,YMTC ZHITAI TiPlus7100s M.2 NVMe,4TB,998980,114몰,250원/1GB
122687473,YMTC ZHITAI TiPlus7100s M.2 NVMe,2TB,518980,113몰,259원/1GB
122687478,YMTC ZHITAI TiPlus7100s M.2 NVMe,1TB,288980,123몰,289원/1GB
122687578,YMTC ZHITAI TiPlus9100 M.2 NVMe,4TB,1098980,107몰,275원/1GB
122687585,YMTC ZHITAI TiPlus9100 M.2 NVMe,2TB,528980,110몰,264원/1GB
122687590,YMTC ZHITAI TiPlus9100 M.2 NVMe,1TB,318980,114몰,319원/1GB
122687608,YMTC ZHITAI TiPro9000 M.2 NVMe,4TB,1228980,111몰,307원/1GB
122687622,YMTC ZHITAI TiPro9000 M.2 NVMe,2TB,648980,111몰,324원/1GB
122687631,YMTC ZHITAI TiPro9000 M.2 NVMe,1TB,388980,112몰,389원/1GB
122690628,삼성전자 PM981 M.2 NVMe 중고,512GB,123990,10몰,242원/1GB
122691130,Longsys FORESEE XP2300F M.2 NVMe 벌크,256GB,63910,36몰,250원/1GB
122691410,삼성전자 PM981 M.2 NVMe 중고,256GB,64060,33몰,250원/1GB
122692996,삼성전자 870 EVO 병행수입,8TB,3494690,29몰,437원/1GB
122699039,삼성전자 PM9A1 M.2 NVMe 중고,2TB,568000,8몰,284원/1GB
122700957,한창코퍼레이션 Cloud SSD,2TB,350000,18몰,175원/1GB
122710177,BIWIN M560 M.2 NVMe,2TB,576500,56몰,288원/1GB
122710192,BIWIN M560 M.2 NVMe,1TB,288200,55몰,288원/1GB
122711229,Apacer AS2280F4L M.2 NVMe,1TB,379000,54몰,379원/1GB
122719763,키오시아 EXCERIA G3 M.2 NVMe,4TB,1632210,42몰,408원/1GB
123437642,타무즈 RXK550 벌크,64GB,34240,38몰,535원/1GB
123606360,삼성전자 990 M.2 NVMe,1TB,305950,107몰,306원/1GB
123606381,삼성전자 990 M.2 NVMe,2TB,675770,87몰,338원/1GB
123683237,AGI AI828 M.2 NVMe,512GB,175000,24몰,342원/1GB
123721509,PNY CS1031 Gen3 M.2 NVMe 제이씨현,1TB,229880,58몰,230원/1GB
123742468,마이크론 1300 SSD 중고,1TB,144000,2몰,144원/1GB
123764697,AGI AI818 M.2 NVMe 서린,1TB,259000,43몰,259원/1GB
123802280,MSI SPATIUM M452 M.2 NVMe,500GB,162340,58몰,325원/1GB
124021301,삼성전자 970 EVO M.2 NVMe 중고,1TB,249000,1몰,249원/1GB
124033753,BIWIN Black Opal NV7400 M.2 NVMe,512GB,159980,34몰,312원/1GB
124076572,타무즈 M740Q M.2 NVMe 벌크,128GB,57010,45몰,445원/1GB
124129696,GIGABYTE Gen3 V2 M.2 NVMe 제이씨현,256GB,79990,22몰,312원/1GB
124181381,PNY CS1031 Gen3 M.2 NVMe STCOM,1TB,가격비교예정,0몰,
124182410,Fanxiang S501 M.2 NVMe,1TB,203500,12몰,204원/1GB
